image_path,image_id,sequence,frame_id,viewer,human_name,bbox_x1,bbox_y1,bbox_x2,bbox_y2,depth_m,distance_m,distance_class_3,depth_source,scene_type,recording,worker_key,data_source
C:\Users\jiahu\OneDrive\Documents\human_detect\work-zone-safety-rgbd-dataset\images\Garage1_000036.png,Garage1_000036,Garage1,36,rgb,Garage1_000036#1,357.853760,404.487213,487.248688,719.612427,3.447266,3.447266,3-6,conf2,indoor_garage,Garage1,Garage1_000036#1,workzone_wave1
C:\Users\jiahu\OneDrive\Documents\human_detect\work-zone-safety-rgbd-dataset\images\Garage1_000060.png,Garage1_000060,Garage1,60,rgb,Garage1_000060#1,336.193817,401.155060,441.536407,718.250488,3.806641,3.806641,3-6,conf2,indoor_garage,Garage1,Garage1_000060#1,workzone_wave1
C:\Users\jiahu\OneDrive\Documents\human_detect\work-zone-safety-rgbd-dataset\images\Garage1_000108.png,Garage1_000108,Garage1,108,rgb,Garage1_000108#1,269.335327,405.609131,374.014160,678.372131,4.574219,4.574219,3-6,conf2,indoor_garage,Garage1,Garage1_000108#1,workzone_wave1
C:\Users\jiahu\OneDrive\Documents\human_detect\work-zone-safety-rgbd-dataset\images\Garage1_000132.png,Garage1_000132,Garage1,132,rgb,Garage1_000132#1,233.615387,404.873840,314.444916,658.944946,4.839844,4.839844,3-6,conf2,indoor_garage,Garage1,Garage1_000132#1,workzone_wave1
C:\Users\jiahu\OneDrive\Documents\human_detect\work-zone-safety-rgbd-dataset\images\Garage1_000588.png,Garage1_000588,Garage1,588,rgb,Garage1_000588#1,700.881592,414.390808,763.354126,588.983582,6.722656,6.722656,>6,conf2,indoor_garage,Garage1,Garage1_000588#1,workzone_wave1
C:\Users\jiahu\OneDrive\Documents\human_detect\work-zone-safety-rgbd-dataset\images\Garage1_000612.png,Garage1_000612,Garage1,612,rgb,Garage1_000612#1,644.026245,408.587555,718.335754,586.699341,7.039062,7.039062,>6,conf2,indoor_garage,Garage1,Garage1_000612#1,workzone_wave1
C:\Users\jiahu\OneDrive\Documents\human_detect\work-zone-safety-rgbd-dataset\images\Garage1_000804.png,Garage1_000804,Garage1,804,rgb,Garage1_000804#1,428.280701,405.547485,463.685364,546.510132,8.656250,8.656250,>6,conf1,indoor_garage,Garage1,Garage1_000804#1,workzone_wave1
C:\Users\jiahu\OneDrive\Documents\human_detect\work-zone-safety-rgbd-dataset\images\Garage1_001008.png,Garage1_001008,Garage1,1008,rgb,Garage1_001008#1,323.295471,408.933929,403.479187,645.791626,5.195312,5.195312,3-6,conf2,indoor_garage,Garage1,Garage1_001008#1,workzone_wave1
C:\Users\jiahu\OneDrive\Documents\human_detect\work-zone-safety-rgbd-dataset\images\Garage1_001056.png,Garage1_001056,Garage1,1056,rgb,Garage1_001056#1,237.971649,405.059265,362.818542,686.654297,4.480469,4.480469,3-6,conf2,indoor_garage,Garage1,Garage1_001056#1,workzone_wave1
C:\Users\jiahu\OneDrive\Documents\human_detect\work-zone-safety-rgbd-dataset\images\Garage1_001380.png,Garage1_001380,Garage1,1380,rgb,Garage1_001380#1,341.329590,406.690613,489.062134,692.110291,4.250000,4.250000,3-6,conf2,indoor_garage,Garage1,Garage1_001380#1,workzone_wave1
C:\Users\jiahu\OneDrive\Documents\human_detect\work-zone-safety-rgbd-dataset\images\Garage1_001428.png,Garage1_001428,Garage1,1428,rgb,Garage1_001428#1,521.324219,405.133392,591.150269,688.783936,4.312500,4.312500,3-6,conf2,indoor_garage,Garage1,Garage1_001428#1,workzone_wave1
C:\Users\jiahu\OneDrive\Documents\human_detect\work-zone-safety-rgbd-dataset\images\Garage1_001728.png,Garage1_001728,Garage1,1728,rgb,Garage1_001728#1,634.700562,403.564514,741.822998,707.288696,4.125000,4.125000,3-6,conf1,indoor_garage,Garage1,Garage1_001728#1,workzone_wave1
C:\Users\jiahu\OneDrive\Documents\human_detect\work-zone-safety-rgbd-dataset\images\Garage1_001728.png,Garage1_001728,Garage1,1728,rgb,Garage1_001728#2,321.087463,414.207825,387.746796,608.451599,5.878906,5.878906,3-6,conf2,indoor_garage,Garage1,Garage1_001728#2,workzone_wave1
C:\Users\jiahu\OneDrive\Documents\human_detect\work-zone-safety-rgbd-dataset\images\Garage1_001800.png,Garage1_001800,Garage1,1800,rgb,Garage1_001800#1,574.820312,409.168488,652.031006,698.808960,4.257812,4.257812,3-6,conf2,indoor_garage,Garage1,Garage1_001800#1,workzone_wave1
C:\Users\jiahu\OneDrive\Documents\human_detect\work-zone-safety-rgbd-dataset\images\Garage1_001800.png,Garage1_001800,Garage1,1800,rgb,Garage1_001800#2,465.462158,424.379944,531.990784,574.458313,7.160156,7.160156,>6,conf2,indoor_garage,Garage1,Garage1_001800#2,workzone_wave1
C:\Users\jiahu\OneDrive\Documents\human_detect\work-zone-safety-rgbd-dataset\images\Garage1_001848.png,Garage1_001848,Garage1,1848,rgb,Garage1_001848#1,573.952759,407.516174,660.550659,700.177124,4.296875,4.296875,3-6,conf2,indoor_garage,Garage1,Garage1_001848#1,workzone_wave1
C:\Users\jiahu\OneDrive\Documents\human_detect\work-zone-safety-rgbd-dataset\images\Garage1_001848.png,Garage1_001848,Garage1,1848,rgb,Garage1_001848#2,543.959045,412.958344,574.126526,552.324097,,,>6,none,indoor_garage,Garage1,Garage1_001848#2,workzone_wave1
C:\Users\jiahu\OneDrive\Documents\human_detect\work-zone-safety-rgbd-dataset\images\Garage1_001872.png,Garage1_001872,Garage1,1872,rgb,Garage1_001872#1,565.576477,405.879883,655.365479,677.092224,4.480469,4.480469,3-6,conf2,indoor_garage,Garage1,Garage1_001872#1,workzone_wave1
C:\Users\jiahu\OneDrive\Documents\human_detect\work-zone-safety-rgbd-dataset\images\Garage1_001896.png,Garage1_001896,Garage1,1896,rgb,Garage1_001896#1,577.556274,405.235016,666.727051,668.189087,4.687500,4.687500,3-6,conf2,indoor_garage,Garage1,Garage1_001896#1,workzone_wave1
C:\Users\jiahu\OneDrive\Documents\human_detect\work-zone-safety-rgbd-dataset\images\Garage1_002376.png,Garage1_002376,Garage1,2376,rgb,Garage1_002376#1,493.400757,410.905701,533.806824,564.040283,7.816406,7.816406,>6,conf2,indoor_garage,Garage1,Garage1_002376#1,workzone_wave1
C:\Users\jiahu\OneDrive\Documents\human_detect\work-zone-safety-rgbd-dataset\images\Garage1_002532.png,Garage1_002532,Garage1,2532,rgb,Garage1_002532#1,379.019257,411.142548,433.652435,595.249023,6.343750,6.343750,>6,conf2,indoor_garage,Garage1,Garage1_002532#1,workzone_wave1
C:\Users\jiahu\OneDrive\Documents\human_detect\work-zone-safety-rgbd-dataset\images\Garage1_002532.png,Garage1_002532,Garage1,2532,rgb,Garage1_002532#2,565.463257,406.593323,579.460938,447.660217,,,>6,none,indoor_garage,Garage1,Garage1_002532#2,workzone_wave1
C:\Users\jiahu\OneDrive\Documents\human_detect\work-zone-safety-rgbd-dataset\images\Garage1_002616.png,Garage1_002616,Garage1,2616,rgb,Garage1_002616#1,442.629181,410.961426,493.464752,565.123230,7.828125,7.828125,>6,conf1,indoor_garage,Garage1,Garage1_002616#1,workzone_wave1
C:\Users\jiahu\OneDrive\Documents\human_detect\work-zone-safety-rgbd-dataset\images\Garage1_002616.png,Garage1_002616,Garage1,2616,rgb,Garage1_002616#2,555.043396,409.125092,570.847595,449.774506,18.328125,18.328125,>6,conf1,indoor_garage,Garage1,Garage1_002616#2,workzone_wave1
C:\Users\jiahu\OneDrive\Documents\human_detect\work-zone-safety-rgbd-dataset\images\Garage1_002652.png,Garage1_002652,Garage1,2652,rgb,Garage1_002652#1,439.227264,409.601624,485.830261,549.006470,8.601562,8.601562,>6,conf1,indoor_garage,Garage1,Garage1_002652#1,workzone_wave1
C:\Users\jiahu\OneDrive\Documents\human_detect\work-zone-safety-rgbd-dataset\images\Garage1_002652.png,Garage1_002652,Garage1,2652,rgb,Garage1_002652#2,551.751221,408.816010,566.942078,451.231842,18.539062,18.539062,>6,conf1,indoor_garage,Garage1,Garage1_002652#2,workzone_wave1
C:\Users\jiahu\OneDrive\Documents\human_detect\work-zone-safety-rgbd-dataset\images\Garage1_002676.png,Garage1_002676,Garage1,2676,rgb,Garage1_002676#1,437.337341,409.276611,480.145294,541.162842,9.000000,9.000000,>6,conf2,indoor_garage,Garage1,Garage1_002676#1,workzone_wave1
C:\Users\jiahu\OneDrive\Documents\human_detect\work-zone-safety-rgbd-dataset\images\Garage1_002676.png,Garage1_002676,Garage1,2676,rgb,Garage1_002676#2,548.770508,406.610046,564.637329,451.832520,18.421875,18.421875,>6,conf1,indoor_garage,Garage1,Garage1_002676#2,workzone_wave1
C:\Users\jiahu\OneDrive\Documents\human_detect\work-zone-safety-rgbd-dataset\images\Garage1_002856.png,Garage1_002856,Garage1,2856,rgb,Garage1_002856#1,563.279114,409.504211,600.868286,523.917664,,,>6,none,indoor_garage,Garage1,Garage1_002856#1,workzone_wave1
C:\Users\jiahu\OneDrive\Documents\human_detect\work-zone-safety-rgbd-dataset\images\Garage1_002856.png,Garage1_002856,Garage1,2856,rgb,Garage1_002856#2,516.202168,403.594951,536.255330,458.127421,,,>6,none,indoor_garage,Garage1,Garage1_002856#2,workzone_wave1
C:\Users\jiahu\OneDrive\Documents\human_detect\work-zone-safety-rgbd-dataset\images\Garage1_002988.png,Garage1_002988,Garage1,2988,rgb,Garage1_002988#1,557.676636,408.194458,609.904175,567.477539,7.832031,7.832031,>6,conf2,indoor_garage,Garage1,Garage1_002988#1,workzone_wave1
C:\Users\jiahu\OneDrive\Documents\human_detect\work-zone-safety-rgbd-dataset\images\Garage1_002988.png,Garage1_002988,Garage1,2988,rgb,Garage1_002988#2,504.042480,406.016418,526.785278,468.470215,,,>6,none,indoor_garage,Garage1,Garage1_002988#2,workzone_wave1
C:\Users\jiahu\OneDrive\Documents\human_detect\work-zone-safety-rgbd-dataset\images\Garage1_003012.png,Garage1_003012,Garage1,3012,rgb,Garage1_003012#1,540.389099,411.567261,596.049866,578.070007,7.328125,7.328125,>6,conf2,indoor_garage,Garage1,Garage1_003012#1,workzone_wave1
C:\Users\jiahu\OneDrive\Documents\human_detect\work-zone-safety-rgbd-dataset\images\Garage1_003012.png,Garage1_003012,Garage1,3012,rgb,Garage1_003012#2,505.196136,406.034363,526.525513,471.628052,,,>6,none,indoor_garage,Garage1,Garage1_003012#2,workzone_wave1
C:\Users\jiahu\OneDrive\Documents\human_detect\work-zone-safety-rgbd-dataset\images\Garage1_003048.png,Garage1_003048,Garage1,3048,rgb,Garage1_003048#1,510.852173,408.012817,569.940125,594.557556,6.619141,6.619141,>6,conf2,indoor_garage,Garage1,Garage1_003048#1,workzone_wave1
C:\Users\jiahu\OneDrive\Documents\human_detect\work-zone-safety-rgbd-dataset\images\Garage1_003048.png,Garage1_003048,Garage1,3048,rgb,Garage1_003048#2,504.810791,405.848602,525.746521,446.080811,,,>6,none,indoor_garage,Garage1,Garage1_003048#2,workzone_wave1
C:\Users\jiahu\OneDrive\Documents\human_detect\work-zone-safety-rgbd-dataset\images\Garage2_000060.png,Garage2_000060,Garage2,60,rgb,Garage2_000060#1,286.664001,387.779846,400.092468,719.264038,2.955078,2.955078,<3,conf2,indoor_garage,Garage2,Garage2_000060#1,workzone_wave1
C:\Users\jiahu\OneDrive\Documents\human_detect\work-zone-safety-rgbd-dataset\images\Garage2_000084.png,Garage2_000084,Garage2,84,rgb,Garage2_000084#1,355.699341,397.748108,481.197052,719.586182,3.277344,3.277344,3-6,conf2,indoor_garage,Garage2,Garage2_000084#1,workzone_wave1
C:\Users\jiahu\OneDrive\Documents\human_detect\work-zone-safety-rgbd-dataset\images\Garage2_000120.png,Garage2_000120,Garage2,120,rgb,Garage2_000120#1,479.908997,400.446991,610.769714,706.287720,3.937500,3.937500,3-6,conf2,indoor_garage,Garage2,Garage2_000120#1,workzone_wave1
C:\Users\jiahu\OneDrive\Documents\human_detect\work-zone-safety-rgbd-dataset\images\Garage2_000144.png,Garage2_000144,Garage2,144,rgb,Garage2_000144#1,537.893188,403.664154,662.238770,696.653137,4.250000,4.250000,3-6,conf2,indoor_garage,Garage2,Garage2_000144#1,workzone_wave1
C:\Users\jiahu\OneDrive\Documents\human_detect\work-zone-safety-rgbd-dataset\images\Garage2_000168.png,Garage2_000168,Garage2,168,rgb,Garage2_000168#1,579.962524,398.190399,718.824890,672.308533,4.613281,4.613281,3-6,conf2,indoor_garage,Garage2,Garage2_000168#1,workzone_wave1
C:\Users\jiahu\OneDrive\Documents\human_detect\work-zone-safety-rgbd-dataset\images\Garage2_000216.png,Garage2_000216,Garage2,216,rgb,Garage2_000216#1,696.328125,406.097717,779.691650,636.141724,5.253906,5.253906,3-6,conf2,indoor_garage,Garage2,Garage2_000216#1,workzone_wave1
C:\Users\jiahu\OneDrive\Documents\human_detect\work-zone-safety-rgbd-dataset\images\Garage2_000648.png,Garage2_000648,Garage2,648,rgb,Garage2_000648#1,395.516418,408.379120,455.833374,544.306030,13.695312,13.695312,>6,conf1,indoor_garage,Garage2,Garage2_000648#1,workzone_wave1
C:\Users\jiahu\OneDrive\Documents\human_detect\work-zone-safety-rgbd-dataset\images\Garage2_000912.png,Garage2_000912,Garage2,912,rgb,Garage2_000912#1,416.602020,405.860413,487.170685,556.971863,13.468750,13.468750,>6,conf1,indoor_garage,Garage2,Garage2_000912#1,workzone_wave1
C:\Users\jiahu\OneDrive\Documents\human_detect\work-zone-safety-rgbd-dataset\images\Garage2_001080.png,Garage2_001080,Garage2,1080,rgb,Garage2_001080#1,688.210876,405.098694,799.967468,648.942444,5.242188,5.242188,3-6,conf2,indoor_garage,Garage2,Garage2_001080#1,workzone_wave1
C:\Users\jiahu\OneDrive\Documents\human_detect\work-zone-safety-rgbd-dataset\images\Garage2_001308.png,Garage2_001308,Garage2,1308,rgb,Garage2_001308#1,766.079346,415.924408,852.276917,677.113525,,,3-6,none,indoor_garage,Garage2,Garage2_001308#1,workzone_wave1
C:\Users\jiahu\OneDrive\Documents\human_detect\work-zone-safety-rgbd-dataset\images\Garage2_001356.png,Garage2_001356,Garage2,1356,rgb,Garage2_001356#1,660.834595,395.552216,782.575928,719.700317,3.773438,3.773438,3-6,conf2,indoor_garage,Garage2,Garage2_001356#1,workzone_wave1
C:\Users\jiahu\OneDrive\Documents\human_detect\work-zone-safety-rgbd-dataset\images\Garage2_001380.png,Garage2_001380,Garage2,1380,rgb,Garage2_001380#1,581.462769,396.230072,761.626831,719.592590,3.341797,3.341797,3-6,conf2,indoor_garage,Garage2,Garage2_001380#1,workzone_wave1
C:\Users\jiahu\OneDrive\Documents\human_detect\work-zone-safety-rgbd-dataset\images\Garage2_001404.png,Garage2_001404,Garage2,1404,rgb,Garage2_001404#1,540.289490,394.630829,671.124756,719.540161,2.982422,2.982422,<3,conf2,indoor_garage,Garage2,Garage2_001404#1,workzone_wave1
C:\Users\jiahu\OneDrive\Documents\human_detect\work-zone-safety-rgbd-dataset\images\Garage2_001428.png,Garage2_001428,Garage2,1428,rgb,Garage2_001428#1,378.669678,384.094025,604.044495,719.413940,2.640625,2.640625,<3,conf2,indoor_garage,Garage2,Garage2_001428#1,workzone_wave1
C:\Users\jiahu\OneDrive\Documents\human_detect\work-zone-safety-rgbd-dataset\images\Garage2_001476.png,Garage2_001476,Garage2,1476,rgb,Garage2_001476#1,31.374825,385.631104,246.639542,719.641235,2.925781,2.925781,<3,conf2,indoor_garage,Garage2,Garage2_001476#1,workzone_wave1
C:\Users\jiahu\OneDrive\Documents\human_detect\work-zone-safety-rgbd-dataset\images\Garage2_001728.png,Garage2_001728,Garage2,1728,rgb,Garage2_001728#1,453.932465,399.639648,531.239319,614.757874,6.023438,6.023438,>6,conf2,indoor_garage,Garage2,Garage2_001728#1,workzone_wave1
C:\Users\jiahu\OneDrive\Documents\human_detect\work-zone-safety-rgbd-dataset\images\Garage2_001824.png,Garage2_001824,Garage2,1824,rgb,Garage2_001824#1,751.126526,410.335785,785.929810,540.669800,,,>6,none,indoor_garage,Garage2,Garage2_001824#1,workzone_wave1
C:\Users\jiahu\OneDrive\Documents\human_detect\work-zone-safety-rgbd-dataset\images\Garage2_003000.png,Garage2_003000,Garage2,3000,rgb,Garage2_003000#1,545.002441,405.108948,595.018982,562.989868,7.832031,7.832031,>6,conf2,indoor_garage,Garage2,Garage2_003000#1,workzone_wave1
C:\Users\jiahu\OneDrive\Documents\human_detect\work-zone-safety-rgbd-dataset\images\Garage2_003060.png,Garage2_003060,Garage2,3060,rgb,Garage2_003060#1,618.810974,407.649261,682.795349,597.779907,6.472656,6.472656,>6,conf1,indoor_garage,Garage2,Garage2_003060#1,workzone_wave1
C:\Users\jiahu\OneDrive\Documents\human_detect\work-zone-safety-rgbd-dataset\images\Garage2_003408.png,Garage2_003408,Garage2,3408,rgb,Garage2_003408#1,835.500244,404.353882,894.923950,541.865906,,,3-6,none,indoor_garage,Garage2,Garage2_003408#1,workzone_wave1
C:\Users\jiahu\OneDrive\Documents\human_detect\work-zone-safety-rgbd-dataset\images\Garage2_003600.png,Garage2_003600,Garage2,3600,rgb,Garage2_003600#1,258.434052,402.637024,381.415527,648.272278,5.050781,5.050781,3-6,conf2,indoor_garage,Garage2,Garage2_003600#1,workzone_wave1
C:\Users\jiahu\OneDrive\Documents\human_detect\work-zone-safety-rgbd-dataset\images\Garage2_003900.png,Garage2_003900,Garage2,3900,rgb,Garage2_003900#1,476.016724,383.506897,663.294983,719.372559,2.378906,2.378906,<3,conf2,indoor_garage,Garage2,Garage2_003900#1,workzone_wave1
C:\Users\jiahu\OneDrive\Documents\human_detect\work-zone-safety-rgbd-dataset\images\Garage2_003924.png,Garage2_003924,Garage2,3924,rgb,Garage2_003924#1,528.471069,383.471283,746.834595,719.351196,1.951172,1.951172,<3,conf2,indoor_garage,Garage2,Garage2_003924#1,workzone_wave1
C:\Users\jiahu\OneDrive\Documents\human_detect\work-zone-safety-rgbd-dataset\images\Garage2_003972.png,Garage2_003972,Garage2,3972,rgb,Garage2_003972#1,788.318542,343.884003,959.336426,719.030273,1.124023,1.124023,<3,conf2,indoor_garage,Garage2,Garage2_003972#1,workzone_wave1
C:\Users\jiahu\OneDrive\Documents\human_detect\work-zone-safety-rgbd-dataset\images\Garage3_000060.png,Garage3_000060,Garage3,60,rgb,Garage3_000060#1,4.175709,370.251343,162.607880,719.394775,1.889648,1.889648,<3,conf1,indoor_garage,Garage3,Garage3_000060#1,workzone_wave1
C:\Users\jiahu\OneDrive\Documents\human_detect\work-zone-safety-rgbd-dataset\images\Garage3_000060.png,Garage3_000060,Garage3,60,rgb,Garage3_000060#2,907.367676,369.847595,959.488770,719.895813,,,<3,none,indoor_garage,Garage3,Garage3_000060#2,workzone_wave1
C:\Users\jiahu\OneDrive\Documents\human_detect\work-zone-safety-rgbd-dataset\images\Garage3_000132.png,Garage3_000132,Garage3,132,rgb,Garage3_000132#1,214.425705,383.262878,408.678314,718.865417,2.582031,2.582031,<3,conf2,indoor_garage,Garage3,Garage3_000132#1,workzone_wave1
C:\Users\jiahu\OneDrive\Documents\human_detect\work-zone-safety-rgbd-dataset\images\Garage3_000132.png,Garage3_000132,Garage3,132,rgb,Garage3_000132#2,660.312927,393.267822,813.984192,719.583740,3.066406,3.066406,3-6,conf2,indoor_garage,Garage3,Garage3_000132#2,workzone_wave1
C:\Users\jiahu\OneDrive\Documents\human_detect\work-zone-safety-rgbd-dataset\images\Garage3_000156.png,Garage3_000156,Garage3,156,rgb,Garage3_000156#1,306.442017,384.445557,430.025024,719.282349,2.859375,2.859375,<3,conf2,indoor_garage,Garage3,Garage3_000156#1,workzone_wave1
C:\Users\jiahu\OneDrive\Documents\human_detect\work-zone-safety-rgbd-dataset\images\Garage3_000156.png,Garage3_000156,Garage3,156,rgb,Garage3_000156#2,647.354553,399.638580,764.526978,719.441040,3.597656,3.597656,3-6,conf2,indoor_garage,Garage3,Garage3_000156#2,workzone_wave1
C:\Users\jiahu\OneDrive\Documents\human_detect\work-zone-safety-rgbd-dataset\images\Garage3_000180.png,Garage3_000180,Garage3,180,rgb,Garage3_000180#1,363.960358,384.625244,490.433716,719.457703,3.128906,3.128906,3-6,conf2,indoor_garage,Garage3,Garage3_000180#1,workzone_wave1
C:\Users\jiahu\OneDrive\Documents\human_detect\work-zone-safety-rgbd-dataset\images\Garage3_000180.png,Garage3_000180,Garage3,180,rgb,Garage3_000180#2,624.227234,396.082031,745.144409,709.951355,4.136719,4.136719,3-6,conf2,indoor_garage,Garage3,Garage3_000180#2,workzone_wave1
C:\Users\jiahu\OneDrive\Documents\human_detect\work-zone-safety-rgbd-dataset\images\Garage3_000240.png,Garage3_000240,Garage3,240,rgb,Garage3_000240#1,471.505829,393.980896,590.860962,719.722412,3.902344,3.902344,3-6,conf2,indoor_garage,Garage3,Garage3_000240#1,workzone_wave1
C:\Users\jiahu\OneDrive\Documents\human_detect\work-zone-safety-rgbd-dataset\images\Garage3_000240.png,Garage3_000240,Garage3,240,rgb,Garage3_000240#2,659.256714,405.851807,762.884521,639.923035,5.328125,5.328125,3-6,conf1,indoor_garage,Garage3,Garage3_000240#2,workzone_wave1
C:\Users\jiahu\OneDrive\Documents\human_detect\work-zone-safety-rgbd-dataset\images\Garage3_000312.png,Garage3_000312,Garage3,312,rgb,Garage3_000312#1,548.837891,396.845764,638.522095,658.546326,4.941406,4.941406,3-6,conf2,indoor_garage,Garage3,Garage3_000312#1,workzone_wave1
C:\Users\jiahu\OneDrive\Documents\human_detect\work-zone-safety-rgbd-dataset\images\Garage3_000312.png,Garage3_000312,Garage3,312,rgb,Garage3_000312#2,859.333332,410.333328,914.333332,487.333328,,,3-6,none,indoor_garage,Garage3,Garage3_000312#2,workzone_wave1
C:\Users\jiahu\OneDrive\Documents\human_detect\work-zone-safety-rgbd-dataset\images\Garage3_000408.png,Garage3_000408,Garage3,408,rgb,Garage3_000408#1,519.593994,402.218079,589.184082,595.716064,6.648438,6.648438,>6,conf2,indoor_garage,Garage3,Garage3_000408#1,workzone_wave1
C:\Users\jiahu\OneDrive\Documents\human_detect\work-zone-safety-rgbd-dataset\images\Garage3_000852.png,Garage3_000852,Garage3,852,rgb,Garage3_000852#1,599.309082,406.202637,656.817871,563.095093,8.164062,8.164062,>6,conf1,indoor_garage,Garage3,Garage3_000852#1,workzone_wave1
C:\Users\jiahu\OneDrive\Documents\human_detect\work-zone-safety-rgbd-dataset\images\Garage3_000876.png,Garage3_000876,Garage3,876,rgb,Garage3_000876#1,586.916565,406.568024,645.848145,569.999023,7.617188,7.617188,>6,conf2,indoor_garage,Garage3,Garage3_000876#1,workzone_wave1
C:\Users\jiahu\OneDrive\Documents\human_detect\work-zone-safety-rgbd-dataset\images\Garage3_000912.png,Garage3_000912,Garage3,912,rgb,Garage3_000912#1,551.922607,404.597534,617.472778,578.845459,7.261719,7.261719,>6,conf2,indoor_garage,Garage3,Garage3_000912#1,workzone_wave1
C:\Users\jiahu\OneDrive\Documents\human_detect\work-zone-safety-rgbd-dataset\images\Garage3_001248.png,Garage3_001248,Garage3,1248,rgb,Garage3_001248#1,561.271240,405.601227,674.506897,669.868835,5.003906,5.003906,3-6,conf2,indoor_garage,Garage3,Garage3_001248#1,workzone_wave1
C:\Users\jiahu\OneDrive\Documents\human_detect\work-zone-safety-rgbd-dataset\images\Garage3_001296.png,Garage3_001296,Garage3,1296,rgb,Garage3_001296#1,627.840454,394.645386,759.408447,719.355286,3.771484,3.771484,3-6,conf2,indoor_garage,Garage3,Garage3_001296#1,workzone_wave1
C:\Users\jiahu\OneDrive\Documents\human_detect\work-zone-safety-rgbd-dataset\images\Garage3_001548.png,Garage3_001548,Garage3,1548,rgb,Garage3_001548#1,126.508530,377.330444,264.130249,719.472778,2.271484,2.271484,<3,conf2,indoor_garage,Garage3,Garage3_001548#1,workzone_wave1
C:\Users\jiahu\OneDrive\Documents\human_detect\work-zone-safety-rgbd-dataset\images\Garage3_001572.png,Garage3_001572,Garage3,1572,rgb,Garage3_001572#1,231.185211,384.107941,371.969513,719.362183,2.654297,2.654297,<3,conf2,indoor_garage,Garage3,Garage3_001572#1,workzone_wave1
C:\Users\jiahu\OneDrive\Documents\human_detect\work-zone-safety-rgbd-dataset\images\Garage3_001596.png,Garage3_001596,Garage3,1596,rgb,Garage3_001596#1,261.200775,384.711731,452.391174,719.067627,2.994141,2.994141,<3,conf2,indoor_garage,Garage3,Garage3_001596#1,workzone_wave1
C:\Users\jiahu\OneDrive\Documents\human_detect\work-zone-safety-rgbd-dataset\images\Garage3_001620.png,Garage3_001620,Garage3,1620,rgb,Garage3_001620#1,336.807495,386.719116,449.710876,719.699341,3.433594,3.433594,3-6,conf2,indoor_garage,Garage3,Garage3_001620#1,workzone_wave1
C:\Users\jiahu\OneDrive\Documents\human_detect\work-zone-safety-rgbd-dataset\images\Garage3_001788.png,Garage3_001788,Garage3,1788,rgb,Garage3_001788#1,654.949463,400.949615,746.227844,655.487305,5.039062,5.039062,3-6,conf2,indoor_garage,Garage3,Garage3_001788#1,workzone_wave1
C:\Users\jiahu\OneDrive\Documents\human_detect\work-zone-safety-rgbd-dataset\images\Garage3_001788.png,Garage3_001788,Garage3,1788,rgb,Garage3_001788#2,464.548767,395.527771,535.500793,597.547302,6.574219,6.574219,>6,conf1,indoor_garage,Garage3,Garage3_001788#2,workzone_wave1
C:\Users\jiahu\OneDrive\Documents\human_detect\work-zone-safety-rgbd-dataset\images\Garage3_001956.png,Garage3_001956,Garage3,1956,rgb,Garage3_001956#1,655.705322,412.677612,703.609314,553.665894,8.703125,8.703125,>6,conf1,indoor_garage,Garage3,Garage3_001956#1,workzone_wave1
C:\Users\jiahu\OneDrive\Documents\human_detect\work-zone-safety-rgbd-dataset\images\Garage3_001956.png,Garage3_001956,Garage3,1956,rgb,Garage3_001956#2,495.180908,405.620453,534.622925,537.043457,9.843750,9.843750,>6,conf1,indoor_garage,Garage3,Garage3_001956#2,workzone_wave1
C:\Users\jiahu\OneDrive\Documents\human_detect\work-zone-safety-rgbd-dataset\images\Garage3_001980.png,Garage3_001980,Garage3,1980,rgb,Garage3_001980#1,667.522583,410.560913,723.727417,547.069153,9.312500,9.312500,>6,conf1,indoor_garage,Garage3,Garage3_001980#1,workzone_wave1
C:\Users\jiahu\OneDrive\Documents\human_detect\work-zone-safety-rgbd-dataset\images\Garage3_001980.png,Garage3_001980,Garage3,1980,rgb,Garage3_001980#2,482.666840,404.813599,524.115967,530.780457,,,>6,none,indoor_garage,Garage3,Garage3_001980#2,workzone_wave1
C:\Users\jiahu\OneDrive\Documents\human_detect\work-zone-safety-rgbd-dataset\images\Garage3_002148.png,Garage3_002148,Garage3,2148,rgb,Garage3_002148#1,444.601074,400.067413,477.104248,500.686798,,,>6,none,indoor_garage,Garage3,Garage3_002148#1,workzone_wave1
C:\Users\jiahu\OneDrive\Documents\human_detect\work-zone-safety-rgbd-dataset\images\Garage3_002148.png,Garage3_002148,Garage3,2148,rgb,Garage3_002148#2,779.333332,413.333328,818.333332,514.333328,,,>6,none,indoor_garage,Garage3,Garage3_002148#2,workzone_wave1
C:\Users\jiahu\OneDrive\Documents\human_detect\work-zone-safety-rgbd-dataset\images\Garage3_002580.png,Garage3_002580,Garage3,2580,rgb,Garage3_002580#1,416.164581,404.804169,459.999664,538.132141,,,>6,none,indoor_garage,Garage3,Garage3_002580#1,workzone_wave1
C:\Users\jiahu\OneDrive\Documents\human_detect\work-zone-safety-rgbd-dataset\images\Garage3_002580.png,Garage3_002580,Garage3,2580,rgb,Garage3_002580#2,752.317200,408.820496,784.315063,510.953796,,,>6,none,indoor_garage,Garage3,Garage3_002580#2,workzone_wave1
C:\Users\jiahu\OneDrive\Documents\human_detect\work-zone-safety-rgbd-dataset\images\Garage3_002604.png,Garage3_002604,Garage3,2604,rgb,Garage3_002604#1,410.714996,406.840942,462.433960,546.587952,,,>6,none,indoor_garage,Garage3,Garage3_002604#1,workzone_wave1
C:\Users\jiahu\OneDrive\Documents\human_detect\work-zone-safety-rgbd-dataset\images\Garage3_002604.png,Garage3_002604,Garage3,2604,rgb,Garage3_002604#2,740.838013,409.697754,777.677673,510.792114,,,>6,none,indoor_garage,Garage3,Garage3_002604#2,workzone_wave1
C:\Users\jiahu\OneDrive\Documents\human_detect\work-zone-safety-rgbd-dataset\images\Garage3_002652.png,Garage3_002652,Garage3,2652,rgb,Garage3_002652#1,393.202423,403.583130,452.700348,563.432861,8.039062,8.039062,>6,conf2,indoor_garage,Garage3,Garage3_002652#1,workzone_wave1
C:\Users\jiahu\OneDrive\Documents\human_detect\work-zone-safety-rgbd-dataset\images\Garage3_002652.png,Garage3_002652,Garage3,2652,rgb,Garage3_002652#2,718.553223,410.626923,754.606323,512.534668,,,>6,none,indoor_garage,Garage3,Garage3_002652#2,workzone_wave1
C:\Users\jiahu\OneDrive\Documents\human_detect\work-zone-safety-rgbd-dataset\images\Garage3_002700.png,Garage3_002700,Garage3,2700,rgb,Garage3_002700#1,384.325562,405.941223,444.859314,585.495605,7.009766,7.009766,>6,conf2,indoor_garage,Garage3,Garage3_002700#1,workzone_wave1
C:\Users\jiahu\OneDrive\Documents\human_detect\work-zone-safety-rgbd-dataset\images\Garage3_002700.png,Garage3_002700,Garage3,2700,rgb,Garage3_002700#2,702.994019,408.460754,741.002625,518.292603,,,>6,none,indoor_garage,Garage3,Garage3_002700#2,workzone_wave1
C:\Users\jiahu\OneDrive\Documents\human_detect\work-zone-safety-rgbd-dataset\images\Garage3_002892.png,Garage3_002892,Garage3,2892,rgb,Garage3_002892#1,272.089172,385.345001,403.878204,719.456543,3.296875,3.296875,3-6,conf2,indoor_garage,Garage3,Garage3_002892#1,workzone_wave1
C:\Users\jiahu\OneDrive\Documents\human_detect\work-zone-safety-rgbd-dataset\images\Garage3_002892.png,Garage3_002892,Garage3,2892,rgb,Garage3_002892#2,458.566132,408.037628,504.492828,536.383545,,,>6,none,indoor_garage,Garage3,Garage3_002892#2,workzone_wave1
C:\Users\jiahu\OneDrive\Documents\human_detect\work-zone-safety-rgbd-dataset\images\Garage3_002916.png,Garage3_002916,Garage3,2916,rgb,Garage3_002916#1,194.550339,391.723114,381.368652,719.469543,2.939453,2.939453,<3,conf2,indoor_garage,Garage3,Garage3_002916#1,workzone_wave1
C:\Users\jiahu\OneDrive\Documents\human_detect\work-zone-safety-rgbd-dataset\images\Garage3_002916.png,Garage3_002916,Garage3,2916,rgb,Garage3_002916#2,429.393036,406.034119,463.999237,536.997192,,,>6,none,indoor_garage,Garage3,Garage3_002916#2,workzone_wave1
C:\Users\jiahu\OneDrive\Documents\human_detect\work-zone-safety-rgbd-dataset\images\Garage3_002964.png,Garage3_002964,Garage3,2964,rgb,Garage3_002964#1,0.282108,373.811157,172.585815,719.220947,2.203125,2.203125,<3,conf2,indoor_garage,Garage3,Garage3_002964#1,workzone_wave1
C:\Users\jiahu\OneDrive\Documents\human_detect\work-zone-safety-rgbd-dataset\images\Garage3_002964.png,Garage3_002964,Garage3,2964,rgb,Garage3_002964#2,342.507080,406.901825,400.398804,534.044067,,,>6,none,indoor_garage,Garage3,Garage3_002964#2,workzone_wave1
C:\Users\jiahu\OneDrive\Documents\human_detect\work-zone-safety-rgbd-dataset\images\Garage3_002988.png,Garage3_002988,Garage3,2988,rgb,Garage3_002988#1,0.159385,486.481293,36.040726,719.421875,2.986328,2.986328,<3,conf1,indoor_garage,Garage3,Garage3_002988#1,workzone_wave1
C:\Users\jiahu\OneDrive\Documents\human_detect\work-zone-safety-rgbd-dataset\images\Garage3_002988.png,Garage3_002988,Garage3,2988,rgb,Garage3_002988#2,319.333332,400.333328,351.333332,454.333328,,,>6,none,indoor_garage,Garage3,Garage3_002988#2,workzone_wave1
C:\Users\jiahu\OneDrive\Documents\human_detect\work-zone-safety-rgbd-dataset\images\Garage3_003228.png,Garage3_003228,Garage3,3228,rgb,Garage3_003228#1,363.755280,409.029968,411.611755,540.512451,,,>6,none,indoor_garage,Garage3,Garage3_003228#1,workzone_wave1
C:\Users\jiahu\OneDrive\Documents\human_detect\work-zone-safety-rgbd-dataset\images\Garage3_003420.png,Garage3_003420,Garage3,3420,rgb,Garage3_003420#1,247.348389,399.680878,367.875092,667.894592,4.703125,4.703125,3-6,conf2,indoor_garage,Garage3,Garage3_003420#1,workzone_wave1
C:\Users\jiahu\OneDrive\Documents\human_detect\work-zone-safety-rgbd-dataset\images\Garage3_003420.png,Garage3_003420,Garage3,3420,rgb,Garage3_003420#2,730.116170,421.164276,778.591878,578.975667,,,>6,none,indoor_garage,Garage3,Garage3_003420#2,workzone_wave1
C:\Users\jiahu\OneDrive\Documents\human_detect\work-zone-safety-rgbd-dataset\images\Garage3_003456.png,Garage3_003456,Garage3,3456,rgb,Garage3_003456#1,356.223297,395.176758,441.992432,654.490234,4.945312,4.945312,3-6,conf2,indoor_garage,Garage3,Garage3_003456#1,workzone_wave1
C:\Users\jiahu\OneDrive\Documents\human_detect\work-zone-safety-rgbd-dataset\images\Garage3_003456.png,Garage3_003456,Garage3,3456,rgb,Garage3_003456#2,796.612915,414.363007,870.652710,586.467529,,,>6,none,indoor_garage,Garage3,Garage3_003456#2,workzone_wave1
C:\Users\jiahu\OneDrive\Documents\human_detect\work-zone-safety-rgbd-dataset\images\Garage3_003480.png,Garage3_003480,Garage3,3480,rgb,Garage3_003480#1,391.842041,398.100220,502.759460,641.311890,5.191406,5.191406,3-6,conf2,indoor_garage,Garage3,Garage3_003480#1,workzone_wave1
C:\Users\jiahu\OneDrive\Documents\human_detect\work-zone-safety-rgbd-dataset\images\Garage3_003480.png,Garage3_003480,Garage3,3480,rgb,Garage3_003480#2,899.419312,408.812897,934.439819,447.336548,,,3-6,none,indoor_garage,Garage3,Garage3_003480#2,workzone_wave1
C:\Users\jiahu\OneDrive\Documents\human_detect\work-zone-safety-rgbd-dataset\images\Garage4_000114.png,Garage4_000114,Garage4,114,rgb,Garage4_000114#1,764.903198,361.885742,959.301880,719.217346,1.942383,1.942383,<3,conf1,indoor_garage,Garage4,Garage4_000114#1,workzone_wave1
C:\Users\jiahu\OneDrive\Documents\human_detect\work-zone-safety-rgbd-dataset\images\Garage4_000114.png,Garage4_000114,Garage4,114,rgb,Garage4_000114#2,0.179615,357.652405,152.985306,719.142090,2.898438,2.898438,<3,conf2,indoor_garage,Garage4,Garage4_000114#2,workzone_wave1
C:\Users\jiahu\OneDrive\Documents\human_detect\work-zone-safety-rgbd-dataset\images\Garage4_000162.png,Garage4_000162,Garage4,162,rgb,Garage4_000162#1,242.364670,376.036682,456.526062,718.529419,2.472656,2.472656,<3,conf2,indoor_garage,Garage4,Garage4_000162#1,workzone_wave1
C:\Users\jiahu\OneDrive\Documents\human_detect\work-zone-safety-rgbd-dataset\images\Garage4_000162.png,Garage4_000162,Garage4,162,rgb,Garage4_000162#2,628.479614,383.434021,752.216553,719.593384,2.808594,2.808594,<3,conf2,indoor_garage,Garage4,Garage4_000162#2,workzone_wave1
C:\Users\jiahu\OneDrive\Documents\human_detect\work-zone-safety-rgbd-dataset\images\Garage4_000204.png,Garage4_000204,Garage4,204,rgb,Garage4_000204#1,423.874237,392.393005,545.037109,718.631470,3.568359,3.568359,3-6,conf2,indoor_garage,Garage4,Garage4_000204#1,workzone_wave1
C:\Users\jiahu\OneDrive\Documents\human_detect\work-zone-safety-rgbd-dataset\images\Garage4_000204.png,Garage4_000204,Garage4,204,rgb,Garage4_000204#2,593.795166,400.792877,690.757751,689.433716,4.503906,4.503906,3-6,conf2,indoor_garage,Garage4,Garage4_000204#2,workzone_wave1
C:\Users\jiahu\OneDrive\Documents\human_detect\work-zone-safety-rgbd-dataset\images\Garage4_000216.png,Garage4_000216,Garage4,216,rgb,Garage4_000216#1,444.593903,391.561157,565.584351,717.095764,3.921875,3.921875,3-6,conf2,indoor_garage,Garage4,Garage4_000216#1,workzone_wave1
C:\Users\jiahu\OneDrive\Documents\human_detect\work-zone-safety-rgbd-dataset\images\Garage4_000216.png,Garage4_000216,Garage4,216,rgb,Garage4_000216#2,581.976807,395.363708,698.532593,653.662720,4.933594,4.933594,3-6,conf2,indoor_garage,Garage4,Garage4_000216#2,workzone_wave1
C:\Users\jiahu\OneDrive\Documents\human_detect\work-zone-safety-rgbd-dataset\images\Garage4_000228.png,Garage4_000228,Garage4,228,rgb,Garage4_000228#1,458.659912,396.069305,583.907532,687.744019,4.339844,4.339844,3-6,conf2,indoor_garage,Garage4,Garage4_000228#1,workzone_wave1
C:\Users\jiahu\OneDrive\Documents\human_detect\work-zone-safety-rgbd-dataset\images\Garage4_000228.png,Garage4_000228,Garage4,228,rgb,Garage4_000228#2,592.630493,400.439209,688.009888,633.799622,5.332031,5.332031,3-6,conf2,indoor_garage,Garage4,Garage4_000228#2,workzone_wave1
C:\Users\jiahu\OneDrive\Documents\human_detect\work-zone-safety-rgbd-dataset\images\Garage4_000240.png,Garage4_000240,Garage4,240,rgb,Garage4_000240#1,477.386444,398.489777,584.406189,680.304443,4.628906,4.628906,3-6,conf2,indoor_garage,Garage4,Garage4_000240#1,workzone_wave1
C:\Users\jiahu\OneDrive\Documents\human_detect\work-zone-safety-rgbd-dataset\images\Garage4_000240.png,Garage4_000240,Garage4,240,rgb,Garage4_000240#2,603.479126,402.645172,692.778320,623.319702,5.589844,5.589844,3-6,conf2,indoor_garage,Garage4,Garage4_000240#2,workzone_wave1
C:\Users\jiahu\OneDrive\Documents\human_detect\work-zone-safety-rgbd-dataset\images\Garage4_000306.png,Garage4_000306,Garage4,306,rgb,Garage4_000306#1,582.883789,402.506287,673.266479,604.165649,6.203125,6.203125,>6,conf2,indoor_garage,Garage4,Garage4_000306#1,workzone_wave1
C:\Users\jiahu\OneDrive\Documents\human_detect\work-zone-safety-rgbd-dataset\images\Garage4_000306.png,Garage4_000306,Garage4,306,rgb,Garage4_000306#2,310.401917,398.970520,381.587128,631.933411,5.507812,5.507812,3-6,conf2,indoor_garage,Garage4,Garage4_000306#2,workzone_wave1
C:\Users\jiahu\OneDrive\Documents\human_detect\work-zone-safety-rgbd-dataset\images\Garage4_000306.png,Garage4_000306,Garage4,306,rgb,Garage4_000306#3,628.591187,403.646393,675.867554,555.206055,6.222656,6.222656,>6,conf1,indoor_garage,Garage4,Garage4_000306#3,workzone_wave1
C:\Users\jiahu\OneDrive\Documents\human_detect\work-zone-safety-rgbd-dataset\images\Garage4_000336.png,Garage4_000336,Garage4,336,rgb,Garage4_000336#1,491.046143,399.915283,553.568970,635.931458,5.343750,5.343750,3-6,conf2,indoor_garage,Garage4,Garage4_000336#1,workzone_wave1
C:\Users\jiahu\OneDrive\Documents\human_detect\work-zone-safety-rgbd-dataset\images\Garage4_000336.png,Garage4_000336,Garage4,336,rgb,Garage4_000336#2,646.476685,407.224548,708.401245,583.329163,7.035156,7.035156,>6,conf1,indoor_garage,Garage4,Garage4_000336#2,workzone_wave1
C:\Users\jiahu\OneDrive\Documents\human_detect\work-zone-safety-rgbd-dataset\images\Garage4_000336.png,Garage4_000336,Garage4,336,rgb,Garage4_000336#3,608.621216,403.176392,651.714355,531.109436,,,>6,none,indoor_garage,Garage4,Garage4_000336#3,workzone_wave1
C:\Users\jiahu\OneDrive\Documents\human_detect\work-zone-safety-rgbd-dataset\images\Garage4_000354.png,Garage4_000354,Garage4,354,rgb,Garage4_000354#1,605.341003,403.902527,671.033142,643.645996,5.070312,5.070312,3-6,conf2,indoor_garage,Garage4,Garage4_000354#1,workzone_wave1
C:\Users\jiahu\OneDrive\Documents\human_detect\work-zone-safety-rgbd-dataset\images\Garage4_000354.png,Garage4_000354,Garage4,354,rgb,Garage4_000354#2,651.605835,400.796265,712.599854,571.979004,7.468750,7.468750,>6,conf1,indoor_garage,Garage4,Garage4_000354#2,workzone_wave1
C:\Users\jiahu\OneDrive\Documents\human_detect\work-zone-safety-rgbd-dataset\images\Garage4_000354.png,Garage4_000354,Garage4,354,rgb,Garage4_000354#3,592.711975,400.852875,620.100769,474.718750,,,>6,none,indoor_garage,Garage4,Garage4_000354#3,workzone_wave1
C:\Users\jiahu\OneDrive\Documents\human_detect\work-zone-safety-rgbd-dataset\images\Garage4_000396.png,Garage4_000396,Garage4,396,rgb,Garage4_000396#1,664.520691,403.583954,716.853027,549.018555,8.898438,8.898438,>6,conf1,indoor_garage,Garage4,Garage4_000396#1,workzone_wave1
C:\Users\jiahu\OneDrive\Documents\human_detect\work-zone-safety-rgbd-dataset\images\Garage4_000396.png,Garage4_000396,Garage4,396,rgb,Garage4_000396#2,513.810181,408.538391,568.324890,512.278687,17.140625,17.140625,>6,conf1,indoor_garage,Garage4,Garage4_000396#2,workzone_wave1
C:\Users\jiahu\OneDrive\Documents\human_detect\work-zone-safety-rgbd-dataset\images\Garage4_000396.png,Garage4_000396,Garage4,396,rgb,Garage4_000396#3,879.333332,402.333328,938.333332,483.333328,,,3-6,none,indoor_garage,Garage4,Garage4_000396#3,workzone_wave1
C:\Users\jiahu\OneDrive\Documents\human_detect\work-zone-safety-rgbd-dataset\images\Garage4_000444.png,Garage4_000444,Garage4,444,rgb,Garage4_000444#1,640.732178,405.697449,684.436340,529.306824,,,>6,none,indoor_garage,Garage4,Garage4_000444#1,workzone_wave1
C:\Users\jiahu\OneDrive\Documents\human_detect\work-zone-safety-rgbd-dataset\images\Garage4_000444.png,Garage4_000444,Garage4,444,rgb,Garage4_000444#2,426.993225,402.072693,475.071106,512.489685,10.945312,10.945312,>6,conf1,indoor_garage,Garage4,Garage4_000444#2,workzone_wave1
C:\Users\jiahu\OneDrive\Documents\human_detect\work-zone-safety-rgbd-dataset\images\Garage4_000456.png,Garage4_000456,Garage4,456,rgb,Garage4_000456#1,403.465637,404.040527,448.877625,514.982483,10.144531,10.144531,>6,conf1,indoor_garage,Garage4,Garage4_000456#1,workzone_wave1
C:\Users\jiahu\OneDrive\Documents\human_detect\work-zone-safety-rgbd-dataset\images\Garage4_000456.png,Garage4_000456,Garage4,456,rgb,Garage4_000456#2,628.291077,403.808411,664.708374,525.736572,,,>6,none,indoor_garage,Garage4,Garage4_000456#2,workzone_wave1
C:\Users\jiahu\OneDrive\Documents\human_detect\work-zone-safety-rgbd-dataset\images\Garage4_000474.png,Garage4_000474,Garage4,474,rgb,Garage4_000474#1,368.702728,403.653900,423.003662,519.892700,10.058594,10.058594,>6,conf1,indoor_garage,Garage4,Garage4_000474#1,workzone_wave1
C:\Users\jiahu\OneDrive\Documents\human_detect\work-zone-safety-rgbd-dataset\images\Garage4_000474.png,Garage4_000474,Garage4,474,rgb,Garage4_000474#2,599.566895,409.088654,649.238403,521.098511,,,>6,none,indoor_garage,Garage4,Garage4_000474#2,workzone_wave1
C:\Users\jiahu\OneDrive\Documents\human_detect\work-zone-safety-rgbd-dataset\images\Garage4_000516.png,Garage4_000516,Garage4,516,rgb,Garage4_000516#1,542.452942,407.738403,584.353577,514.911682,,,>6,none,indoor_garage,Garage4,Garage4_000516#1,workzone_wave1
C:\Users\jiahu\OneDrive\Documents\human_detect\work-zone-safety-rgbd-dataset\images\Garage4_000516.png,Garage4_000516,Garage4,516,rgb,Garage4_000516#2,285.090332,403.557983,315.826660,448.303406,,,>6,none,indoor_garage,Garage4,Garage4_000516#2,workzone_wave1
C:\Users\jiahu\OneDrive\Documents\human_detect\work-zone-safety-rgbd-dataset\images\Garage4_000534.png,Garage4_000534,Garage4,534,rgb,Garage4_000534#1,508.394409,403.551392,543.332825,514.941162,,,>6,none,indoor_garage,Garage4,Garage4_000534#1,workzone_wave1
C:\Users\jiahu\OneDrive\Documents\human_detect\work-zone-safety-rgbd-dataset\images\Garage4_000534.png,Garage4_000534,Garage4,534,rgb,Garage4_000534#2,225.808456,401.535828,262.610352,446.821472,,,>6,none,indoor_garage,Garage4,Garage4_000534#2,workzone_wave1
C:\Users\jiahu\OneDrive\Documents\human_detect\work-zone-safety-rgbd-dataset\images\Garage4_000546.png,Garage4_000546,Garage4,546,rgb,Garage4_000546#1,494.627686,405.306641,535.883179,514.591797,,,>6,none,indoor_garage,Garage4,Garage4_000546#1,workzone_wave1
C:\Users\jiahu\OneDrive\Documents\human_detect\work-zone-safety-rgbd-dataset\images\Garage4_000612.png,Garage4_000612,Garage4,612,rgb,Garage4_000612#1,400.031708,405.190430,447.862701,526.993286,,,>6,none,indoor_garage,Garage4,Garage4_000612#1,workzone_wave1
C:\Users\jiahu\OneDrive\Documents\human_detect\work-zone-safety-rgbd-dataset\images\Garage4_000612.png,Garage4_000612,Garage4,612,rgb,Garage4_000612#2,228.795639,402.450073,274.218506,448.410004,,,>6,none,indoor_garage,Garage4,Garage4_000612#2,workzone_wave1
C:\Users\jiahu\OneDrive\Documents\human_detect\work-zone-safety-rgbd-dataset\images\Garage4_000612.png,Garage4_000612,Garage4,612,rgb,Garage4_000612#3,873.333332,418.333328,921.333332,472.333328,,,3-6,none,indoor_garage,Garage4,Garage4_000612#3,workzone_wave1
C:\Users\jiahu\OneDrive\Documents\human_detect\work-zone-safety-rgbd-dataset\images\Garage4_000666.png,Garage4_000666,Garage4,666,rgb,Garage4_000666#1,535.760010,398.009583,600.124512,647.096008,5.089844,5.089844,3-6,conf2,indoor_garage,Garage4,Garage4_000666#1,workzone_wave1
C:\Users\jiahu\OneDrive\Documents\human_detect\work-zone-safety-rgbd-dataset\images\Garage4_000666.png,Garage4_000666,Garage4,666,rgb,Garage4_000666#2,400.421722,403.790527,455.678192,551.128845,8.218750,8.218750,>6,conf1,indoor_garage,Garage4,Garage4_000666#2,workzone_wave1
C:\Users\jiahu\OneDrive\Documents\human_detect\work-zone-safety-rgbd-dataset\images\Garage4_000666.png,Garage4_000666,Garage4,666,rgb,Garage4_000666#3,349.382629,403.273224,394.727600,538.923950,9.148438,9.148438,>6,conf1,indoor_garage,Garage4,Garage4_000666#3,workzone_wave1
C:\Users\jiahu\OneDrive\Documents\human_detect\work-zone-safety-rgbd-dataset\images\Garage4_000708.png,Garage4_000708,Garage4,708,rgb,Garage4_000708#1,223.706635,406.068604,374.083191,674.613647,4.460938,4.460938,3-6,conf2,indoor_garage,Garage4,Garage4_000708#1,workzone_wave1
C:\Users\jiahu\OneDrive\Documents\human_detect\work-zone-safety-rgbd-dataset\images\Garage4_000708.png,Garage4_000708,Garage4,708,rgb,Garage4_000708#2,391.711060,403.860352,450.689087,587.250916,6.968750,6.968750,>6,conf2,indoor_garage,Garage4,Garage4_000708#2,workzone_wave1
C:\Users\jiahu\OneDrive\Documents\human_detect\work-zone-safety-rgbd-dataset\images\Garage4_000708.png,Garage4_000708,Garage4,708,rgb,Garage4_000708#3,463.536621,402.647644,519.462708,552.308899,8.140625,8.140625,>6,conf1,indoor_garage,Garage4,Garage4_000708#3,workzone_wave1
C:\Users\jiahu\OneDrive\Documents\human_detect\work-zone-safety-rgbd-dataset\images\Garage4_000756.png,Garage4_000756,Garage4,756,rgb,Garage4_000756#1,338.467224,399.699738,441.481262,646.225464,5.273438,5.273438,3-6,conf2,indoor_garage,Garage4,Garage4_000756#1,workzone_wave1
C:\Users\jiahu\OneDrive\Documents\human_detect\work-zone-safety-rgbd-dataset\images\Garage4_000756.png,Garage4_000756,Garage4,756,rgb,Garage4_000756#2,552.495605,399.898315,628.347412,596.496277,6.507812,6.507812,>6,conf2,indoor_garage,Garage4,Garage4_000756#2,workzone_wave1
C:\Users\jiahu\OneDrive\Documents\human_detect\work-zone-safety-rgbd-dataset\images\Garage4_000786.png,Garage4_000786,Garage4,786,rgb,Garage4_000786#1,288.090912,391.501282,422.730530,713.339905,4.160156,4.160156,3-6,conf2,indoor_garage,Garage4,Garage4_000786#1,workzone_wave1
C:\Users\jiahu\OneDrive\Documents\human_detect\work-zone-safety-rgbd-dataset\images\Garage4_000786.png,Garage4_000786,Garage4,786,rgb,Garage4_000786#2,596.956299,401.521820,687.852783,647.109558,5.308594,5.308594,3-6,conf2,indoor_garage,Garage4,Garage4_000786#2,workzone_wave1
C:\Users\jiahu\OneDrive\Documents\human_detect\work-zone-safety-rgbd-dataset\images\Garage4_000810.png,Garage4_000810,Garage4,810,rgb,Garage4_000810#1,236.651779,388.103577,366.128540,719.882812,3.265625,3.265625,3-6,conf2,indoor_garage,Garage4,Garage4_000810#1,workzone_wave1
C:\Users\jiahu\OneDrive\Documents\human_detect\work-zone-safety-rgbd-dataset\images\Garage4_000810.png,Garage4_000810,Garage4,810,rgb,Garage4_000810#2,606.121338,393.528900,731.458618,706.981201,4.238281,4.238281,3-6,conf2,indoor_garage,Garage4,Garage4_000810#2,workzone_wave1
C:\Users\jiahu\OneDrive\Documents\human_detect\work-zone-safety-rgbd-dataset\images\Garage4_000852.png,Garage4_000852,Garage4,852,rgb,Garage4_000852#1,624.182373,375.523651,820.102905,719.994690,2.488281,2.488281,<3,conf2,indoor_garage,Garage4,Garage4_000852#1,workzone_wave1
C:\Users\jiahu\OneDrive\Documents\human_detect\work-zone-safety-rgbd-dataset\images\Garage4_000852.png,Garage4_000852,Garage4,852,rgb,Garage4_000852#2,0.276718,374.805206,88.123009,719.132446,3.042969,3.042969,3-6,conf2,indoor_garage,Garage4,Garage4_000852#2,workzone_wave1
C:\Users\jiahu\OneDrive\Documents\human_detect\work-zone-safety-rgbd-dataset\images\Garage4_000894.png,Garage4_000894,Garage4,894,rgb,Garage4_000894#1,768.839641,578.895955,958.000000,718.666667,,,<3,none,indoor_garage,Garage4,Garage4_000894#1,workzone_wave1
C:\Users\jiahu\OneDrive\Documents\human_detect\work-zone-safety-rgbd-dataset\images\Garage4_000948.png,Garage4_000948,Garage4,948,rgb,Garage4_000948#1,482.037964,283.487366,936.561218,719.302734,0.629395,0.629395,<3,conf2,indoor_garage,Garage4,Garage4_000948#1,workzone_wave1
C:\Users\jiahu\OneDrive\Documents\human_detect\work-zone-safety-rgbd-dataset\images\Garage4_000960.png,Garage4_000960,Garage4,960,rgb,Garage4_000960#1,263.367554,341.032745,577.269409,719.436157,0.833008,0.833008,<3,conf2,indoor_garage,Garage4,Garage4_000960#1,workzone_wave1
C:\Users\jiahu\OneDrive\Documents\human_detect\work-zone-safety-rgbd-dataset\images\Garage4_000960.png,Garage4_000960,Garage4,960,rgb,Garage4_000960#2,0.197742,382.772522,102.937111,719.096069,2.884766,2.884766,<3,conf1,indoor_garage,Garage4,Garage4_000960#2,workzone_wave1
C:\Users\jiahu\OneDrive\Documents\human_detect\work-zone-safety-rgbd-dataset\images\Garage4_000984.png,Garage4_000984,Garage4,984,rgb,Garage4_000984#1,0.457123,332.608124,89.541321,719.021118,1.096680,1.096680,<3,conf2,indoor_garage,Garage4,Garage4_000984#1,workzone_wave1
C:\Users\jiahu\OneDrive\Documents\human_detect\work-zone-safety-rgbd-dataset\images\Garage4_000984.png,Garage4_000984,Garage4,984,rgb,Garage4_000984#2,263.485931,393.616516,415.724304,719.644226,2.625000,2.625000,<3,conf2,indoor_garage,Garage4,Garage4_000984#2,workzone_wave1
C:\Users\jiahu\OneDrive\Documents\human_detect\work-zone-safety-rgbd-dataset\images\Garage4_001002.png,Garage4_001002,Garage4,1002,rgb,Garage4_001002#1,0.453896,373.720917,196.493774,719.314453,1.594727,1.594727,<3,conf2,indoor_garage,Garage4,Garage4_001002#1,workzone_wave1
C:\Users\jiahu\OneDrive\Documents\human_detect\work-zone-safety-rgbd-dataset\images\Garage4_001002.png,Garage4_001002,Garage4,1002,rgb,Garage4_001002#2,403.791595,395.252930,595.269043,719.819458,3.046875,3.046875,3-6,conf2,indoor_garage,Garage4,Garage4_001002#2,workzone_wave1
C:\Users\jiahu\OneDrive\Documents\human_detect\work-zone-safety-rgbd-dataset\images\Garage4_001002.png,Garage4_001002,Garage4,1002,rgb,Garage4_001002#3,210.115631,397.444977,261.001923,638.753174,4.681641,4.681641,3-6,conf1,indoor_garage,Garage4,Garage4_001002#3,workzone_wave1
C:\Users\jiahu\OneDrive\Documents\human_detect\work-zone-safety-rgbd-dataset\images\Garage4_001026.png,Garage4_001026,Garage4,1026,rgb,Garage4_001026#1,111.326111,374.610779,270.760742,719.238403,2.488281,2.488281,<3,conf2,indoor_garage,Garage4,Garage4_001026#1,workzone_wave1
C:\Users\jiahu\OneDrive\Documents\human_detect\work-zone-safety-rgbd-dataset\images\Garage4_001026.png,Garage4_001026,Garage4,1026,rgb,Garage4_001026#2,602.676880,393.069489,721.786133,719.905334,3.671875,3.671875,3-6,conf2,indoor_garage,Garage4,Garage4_001026#2,workzone_wave1
C:\Users\jiahu\OneDrive\Documents\human_detect\work-zone-safety-rgbd-dataset\images\Garage4_001026.png,Garage4_001026,Garage4,1026,rgb,Garage4_001026#3,302.063354,396.855103,386.454102,639.037170,5.089844,5.089844,3-6,conf2,indoor_garage,Garage4,Garage4_001026#3,workzone_wave1
C:\Users\jiahu\OneDrive\Documents\human_detect\work-zone-safety-rgbd-dataset\images\Garage4_001068.png,Garage4_001068,Garage4,1068,rgb,Garage4_001068#1,251.609482,387.358063,359.345947,706.582886,4.167969,4.167969,3-6,conf2,indoor_garage,Garage4,Garage4_001068#1,workzone_wave1
C:\Users\jiahu\OneDrive\Documents\human_detect\work-zone-safety-rgbd-dataset\images\Garage4_001068.png,Garage4_001068,Garage4,1068,rgb,Garage4_001068#2,760.191650,407.052338,876.619263,677.296021,7.246094,7.246094,>6,conf1,indoor_garage,Garage4,Garage4_001068#2,workzone_wave1
C:\Users\jiahu\OneDrive\Documents\human_detect\work-zone-safety-rgbd-dataset\images\Garage4_001068.png,Garage4_001068,Garage4,1068,rgb,Garage4_001068#3,451.905487,396.643341,530.802002,616.493530,5.785156,5.785156,3-6,conf2,indoor_garage,Garage4,Garage4_001068#3,workzone_wave1
C:\Users\jiahu\OneDrive\Documents\human_detect\work-zone-safety-rgbd-dataset\images\Garage4_001128.png,Garage4_001128,Garage4,1128,rgb,Garage4_001128#1,636.536011,402.772705,720.523560,589.615723,6.761719,6.761719,>6,conf2,indoor_garage,Garage4,Garage4_001128#1,workzone_wave1
C:\Users\jiahu\OneDrive\Documents\human_detect\work-zone-safety-rgbd-dataset\images\Garage4_001128.png,Garage4_001128,Garage4,1128,rgb,Garage4_001128#2,352.807159,402.349457,427.401764,597.432617,6.166016,6.166016,>6,conf2,indoor_garage,Garage4,Garage4_001128#2,workzone_wave1
C:\Users\jiahu\OneDrive\Documents\human_detect\work-zone-safety-rgbd-dataset\images\Garage4_001308.png,Garage4_001308,Garage4,1308,rgb,Garage4_001308#1,673.506470,394.829041,801.974854,710.579712,3.937500,3.937500,3-6,conf2,indoor_garage,Garage4,Garage4_001308#1,workzone_wave1
C:\Users\jiahu\OneDrive\Documents\human_detect\work-zone-safety-rgbd-dataset\images\Garage4_001308.png,Garage4_001308,Garage4,1308,rgb,Garage4_001308#2,559.439026,407.625366,614.153687,513.719238,9.785156,9.785156,>6,conf1,indoor_garage,Garage4,Garage4_001308#2,workzone_wave1
C:\Users\jiahu\OneDrive\Documents\human_detect\work-zone-safety-rgbd-dataset\images\Garage4_001308.png,Garage4_001308,Garage4,1308,rgb,Garage4_001308#3,608.745483,407.840057,644.948730,541.046753,,,>6,none,indoor_garage,Garage4,Garage4_001308#3,workzone_wave1
C:\Users\jiahu\OneDrive\Documents\human_detect\work-zone-safety-rgbd-dataset\images\Garage4_001362.png,Garage4_001362,Garage4,1362,rgb,Garage4_001362#1,817.177185,378.161591,959.834290,718.890503,1.638672,1.638672,<3,conf1,indoor_garage,Garage4,Garage4_001362#1,workzone_wave1
C:\Users\jiahu\OneDrive\Documents\human_detect\work-zone-safety-rgbd-dataset\images\Garage4_001362.png,Garage4_001362,Garage4,1362,rgb,Garage4_001362#2,466.338501,404.332581,528.019226,541.384460,,,>6,none,indoor_garage,Garage4,Garage4_001362#2,workzone_wave1
C:\Users\jiahu\OneDrive\Documents\human_detect\work-zone-safety-rgbd-dataset\images\Garage4_001362.png,Garage4_001362,Garage4,1362,rgb,Garage4_001362#3,697.011475,407.088989,740.772766,534.851013,,,>6,none,indoor_garage,Garage4,Garage4_001362#3,workzone_wave1
C:\Users\jiahu\OneDrive\Documents\human_detect\work-zone-safety-rgbd-dataset\images\Garage4_001500.png,Garage4_001500,Garage4,1500,rgb,Garage4_001500#1,319.774719,398.694672,421.853668,660.229004,5.078125,5.078125,3-6,conf2,indoor_garage,Garage4,Garage4_001500#1,workzone_wave1
C:\Users\jiahu\OneDrive\Documents\human_detect\work-zone-safety-rgbd-dataset\images\Garage4_001500.png,Garage4_001500,Garage4,1500,rgb,Garage4_001500#2,508.552734,401.936584,604.135376,613.370667,5.949219,5.949219,3-6,conf2,indoor_garage,Garage4,Garage4_001500#2,workzone_wave1
C:\Users\jiahu\OneDrive\Documents\human_detect\work-zone-safety-rgbd-dataset\images\Garage4_001542.png,Garage4_001542,Garage4,1542,rgb,Garage4_001542#1,251.811401,390.915619,389.675629,719.600830,3.517578,3.517578,3-6,conf2,indoor_garage,Garage4,Garage4_001542#1,workzone_wave1
C:\Users\jiahu\OneDrive\Documents\human_detect\work-zone-safety-rgbd-dataset\images\Garage4_001542.png,Garage4_001542,Garage4,1542,rgb,Garage4_001542#2,699.991333,393.539795,828.279968,719.627563,3.167969,3.167969,3-6,conf2,indoor_garage,Garage4,Garage4_001542#2,workzone_wave1
C:\Users\jiahu\OneDrive\Documents\human_detect\work-zone-safety-rgbd-dataset\images\Garage4_001542.png,Garage4_001542,Garage4,1542,rgb,Garage4_001542#3,383.672699,394.365051,480.511322,671.350342,4.689453,4.689453,3-6,conf2,indoor_garage,Garage4,Garage4_001542#3,workzone_wave1
C:\Users\jiahu\OneDrive\Documents\human_detect\work-zone-safety-rgbd-dataset\images\Garage4_001560.png,Garage4_001560,Garage4,1560,rgb,Garage4_001560#1,166.558136,382.637604,340.570312,719.673706,2.880859,2.880859,<3,conf2,indoor_garage,Garage4,Garage4_001560#1,workzone_wave1
C:\Users\jiahu\OneDrive\Documents\human_detect\work-zone-safety-rgbd-dataset\images\Garage4_001560.png,Garage4_001560,Garage4,1560,rgb,Garage4_001560#2,636.771729,403.876190,771.417725,718.218262,3.988281,3.988281,3-6,conf2,indoor_garage,Garage4,Garage4_001560#2,workzone_wave1
C:\Users\jiahu\OneDrive\Documents\human_detect\work-zone-safety-rgbd-dataset\images\Garage4_001560.png,Garage4_001560,Garage4,1560,rgb,Garage4_001560#3,326.475891,392.988281,434.516846,713.395569,4.113281,4.113281,3-6,conf2,indoor_garage,Garage4,Garage4_001560#3,workzone_wave1
C:\Users\jiahu\OneDrive\Documents\human_detect\work-zone-safety-rgbd-dataset\images\Garage4_001638.png,Garage4_001638,Garage4,1638,rgb,Garage4_001638#1,6.534210,352.958435,365.403381,719.502747,1.328125,1.328125,<3,conf2,indoor_garage,Garage4,Garage4_001638#1,workzone_wave1
C:\Users\jiahu\OneDrive\Documents\human_detect\work-zone-safety-rgbd-dataset\images\Garage4_001638.png,Garage4_001638,Garage4,1638,rgb,Garage4_001638#2,563.850769,405.379303,623.435913,571.252075,,,>6,none,indoor_garage,Garage4,Garage4_001638#2,workzone_wave1
C:\Users\jiahu\OneDrive\Documents\human_detect\work-zone-safety-rgbd-dataset\images\Garage4_001650.png,Garage4_001650,Garage4,1650,rgb,Garage4_001650#1,232.868088,360.263916,532.999939,718.750000,1.028320,1.028320,<3,conf2,indoor_garage,Garage4,Garage4_001650#1,workzone_wave1
C:\Users\jiahu\OneDrive\Documents\human_detect\work-zone-safety-rgbd-dataset\images\Garage4_001650.png,Garage4_001650,Garage4,1650,rgb,Garage4_001650#2,556.804138,407.114410,615.382324,557.237305,8.171875,8.171875,>6,conf1,indoor_garage,Garage4,Garage4_001650#2,workzone_wave1
C:\Users\jiahu\OneDrive\Documents\human_detect\work-zone-safety-rgbd-dataset\images\Garage4_001662.png,Garage4_001662,Garage4,1662,rgb,Garage4_001662#1,433.835815,378.953186,770.042175,719.209595,1.070312,1.070312,<3,conf2,indoor_garage,Garage4,Garage4_001662#1,workzone_wave1
C:\Users\jiahu\OneDrive\Documents\human_detect\work-zone-safety-rgbd-dataset\images\Garage4_001674.png,Garage4_001674,Garage4,1674,rgb,Garage4_001674#1,557.557251,357.076965,941.234985,719.333374,1.302246,1.302246,<3,conf2,indoor_garage,Garage4,Garage4_001674#1,workzone_wave1
C:\Users\jiahu\OneDrive\Documents\human_detect\work-zone-safety-rgbd-dataset\images\Garage4_001674.png,Garage4_001674,Garage4,1674,rgb,Garage4_001674#2,546.016724,410.366821,590.542847,538.218750,9.382812,9.382812,>6,conf1,indoor_garage,Garage4,Garage4_001674#2,workzone_wave1
C:\Users\jiahu\OneDrive\Documents\human_detect\work-zone-safety-rgbd-dataset\images\Garage4_001698.png,Garage4_001698,Garage4,1698,rgb,Garage4_001698#1,706.358887,385.459167,955.960571,719.241577,2.070312,2.070312,<3,conf1,indoor_garage,Garage4,Garage4_001698#1,workzone_wave1
C:\Users\jiahu\OneDrive\Documents\human_detect\work-zone-safety-rgbd-dataset\images\Garage4_001698.png,Garage4_001698,Garage4,1698,rgb,Garage4_001698#2,23.928892,378.891113,205.130615,719.380981,3.207031,3.207031,3-6,conf2,indoor_garage,Garage4,Garage4_001698#2,workzone_wave1
C:\Users\jiahu\OneDrive\Documents\human_detect\work-zone-safety-rgbd-dataset\images\Garage4_001698.png,Garage4_001698,Garage4,1698,rgb,Garage4_001698#3,531.816711,407.927582,566.844849,523.838623,,,>6,none,indoor_garage,Garage4,Garage4_001698#3,workzone_wave1
C:\Users\jiahu\OneDrive\Documents\human_detect\work-zone-safety-rgbd-dataset\images\Garage4_001740.png,Garage4_001740,Garage4,1740,rgb,Garage4_001740#1,725.339417,391.827942,859.439575,719.682129,3.503906,3.503906,3-6,conf1,indoor_garage,Garage4,Garage4_001740#1,workzone_wave1
C:\Users\jiahu\OneDrive\Documents\human_detect\work-zone-safety-rgbd-dataset\images\Garage4_001740.png,Garage4_001740,Garage4,1740,rgb,Garage4_001740#2,345.591125,383.230743,469.085144,719.382385,3.166016,3.166016,3-6,conf2,indoor_garage,Garage4,Garage4_001740#2,workzone_wave1
C:\Users\jiahu\OneDrive\Documents\human_detect\work-zone-safety-rgbd-dataset\images\Garage4_001740.png,Garage4_001740,Garage4,1740,rgb,Garage4_001740#3,487.532776,404.907990,519.212402,505.216644,,,>6,none,indoor_garage,Garage4,Garage4_001740#3,workzone_wave1
C:\Users\jiahu\OneDrive\Documents\human_detect\work-zone-safety-rgbd-dataset\images\Garage4_001752.png,Garage4_001752,Garage4,1752,rgb,Garage4_001752#1,371.542633,389.190033,513.639221,719.558960,3.482422,3.482422,3-6,conf2,indoor_garage,Garage4,Garage4_001752#1,workzone_wave1
C:\Users\jiahu\OneDrive\Documents\human_detect\work-zone-safety-rgbd-dataset\images\Garage4_001752.png,Garage4_001752,Garage4,1752,rgb,Garage4_001752#2,698.765869,398.603210,816.641724,719.407959,3.976562,3.976562,3-6,conf2,indoor_garage,Garage4,Garage4_001752#2,workzone_wave1
C:\Users\jiahu\OneDrive\Documents\human_detect\work-zone-safety-rgbd-dataset\images\Garage4_001764.png,Garage4_001764,Garage4,1764,rgb,Garage4_001764#1,438.756470,390.216431,557.588318,719.944458,3.849609,3.849609,3-6,conf2,indoor_garage,Garage4,Garage4_001764#1,workzone_wave1
C:\Users\jiahu\OneDrive\Documents\human_detect\work-zone-safety-rgbd-dataset\images\Garage4_001764.png,Garage4_001764,Garage4,1764,rgb,Garage4_001764#2,705.973022,393.766968,791.439514,673.763245,4.519531,4.519531,3-6,conf2,indoor_garage,Garage4,Garage4_001764#2,workzone_wave1
C:\Users\jiahu\OneDrive\Documents\human_detect\work-zone-safety-rgbd-dataset\images\Garage4_001776.png,Garage4_001776,Garage4,1776,rgb,Garage4_001776#1,479.504150,395.242920,587.598816,700.098877,4.175781,4.175781,3-6,conf2,indoor_garage,Garage4,Garage4_001776#1,workzone_wave1
C:\Users\jiahu\OneDrive\Documents\human_detect\work-zone-safety-rgbd-dataset\images\Garage4_001776.png,Garage4_001776,Garage4,1776,rgb,Garage4_001776#2,681.296021,397.762390,772.942505,655.304932,4.960938,4.960938,3-6,conf2,indoor_garage,Garage4,Garage4_001776#2,workzone_wave1
C:\Users\jiahu\OneDrive\Documents\human_detect\work-zone-safety-rgbd-dataset\images\Garage4_001776.png,Garage4_001776,Garage4,1776,rgb,Garage4_001776#3,439.700958,406.997498,468.101532,497.025421,,,>6,none,indoor_garage,Garage4,Garage4_001776#3,workzone_wave1
C:\Users\jiahu\OneDrive\Documents\human_detect\work-zone-safety-rgbd-dataset\images\Garage4_001788.png,Garage4_001788,Garage4,1788,rgb,Garage4_001788#1,509.326447,396.600952,603.259521,681.283081,4.507812,4.507812,3-6,conf2,indoor_garage,Garage4,Garage4_001788#1,workzone_wave1
C:\Users\jiahu\OneDrive\Documents\human_detect\work-zone-safety-rgbd-dataset\images\Garage4_001788.png,Garage4_001788,Garage4,1788,rgb,Garage4_001788#2,665.340576,404.784485,776.246216,643.441528,4.867188,4.867188,3-6,conf1,indoor_garage,Garage4,Garage4_001788#2,workzone_wave1
C:\Users\jiahu\OneDrive\Documents\human_detect\work-zone-safety-rgbd-dataset\images\Garage4_001788.png,Garage4_001788,Garage4,1788,rgb,Garage4_001788#3,427.268829,411.750366,452.637726,497.511108,,,>6,none,indoor_garage,Garage4,Garage4_001788#3,workzone_wave1
C:\Users\jiahu\OneDrive\Documents\human_detect\work-zone-safety-rgbd-dataset\images\Garage4_001800.png,Garage4_001800,Garage4,1800,rgb,Garage4_001800#1,537.023987,396.105011,622.663086,660.303711,4.906250,4.906250,3-6,conf2,indoor_garage,Garage4,Garage4_001800#1,workzone_wave1
C:\Users\jiahu\OneDrive\Documents\human_detect\work-zone-safety-rgbd-dataset\images\Garage4_001800.png,Garage4_001800,Garage4,1800,rgb,Garage4_001800#2,689.414368,399.541931,761.419250,619.329041,5.882812,5.882812,3-6,conf2,indoor_garage,Garage4,Garage4_001800#2,workzone_wave1
C:\Users\jiahu\OneDrive\Documents\human_detect\work-zone-safety-rgbd-dataset\images\Garage4_001812.png,Garage4_001812,Garage4,1812,rgb,Garage4_001812#1,547.508057,393.325470,639.049927,648.115112,5.156250,5.156250,3-6,conf2,indoor_garage,Garage4,Garage4_001812#1,workzone_wave1
C:\Users\jiahu\OneDrive\Documents\human_detect\work-zone-safety-rgbd-dataset\images\Garage4_001812.png,Garage4_001812,Garage4,1812,rgb,Garage4_001812#2,679.774902,401.549652,751.863770,601.228760,5.808594,5.808594,3-6,conf1,indoor_garage,Garage4,Garage4_001812#2,workzone_wave1
C:\Users\jiahu\OneDrive\Documents\human_detect\work-zone-safety-rgbd-dataset\images\Garage4_001824.png,Garage4_001824,Garage4,1824,rgb,Garage4_001824#1,560.984009,393.521210,649.492371,625.017822,5.542969,5.542969,3-6,conf2,indoor_garage,Garage4,Garage4_001824#1,workzone_wave1
C:\Users\jiahu\OneDrive\Documents\human_detect\work-zone-safety-rgbd-dataset\images\Garage4_001824.png,Garage4_001824,Garage4,1824,rgb,Garage4_001824#2,667.459534,407.099945,753.299683,597.241455,6.054688,6.054688,>6,conf1,indoor_garage,Garage4,Garage4_001824#2,workzone_wave1
C:\Users\jiahu\OneDrive\Documents\human_detect\work-zone-safety-rgbd-dataset\images\Garage4_001842.png,Garage4_001842,Garage4,1842,rgb,Garage4_001842#1,587.396790,399.190704,660.057983,610.346680,6.160156,6.160156,>6,conf2,indoor_garage,Garage4,Garage4_001842#1,workzone_wave1
C:\Users\jiahu\OneDrive\Documents\human_detect\work-zone-safety-rgbd-dataset\images\Garage4_001842.png,Garage4_001842,Garage4,1842,rgb,Garage4_001842#2,672.663574,406.926544,732.129272,578.300354,7.125000,7.125000,>6,conf1,indoor_garage,Garage4,Garage4_001842#2,workzone_wave1
C:\Users\jiahu\OneDrive\Documents\human_detect\work-zone-safety-rgbd-dataset\images\Garage4_001842.png,Garage4_001842,Garage4,1842,rgb,Garage4_001842#3,349.333332,402.333328,369.333332,484.333328,,,>6,none,indoor_garage,Garage4,Garage4_001842#3,workzone_wave1
C:\Users\jiahu\OneDrive\Documents\human_detect\work-zone-safety-rgbd-dataset\images\Garage4_001854.png,Garage4_001854,Garage4,1854,rgb,Garage4_001854#1,598.002441,402.883667,660.552124,597.608887,6.500000,6.500000,>6,conf2,indoor_garage,Garage4,Garage4_001854#1,workzone_wave1
C:\Users\jiahu\OneDrive\Documents\human_detect\work-zone-safety-rgbd-dataset\images\Garage4_001854.png,Garage4_001854,Garage4,1854,rgb,Garage4_001854#2,653.529968,405.650085,718.830688,566.717346,7.722656,7.722656,>6,conf1,indoor_garage,Garage4,Garage4_001854#2,workzone_wave1
C:\Users\jiahu\OneDrive\Documents\human_detect\work-zone-safety-rgbd-dataset\images\Garage4_001854.png,Garage4_001854,Garage4,1854,rgb,Garage4_001854#3,329.333332,402.333328,355.333332,455.333328,,,>6,none,indoor_garage,Garage4,Garage4_001854#3,workzone_wave1
C:\Users\jiahu\OneDrive\Documents\human_detect\work-zone-safety-rgbd-dataset\images\Garage4_001914.png,Garage4_001914,Garage4,1914,rgb,Garage4_001914#1,637.181030,406.887543,699.914185,561.325745,8.281250,8.281250,>6,conf1,indoor_garage,Garage4,Garage4_001914#1,workzone_wave1
C:\Users\jiahu\OneDrive\Documents\human_detect\work-zone-safety-rgbd-dataset\images\Garage4_001914.png,Garage4_001914,Garage4,1914,rgb,Garage4_001914#2,541.414124,410.956787,604.745178,533.046753,9.492188,9.492188,>6,conf1,indoor_garage,Garage4,Garage4_001914#2,workzone_wave1
C:\Users\jiahu\OneDrive\Documents\human_detect\work-zone-safety-rgbd-dataset\images\Garage4_002028.png,Garage4_002028,Garage4,2028,rgb,Garage4_002028#1,366.936829,395.822296,442.034271,604.190002,6.226562,6.226562,>6,conf2,indoor_garage,Garage4,Garage4_002028#1,workzone_wave1
C:\Users\jiahu\OneDrive\Documents\human_detect\work-zone-safety-rgbd-dataset\images\Garage4_002028.png,Garage4_002028,Garage4,2028,rgb,Garage4_002028#2,608.092224,404.301178,640.253479,512.390015,,,>6,none,indoor_garage,Garage4,Garage4_002028#2,workzone_wave1
C:\Users\jiahu\OneDrive\Documents\human_detect\work-zone-safety-rgbd-dataset\images\Garage4_002028.png,Garage4_002028,Garage4,2028,rgb,Garage4_002028#3,349.101746,408.555176,379.321472,500.782928,,,>6,none,indoor_garage,Garage4,Garage4_002028#3,workzone_wave1
C:\Users\jiahu\OneDrive\Documents\human_detect\work-zone-safety-rgbd-dataset\images\Garage4_002064.png,Garage4_002064,Garage4,2064,rgb,Garage4_002064#1,300.106873,393.624847,401.686829,666.729309,4.718750,4.718750,3-6,conf2,indoor_garage,Garage4,Garage4_002064#1,workzone_wave1
C:\Users\jiahu\OneDrive\Documents\human_detect\work-zone-safety-rgbd-dataset\images\Garage4_002064.png,Garage4_002064,Garage4,2064,rgb,Garage4_002064#2,412.812408,407.035126,442.161102,516.983521,,,>6,none,indoor_garage,Garage4,Garage4_002064#2,workzone_wave1
C:\Users\jiahu\OneDrive\Documents\human_detect\work-zone-safety-rgbd-dataset\images\Garage4_002064.png,Garage4_002064,Garage4,2064,rgb,Garage4_002064#3,553.789612,402.572205,580.115417,507.971191,11.312500,11.312500,>6,conf1,indoor_garage,Garage4,Garage4_002064#3,workzone_wave1
C:\Users\jiahu\OneDrive\Documents\human_detect\work-zone-safety-rgbd-dataset\images\Garage4_002076.png,Garage4_002076,Garage4,2076,rgb,Garage4_002076#1,270.118195,396.760071,383.911377,718.651611,4.148438,4.148438,3-6,conf2,indoor_garage,Garage4,Garage4_002076#1,workzone_wave1
C:\Users\jiahu\OneDrive\Documents\human_detect\work-zone-safety-rgbd-dataset\images\Garage4_002076.png,Garage4_002076,Garage4,2076,rgb,Garage4_002076#2,426.402771,406.776489,469.251587,522.606262,,,>6,none,indoor_garage,Garage4,Garage4_002076#2,workzone_wave1
C:\Users\jiahu\OneDrive\Documents\human_detect\work-zone-safety-rgbd-dataset\images\Garage4_002076.png,Garage4_002076,Garage4,2076,rgb,Garage4_002076#3,532.283997,405.953888,561.780334,507.660370,,,>6,none,indoor_garage,Garage4,Garage4_002076#3,workzone_wave1
C:\Users\jiahu\OneDrive\Documents\human_detect\work-zone-safety-rgbd-dataset\images\Garage4_002112.png,Garage4_002112,Garage4,2112,rgb,Garage4_002112#1,124.828125,373.944458,366.287598,719.286133,2.341797,2.341797,<3,conf2,indoor_garage,Garage4,Garage4_002112#1,workzone_wave1
C:\Users\jiahu\OneDrive\Documents\human_detect\work-zone-safety-rgbd-dataset\images\Garage4_002112.png,Garage4_002112,Garage4,2112,rgb,Garage4_002112#2,489.428009,408.061981,553.075562,541.145020,,,>6,none,indoor_garage,Garage4,Garage4_002112#2,workzone_wave1
C:\Users\jiahu\OneDrive\Documents\human_detect\work-zone-safety-rgbd-dataset\images\Garage4_002112.png,Garage4_002112,Garage4,2112,rgb,Garage4_002112#3,484.283997,401.613434,511.327332,516.401489,,,>6,none,indoor_garage,Garage4,Garage4_002112#3,workzone_wave1
C:\Users\jiahu\OneDrive\Documents\human_detect\work-zone-safety-rgbd-dataset\images\Garage4_002220.png,Garage4_002220,Garage4,2220,rgb,Garage4_002220#1,372.849731,405.501831,434.524200,561.333374,8.000000,8.000000,>6,conf1,indoor_garage,Garage4,Garage4_002220#1,workzone_wave1
C:\Users\jiahu\OneDrive\Documents\human_detect\work-zone-safety-rgbd-dataset\images\Pave1_000246.png,Pave1_000246,Pave1,246,rgb,Pave1_000246#1,0.334007,289.675262,133.696777,719.269653,1.333984,1.333984,<3,conf1,outdoor_pavement_closed_road_sim,Pave1,Pave1_000246#1,workzone_wave1
C:\Users\jiahu\OneDrive\Documents\human_detect\work-zone-safety-rgbd-dataset\images\Pave1_000258.png,Pave1_000258,Pave1,258,rgb,Pave1_000258#1,60.700752,306.646301,246.691498,719.572327,1.696289,1.696289,<3,conf2,outdoor_pavement_closed_road_sim,Pave1,Pave1_000258#1,workzone_wave1
C:\Users\jiahu\OneDrive\Documents\human_detect\work-zone-safety-rgbd-dataset\images\Pave1_000276.png,Pave1_000276,Pave1,276,rgb,Pave1_000276#1,181.312088,320.936096,413.880005,719.616394,2.175781,2.175781,<3,conf2,outdoor_pavement_closed_road_sim,Pave1,Pave1_000276#1,workzone_wave1
C:\Users\jiahu\OneDrive\Documents\human_detect\work-zone-safety-rgbd-dataset\images\Pave1_000336.png,Pave1_000336,Pave1,336,rgb,Pave1_000336#1,656.184204,321.765747,878.531494,719.258423,1.871094,1.871094,<3,conf2,outdoor_pavement_closed_road_sim,Pave1,Pave1_000336#1,workzone_wave1
C:\Users\jiahu\OneDrive\Documents\human_detect\work-zone-safety-rgbd-dataset\images\Pave1_000336.png,Pave1_000336,Pave1,336,rgb,Pave1_000336#2,369.927124,345.722595,487.895264,701.753601,3.503906,3.503906,3-6,conf2,outdoor_pavement_closed_road_sim,Pave1,Pave1_000336#2,workzone_wave1
C:\Users\jiahu\OneDrive\Documents\human_detect\work-zone-safety-rgbd-dataset\images\Pave1_000444.png,Pave1_000444,Pave1,444,rgb,Pave1_000444#1,193.953369,341.549072,304.545898,577.114258,5.244141,5.244141,3-6,conf1,outdoor_pavement_closed_road_sim,Pave1,Pave1_000444#1,workzone_wave1
C:\Users\jiahu\OneDrive\Documents\human_detect\work-zone-safety-rgbd-dataset\images\Pave1_000444.png,Pave1_000444,Pave1,444,rgb,Pave1_000444#2,478.127563,344.866638,558.180298,587.392151,5.425781,5.425781,3-6,conf2,outdoor_pavement_closed_road_sim,Pave1,Pave1_000444#2,workzone_wave1
C:\Users\jiahu\OneDrive\Documents\human_detect\work-zone-safety-rgbd-dataset\images\Pave1_000456.png,Pave1_000456,Pave1,456,rgb,Pave1_000456#1,132.651169,340.381714,269.439606,594.987488,,,3-6,none,outdoor_pavement_closed_road_sim,Pave1,Pave1_000456#1,workzone_wave1
C:\Users\jiahu\OneDrive\Documents\human_detect\work-zone-safety-rgbd-dataset\images\Pave1_000456.png,Pave1_000456,Pave1,456,rgb,Pave1_000456#2,461.309052,349.460999,549.537476,575.688721,5.566406,5.566406,3-6,conf1,outdoor_pavement_closed_road_sim,Pave1,Pave1_000456#2,workzone_wave1
C:\Users\jiahu\OneDrive\Documents\human_detect\work-zone-safety-rgbd-dataset\images\Pave1_000480.png,Pave1_000480,Pave1,480,rgb,Pave1_000480#1,101.572746,336.481171,215.422699,632.324158,4.515625,4.515625,3-6,conf2,outdoor_pavement_closed_road_sim,Pave1,Pave1_000480#1,workzone_wave1
C:\Users\jiahu\OneDrive\Documents\human_detect\work-zone-safety-rgbd-dataset\images\Pave1_000480.png,Pave1_000480,Pave1,480,rgb,Pave1_000480#2,470.689545,349.805908,536.758667,547.321899,6.582031,6.582031,>6,conf1,outdoor_pavement_closed_road_sim,Pave1,Pave1_000480#2,workzone_wave1
C:\Users\jiahu\OneDrive\Documents\human_detect\work-zone-safety-rgbd-dataset\images\Pave1_000516.png,Pave1_000516,Pave1,516,rgb,Pave1_000516#1,152.516235,336.880829,263.788269,695.373169,5.636719,5.636719,3-6,conf2,outdoor_pavement_closed_road_sim,Pave1,Pave1_000516#1,workzone_wave1
C:\Users\jiahu\OneDrive\Documents\human_detect\work-zone-safety-rgbd-dataset\images\Pave1_000516.png,Pave1_000516,Pave1,516,rgb,Pave1_000516#2,466.757324,355.361450,517.154175,511.872162,7.093750,7.093750,>6,conf1,outdoor_pavement_closed_road_sim,Pave1,Pave1_000516#2,workzone_wave1
C:\Users\jiahu\OneDrive\Documents\human_detect\work-zone-safety-rgbd-dataset\images\Pave1_000540.png,Pave1_000540,Pave1,540,rgb,Pave1_000540#1,217.161255,335.838806,351.672180,719.558838,3.117188,3.117188,3-6,conf2,outdoor_pavement_closed_road_sim,Pave1,Pave1_000540#1,workzone_wave1
C:\Users\jiahu\OneDrive\Documents\human_detect\work-zone-safety-rgbd-dataset\images\Pave1_000540.png,Pave1_000540,Pave1,540,rgb,Pave1_000540#2,427.470795,351.359467,467.562103,500.380920,8.085938,8.085938,>6,conf1,outdoor_pavement_closed_road_sim,Pave1,Pave1_000540#2,workzone_wave1
C:\Users\jiahu\OneDrive\Documents\human_detect\work-zone-safety-rgbd-dataset\images\Pave1_000552.png,Pave1_000552,Pave1,552,rgb,Pave1_000552#1,277.244385,338.962646,434.554596,719.477661,2.929688,2.929688,<3,conf2,outdoor_pavement_closed_road_sim,Pave1,Pave1_000552#1,workzone_wave1
C:\Users\jiahu\OneDrive\Documents\human_detect\work-zone-safety-rgbd-dataset\images\Pave1_000552.png,Pave1_000552,Pave1,552,rgb,Pave1_000552#3,395.206268,355.306274,440.784515,483.794678,,,>6,none,outdoor_pavement_closed_road_sim,Pave1,Pave1_000552#3,workzone_wave1
C:\Users\jiahu\OneDrive\Documents\human_detect\work-zone-safety-rgbd-dataset\images\Pave1_000564.png,Pave1_000564,Pave1,564,rgb,Pave1_000564#1,362.908386,332.892181,471.455322,719.456360,2.632812,2.632812,<3,conf1,outdoor_pavement_closed_road_sim,Pave1,Pave1_000564#1,workzone_wave1
C:\Users\jiahu\OneDrive\Documents\human_detect\work-zone-safety-rgbd-dataset\images\Pave1_000564.png,Pave1_000564,Pave1,564,rgb,Pave1_000564#2,353.333332,352.333328,393.333332,423.333328,,,>6,none,outdoor_pavement_closed_road_sim,Pave1,Pave1_000564#2,workzone_wave1
C:\Users\jiahu\OneDrive\Documents\human_detect\work-zone-safety-rgbd-dataset\images\Pave1_000618.png,Pave1_000618,Pave1,618,rgb,Pave1_000618#1,781.328796,328.108063,959.410217,719.247314,1.772461,1.772461,<3,conf2,outdoor_pavement_closed_road_sim,Pave1,Pave1_000618#1,workzone_wave1
C:\Users\jiahu\OneDrive\Documents\human_detect\work-zone-safety-rgbd-dataset\images\Pave1_000618.png,Pave1_000618,Pave1,618,rgb,Pave1_000618#3,222.768585,345.913788,272.053955,528.379272,,,>6,none,outdoor_pavement_closed_road_sim,Pave1,Pave1_000618#3,workzone_wave1
C:\Users\jiahu\OneDrive\Documents\human_detect\work-zone-safety-rgbd-dataset\images\Pave1_000630.png,Pave1_000630,Pave1,630,rgb,Pave1_000630#1,884.290771,419.455658,960.000000,712.523315,,,<3,none,outdoor_pavement_closed_road_sim,Pave1,Pave1_000630#1,workzone_wave1
C:\Users\jiahu\OneDrive\Documents\human_detect\work-zone-safety-rgbd-dataset\images\Pave1_000630.png,Pave1_000630,Pave1,630,rgb,Pave1_000630#2,203.758011,342.634125,263.275696,532.443359,,,>6,none,outdoor_pavement_closed_road_sim,Pave1,Pave1_000630#2,workzone_wave1
C:\Users\jiahu\OneDrive\Documents\human_detect\work-zone-safety-rgbd-dataset\images\Pave1_000654.png,Pave1_000654,Pave1,654,rgb,Pave1_000654#1,152.477539,333.571289,245.002045,568.313416,5.667969,5.667969,3-6,conf2,outdoor_pavement_closed_road_sim,Pave1,Pave1_000654#1,workzone_wave1
C:\Users\jiahu\OneDrive\Documents\human_detect\work-zone-safety-rgbd-dataset\images\Pave1_000666.png,Pave1_000666,Pave1,666,rgb,Pave1_000666#1,152.935257,330.792480,249.823151,581.012695,5.058594,5.058594,3-6,conf1,outdoor_pavement_closed_road_sim,Pave1,Pave1_000666#1,workzone_wave1
C:\Users\jiahu\OneDrive\Documents\human_detect\work-zone-safety-rgbd-dataset\images\Pave1_000732.png,Pave1_000732,Pave1,732,rgb,Pave1_000732#1,186.577682,341.022827,338.427521,718.928162,3.001953,3.001953,3-6,conf2,outdoor_pavement_closed_road_sim,Pave1,Pave1_000732#1,workzone_wave1
C:\Users\jiahu\OneDrive\Documents\human_detect\work-zone-safety-rgbd-dataset\images\Pave1_000732.png,Pave1_000732,Pave1,732,rgb,Pave1_000732#2,432.902710,335.855835,581.336426,719.443237,2.611328,2.611328,<3,conf2,outdoor_pavement_closed_road_sim,Pave1,Pave1_000732#2,workzone_wave1
C:\Users\jiahu\OneDrive\Documents\human_detect\work-zone-safety-rgbd-dataset\images\Pave1_000744.png,Pave1_000744,Pave1,744,rgb,Pave1_000744#1,217.827530,328.509277,389.904907,719.397278,2.550781,2.550781,<3,conf2,outdoor_pavement_closed_road_sim,Pave1,Pave1_000744#1,workzone_wave1
C:\Users\jiahu\OneDrive\Documents\human_detect\work-zone-safety-rgbd-dataset\images\Pave1_000744.png,Pave1_000744,Pave1,744,rgb,Pave1_000744#2,423.701477,344.081146,556.283020,718.445068,2.994141,2.994141,<3,conf2,outdoor_pavement_closed_road_sim,Pave1,Pave1_000744#2,workzone_wave1
C:\Users\jiahu\OneDrive\Documents\human_detect\work-zone-safety-rgbd-dataset\images\Pave1_000762.png,Pave1_000762,Pave1,762,rgb,Pave1_000762#1,240.725784,314.776825,447.221436,719.450867,1.873047,1.873047,<3,conf2,outdoor_pavement_closed_road_sim,Pave1,Pave1_000762#1,workzone_wave1
C:\Users\jiahu\OneDrive\Documents\human_detect\work-zone-safety-rgbd-dataset\images\Pave1_000762.png,Pave1_000762,Pave1,762,rgb,Pave1_000762#2,417.825165,348.484039,510.949951,697.114929,3.504883,3.504883,3-6,conf2,outdoor_pavement_closed_road_sim,Pave1,Pave1_000762#2,workzone_wave1
C:\Users\jiahu\OneDrive\Documents\human_detect\work-zone-safety-rgbd-dataset\images\Pave1_000786.png,Pave1_000786,Pave1,786,rgb,Pave1_000786#1,442.070709,328.949066,741.386841,719.286438,1.223633,1.223633,<3,conf2,outdoor_pavement_closed_road_sim,Pave1,Pave1_000786#1,workzone_wave1
C:\Users\jiahu\OneDrive\Documents\human_detect\work-zone-safety-rgbd-dataset\images\Pave1_000786.png,Pave1_000786,Pave1,786,rgb,Pave1_000786#2,404.459290,347.393372,490.522888,622.073853,4.390625,4.390625,3-6,conf2,outdoor_pavement_closed_road_sim,Pave1,Pave1_000786#2,workzone_wave1
C:\Users\jiahu\OneDrive\Documents\human_detect\work-zone-safety-rgbd-dataset\images\Pave1_000798.png,Pave1_000798,Pave1,798,rgb,Pave1_000798#1,626.031738,329.298279,959.887756,718.940063,0.880859,0.880859,<3,conf2,outdoor_pavement_closed_road_sim,Pave1,Pave1_000798#1,workzone_wave1
C:\Users\jiahu\OneDrive\Documents\human_detect\work-zone-safety-rgbd-dataset\images\Pave1_000798.png,Pave1_000798,Pave1,798,rgb,Pave1_000798#2,389.462311,349.216614,473.479431,604.952881,4.792969,4.792969,3-6,conf2,outdoor_pavement_closed_road_sim,Pave1,Pave1_000798#2,workzone_wave1
C:\Users\jiahu\OneDrive\Documents\human_detect\work-zone-safety-rgbd-dataset\images\Pave1_000816.png,Pave1_000816,Pave1,816,rgb,Pave1_000816#1,384.340668,348.945801,461.466705,579.526489,5.310547,5.310547,3-6,conf2,outdoor_pavement_closed_road_sim,Pave1,Pave1_000816#1,workzone_wave1
C:\Users\jiahu\OneDrive\Documents\human_detect\work-zone-safety-rgbd-dataset\images\Pave1_001098.png,Pave1_001098,Pave1,1098,rgb,Pave1_001098#1,299.398987,346.964172,370.076965,501.953979,7.853516,7.853516,>6,conf1,outdoor_pavement_closed_road_sim,Pave1,Pave1_001098#1,workzone_wave1
C:\Users\jiahu\OneDrive\Documents\human_detect\work-zone-safety-rgbd-dataset\images\Pave1_001110.png,Pave1_001110,Pave1,1110,rgb,Pave1_001110#1,277.719299,346.167572,323.286499,502.894592,7.833984,7.833984,>6,conf2,outdoor_pavement_closed_road_sim,Pave1,Pave1_001110#1,workzone_wave1
C:\Users\jiahu\OneDrive\Documents\human_detect\work-zone-safety-rgbd-dataset\images\Pave1_001122.png,Pave1_001122,Pave1,1122,rgb,Pave1_001122#1,216.662781,345.740784,302.958008,507.078308,7.830078,7.830078,>6,conf1,outdoor_pavement_closed_road_sim,Pave1,Pave1_001122#1,workzone_wave1
C:\Users\jiahu\OneDrive\Documents\human_detect\work-zone-safety-rgbd-dataset\images\Pave1_001146.png,Pave1_001146,Pave1,1146,rgb,Pave1_001146#1,160.670059,338.456421,229.458847,525.362610,6.843750,6.843750,>6,conf2,outdoor_pavement_closed_road_sim,Pave1,Pave1_001146#1,workzone_wave1
C:\Users\jiahu\OneDrive\Documents\human_detect\work-zone-safety-rgbd-dataset\images\Pave1_001188.png,Pave1_001188,Pave1,1188,rgb,Pave1_001188#1,142.928467,339.470154,239.738754,590.403015,5.218750,5.218750,3-6,conf1,outdoor_pavement_closed_road_sim,Pave1,Pave1_001188#1,workzone_wave1
C:\Users\jiahu\OneDrive\Documents\human_detect\work-zone-safety-rgbd-dataset\images\Pave1_001236.png,Pave1_001236,Pave1,1236,rgb,Pave1_001236#1,308.845459,340.911346,418.848450,666.213501,3.880859,3.880859,3-6,conf2,outdoor_pavement_closed_road_sim,Pave1,Pave1_001236#1,workzone_wave1
C:\Users\jiahu\OneDrive\Documents\human_detect\work-zone-safety-rgbd-dataset\images\Pave1_001236.png,Pave1_001236,Pave1,1236,rgb,Pave1_001236#2,638.630005,350.138031,751.472656,667.129883,3.937500,3.937500,3-6,conf2,outdoor_pavement_closed_road_sim,Pave1,Pave1_001236#2,workzone_wave1
C:\Users\jiahu\OneDrive\Documents\human_detect\work-zone-safety-rgbd-dataset\images\Pave1_001254.png,Pave1_001254,Pave1,1254,rgb,Pave1_001254#1,369.361206,346.345917,525.321289,698.111206,3.513672,3.513672,3-6,conf2,outdoor_pavement_closed_road_sim,Pave1,Pave1_001254#1,workzone_wave1
C:\Users\jiahu\OneDrive\Documents\human_detect\work-zone-safety-rgbd-dataset\images\Pave1_001254.png,Pave1_001254,Pave1,1254,rgb,Pave1_001254#2,560.705933,350.803375,655.424683,633.704224,4.218750,4.218750,3-6,conf2,outdoor_pavement_closed_road_sim,Pave1,Pave1_001254#2,workzone_wave1
C:\Users\jiahu\OneDrive\Documents\human_detect\work-zone-safety-rgbd-dataset\images\Pave1_001380.png,Pave1_001380,Pave1,1380,rgb,Pave1_001380#1,523.491394,314.296600,883.044067,719.355713,1.368164,1.368164,<3,conf2,outdoor_pavement_closed_road_sim,Pave1,Pave1_001380#1,workzone_wave1
C:\Users\jiahu\OneDrive\Documents\human_detect\work-zone-safety-rgbd-dataset\images\Pave1_001380.png,Pave1_001380,Pave1,1380,rgb,Pave1_001380#2,62.844269,338.932190,174.763336,574.680481,,,3-6,none,outdoor_pavement_closed_road_sim,Pave1,Pave1_001380#2,workzone_wave1
C:\Users\jiahu\OneDrive\Documents\human_detect\work-zone-safety-rgbd-dataset\images\Pave1_001452.png,Pave1_001452,Pave1,1452,rgb,Pave1_001452#1,56.237175,323.679474,212.668442,718.134399,2.900391,2.900391,<3,conf2,outdoor_pavement_closed_road_sim,Pave1,Pave1_001452#1,workzone_wave1
C:\Users\jiahu\OneDrive\Documents\human_detect\work-zone-safety-rgbd-dataset\images\Pave1_001482.png,Pave1_001482,Pave1,1482,rgb,Pave1_001482#1,49.148483,331.669128,173.419495,647.023804,3.894531,3.894531,3-6,conf2,outdoor_pavement_closed_road_sim,Pave1,Pave1_001482#1,workzone_wave1
C:\Users\jiahu\OneDrive\Documents\human_detect\work-zone-safety-rgbd-dataset\images\Pave1_001500.png,Pave1_001500,Pave1,1500,rgb,Pave1_001500#1,56.505341,336.303650,166.837341,616.311523,4.390625,4.390625,3-6,conf2,outdoor_pavement_closed_road_sim,Pave1,Pave1_001500#1,workzone_wave1
C:\Users\jiahu\OneDrive\Documents\human_detect\work-zone-safety-rgbd-dataset\images\Pave1_001536.png,Pave1_001536,Pave1,1536,rgb,Pave1_001536#1,107.939987,317.346436,267.739929,719.604614,1.807617,1.807617,<3,conf2,outdoor_pavement_closed_road_sim,Pave1,Pave1_001536#1,workzone_wave1
C:\Users\jiahu\OneDrive\Documents\human_detect\work-zone-safety-rgbd-dataset\images\Pave1_001674.png,Pave1_001674,Pave1,1674,rgb,Pave1_001674#1,493.553284,346.765869,612.257629,677.628418,3.753906,3.753906,3-6,conf2,outdoor_pavement_closed_road_sim,Pave1,Pave1_001674#1,workzone_wave1
C:\Users\jiahu\OneDrive\Documents\human_detect\work-zone-safety-rgbd-dataset\images\Pave1_001698.png,Pave1_001698,Pave1,1698,rgb,Pave1_001698#1,543.044495,343.470428,700.104309,719.449829,2.980469,2.980469,<3,conf2,outdoor_pavement_closed_road_sim,Pave1,Pave1_001698#1,workzone_wave1
C:\Users\jiahu\OneDrive\Documents\human_detect\work-zone-safety-rgbd-dataset\images\Pave1_001698.png,Pave1_001698,Pave1,1698,rgb,Pave1_001698#2,463.524811,349.364960,540.124634,565.356445,5.796875,5.796875,3-6,conf1,outdoor_pavement_closed_road_sim,Pave1,Pave1_001698#2,workzone_wave1
C:\Users\jiahu\OneDrive\Documents\human_detect\work-zone-safety-rgbd-dataset\images\Pave1_001722.png,Pave1_001722,Pave1,1722,rgb,Pave1_001722#1,603.954163,338.967041,831.370422,720.000000,2.244141,2.244141,<3,conf2,outdoor_pavement_closed_road_sim,Pave1,Pave1_001722#1,workzone_wave1
C:\Users\jiahu\OneDrive\Documents\human_detect\work-zone-safety-rgbd-dataset\images\Pave1_001722.png,Pave1_001722,Pave1,1722,rgb,Pave1_001722#2,411.850616,352.916718,459.770172,548.970154,,,>6,none,outdoor_pavement_closed_road_sim,Pave1,Pave1_001722#2,workzone_wave1
C:\Users\jiahu\OneDrive\Documents\human_detect\work-zone-safety-rgbd-dataset\images\Pave1_001776.png,Pave1_001776,Pave1,1776,rgb,Pave1_001776#1,108.377075,304.585724,298.704102,720.000000,1.376953,1.376953,<3,conf2,outdoor_pavement_closed_road_sim,Pave1,Pave1_001776#1,workzone_wave1
C:\Users\jiahu\OneDrive\Documents\human_detect\work-zone-safety-rgbd-dataset\images\Pave1_001830.png,Pave1_001830,Pave1,1830,rgb,Pave1_001830#1,93.633659,336.900574,201.885864,596.526550,4.597656,4.597656,3-6,conf1,outdoor_pavement_closed_road_sim,Pave1,Pave1_001830#1,workzone_wave1
C:\Users\jiahu\OneDrive\Documents\human_detect\work-zone-safety-rgbd-dataset\images\Pave1_001854.png,Pave1_001854,Pave1,1854,rgb,Pave1_001854#1,103.080460,337.861267,218.613510,656.634888,4.183594,4.183594,3-6,conf1,outdoor_pavement_closed_road_sim,Pave1,Pave1_001854#1,workzone_wave1
C:\Users\jiahu\OneDrive\Documents\human_detect\work-zone-safety-rgbd-dataset\images\Pave1_001866.png,Pave1_001866,Pave1,1866,rgb,Pave1_001866#1,110.999908,331.618164,234.584885,659.260010,3.837891,3.837891,3-6,conf2,outdoor_pavement_closed_road_sim,Pave1,Pave1_001866#1,workzone_wave1
C:\Users\jiahu\OneDrive\Documents\human_detect\work-zone-safety-rgbd-dataset\images\Pave1_001878.png,Pave1_001878,Pave1,1878,rgb,Pave1_001878#1,135.682281,337.605743,266.007263,684.048157,3.509766,3.509766,3-6,conf2,outdoor_pavement_closed_road_sim,Pave1,Pave1_001878#1,workzone_wave1
C:\Users\jiahu\OneDrive\Documents\human_detect\work-zone-safety-rgbd-dataset\images\Pave1_001896.png,Pave1_001896,Pave1,1896,rgb,Pave1_001896#1,207.973022,334.259766,339.356506,719.664062,3.130859,3.130859,3-6,conf2,outdoor_pavement_closed_road_sim,Pave1,Pave1_001896#1,workzone_wave1
C:\Users\jiahu\OneDrive\Documents\human_detect\work-zone-safety-rgbd-dataset\images\Pave1_001908.png,Pave1_001908,Pave1,1908,rgb,Pave1_001908#1,243.065369,340.071289,373.411926,719.138245,2.826172,2.826172,<3,conf2,outdoor_pavement_closed_road_sim,Pave1,Pave1_001908#1,workzone_wave1
C:\Users\jiahu\OneDrive\Documents\human_detect\work-zone-safety-rgbd-dataset\images\Pave1_001920.png,Pave1_001920,Pave1,1920,rgb,Pave1_001920#1,301.745270,337.028198,509.946167,719.993286,2.605469,2.605469,<3,conf2,outdoor_pavement_closed_road_sim,Pave1,Pave1_001920#1,workzone_wave1
C:\Users\jiahu\OneDrive\Documents\human_detect\work-zone-safety-rgbd-dataset\images\Pave1_001950.png,Pave1_001950,Pave1,1950,rgb,Pave1_001950#1,526.507446,334.743439,678.398193,719.571899,1.879883,1.879883,<3,conf2,outdoor_pavement_closed_road_sim,Pave1,Pave1_001950#1,workzone_wave1
C:\Users\jiahu\OneDrive\Documents\human_detect\work-zone-safety-rgbd-dataset\images\Pave1_001950.png,Pave1_001950,Pave1,1950,rgb,Pave1_001950#2,29.956432,345.706726,106.756699,527.296631,,,3-6,none,outdoor_pavement_closed_road_sim,Pave1,Pave1_001950#2,workzone_wave1
C:\Users\jiahu\OneDrive\Documents\human_detect\work-zone-safety-rgbd-dataset\images\Pave1_002040.png,Pave1_002040,Pave1,2040,rgb,Pave1_002040#1,579.268860,342.341064,736.293701,719.505737,2.914062,2.914062,<3,conf2,outdoor_pavement_closed_road_sim,Pave1,Pave1_002040#1,workzone_wave1
C:\Users\jiahu\OneDrive\Documents\human_detect\work-zone-safety-rgbd-dataset\images\Pave1_002040.png,Pave1_002040,Pave1,2040,rgb,Pave1_002040#2,311.161102,355.503998,360.302917,499.864746,7.277344,7.277344,>6,conf1,outdoor_pavement_closed_road_sim,Pave1,Pave1_002040#2,workzone_wave1
C:\Users\jiahu\OneDrive\Documents\human_detect\work-zone-safety-rgbd-dataset\images\Pave1_002118.png,Pave1_002118,Pave1,2118,rgb,Pave1_002118#1,505.780273,352.039368,597.878052,614.956726,4.824219,4.824219,3-6,conf2,outdoor_pavement_closed_road_sim,Pave1,Pave1_002118#1,workzone_wave1
C:\Users\jiahu\OneDrive\Documents\human_detect\work-zone-safety-rgbd-dataset\images\Pave1_002118.png,Pave1_002118,Pave1,2118,rgb,Pave1_002118#2,404.325562,352.833710,437.255554,488.476685,,,>6,none,outdoor_pavement_closed_road_sim,Pave1,Pave1_002118#2,workzone_wave1
C:\Users\jiahu\OneDrive\Documents\human_detect\work-zone-safety-rgbd-dataset\images\Pave1_002148.png,Pave1_002148,Pave1,2148,rgb,Pave1_002148#1,486.069641,348.966431,569.099792,573.717896,5.658203,5.658203,3-6,conf2,outdoor_pavement_closed_road_sim,Pave1,Pave1_002148#1,workzone_wave1
C:\Users\jiahu\OneDrive\Documents\human_detect\work-zone-safety-rgbd-dataset\images\Pave1_002148.png,Pave1_002148,Pave1,2148,rgb,Pave1_002148#2,367.406281,354.662292,417.623840,487.638702,,,>6,none,outdoor_pavement_closed_road_sim,Pave1,Pave1_002148#2,workzone_wave1
C:\Users\jiahu\OneDrive\Documents\human_detect\work-zone-safety-rgbd-dataset\images\Pave1_002262.png,Pave1_002262,Pave1,2262,rgb,Pave1_002262#1,332.460327,351.561768,403.074371,550.886475,6.507812,6.507812,>6,conf2,outdoor_pavement_closed_road_sim,Pave1,Pave1_002262#1,workzone_wave1
C:\Users\jiahu\OneDrive\Documents\human_detect\work-zone-safety-rgbd-dataset\images\Pave1_002262.png,Pave1_002262,Pave1,2262,rgb,Pave1_002262#2,262.348572,349.845520,322.613098,510.743408,7.509766,7.509766,>6,conf2,outdoor_pavement_closed_road_sim,Pave1,Pave1_002262#2,workzone_wave1
C:\Users\jiahu\OneDrive\Documents\human_detect\work-zone-safety-rgbd-dataset\images\Pave1_002274.png,Pave1_002274,Pave1,2274,rgb,Pave1_002274#1,321.890503,347.863342,401.886353,553.786072,6.164062,6.164062,>6,conf2,outdoor_pavement_closed_road_sim,Pave1,Pave1_002274#1,workzone_wave1
C:\Users\jiahu\OneDrive\Documents\human_detect\work-zone-safety-rgbd-dataset\images\Pave1_002274.png,Pave1_002274,Pave1,2274,rgb,Pave1_002274#2,260.909851,347.532867,323.176453,510.527893,7.496094,7.496094,>6,conf2,outdoor_pavement_closed_road_sim,Pave1,Pave1_002274#2,workzone_wave1
C:\Users\jiahu\OneDrive\Documents\human_detect\work-zone-safety-rgbd-dataset\images\Pave1_002286.png,Pave1_002286,Pave1,2286,rgb,Pave1_002286#1,329.957336,348.421417,404.205780,570.936279,5.742188,5.742188,3-6,conf2,outdoor_pavement_closed_road_sim,Pave1,Pave1_002286#1,workzone_wave1
C:\Users\jiahu\OneDrive\Documents\human_detect\work-zone-safety-rgbd-dataset\images\Pave1_002286.png,Pave1_002286,Pave1,2286,rgb,Pave1_002286#2,261.728271,357.031555,320.480957,511.174011,7.468750,7.468750,>6,conf2,outdoor_pavement_closed_road_sim,Pave1,Pave1_002286#2,workzone_wave1
C:\Users\jiahu\OneDrive\Documents\human_detect\work-zone-safety-rgbd-dataset\images\Pave1_002298.png,Pave1_002298,Pave1,2298,rgb,Pave1_002298#1,324.386444,349.772919,412.143311,588.819214,5.417969,5.417969,3-6,conf2,outdoor_pavement_closed_road_sim,Pave1,Pave1_002298#1,workzone_wave1
C:\Users\jiahu\OneDrive\Documents\human_detect\work-zone-safety-rgbd-dataset\images\Pave1_002298.png,Pave1_002298,Pave1,2298,rgb,Pave1_002298#2,262.687256,360.760223,319.866455,510.738464,7.328125,7.328125,>6,conf2,outdoor_pavement_closed_road_sim,Pave1,Pave1_002298#2,workzone_wave1
C:\Users\jiahu\OneDrive\Documents\human_detect\work-zone-safety-rgbd-dataset\images\Pave1_002322.png,Pave1_002322,Pave1,2322,rgb,Pave1_002322#1,322.844604,348.159912,418.142670,621.801208,4.746094,4.746094,3-6,conf2,outdoor_pavement_closed_road_sim,Pave1,Pave1_002322#1,workzone_wave1
C:\Users\jiahu\OneDrive\Documents\human_detect\work-zone-safety-rgbd-dataset\images\Pave1_002322.png,Pave1_002322,Pave1,2322,rgb,Pave1_002322#2,232.438782,346.601593,303.118439,518.237000,6.480469,6.480469,>6,conf1,outdoor_pavement_closed_road_sim,Pave1,Pave1_002322#2,workzone_wave1
C:\Users\jiahu\OneDrive\Documents\human_detect\work-zone-safety-rgbd-dataset\images\Pave1_002346.png,Pave1_002346,Pave1,2346,rgb,Pave1_002346#1,314.282654,343.596527,424.133667,660.348999,3.988281,3.988281,3-6,conf2,outdoor_pavement_closed_road_sim,Pave1,Pave1_002346#1,workzone_wave1
C:\Users\jiahu\OneDrive\Documents\human_detect\work-zone-safety-rgbd-dataset\images\Pave1_002346.png,Pave1_002346,Pave1,2346,rgb,Pave1_002346#2,194.969177,343.729065,263.991974,535.570862,6.417969,6.417969,>6,conf1,outdoor_pavement_closed_road_sim,Pave1,Pave1_002346#2,workzone_wave1
C:\Users\jiahu\OneDrive\Documents\human_detect\work-zone-safety-rgbd-dataset\images\Pave1_002454.png,Pave1_002454,Pave1,2454,rgb,Pave1_002454#1,601.286804,305.497681,957.751831,719.299927,1.152344,1.152344,<3,conf2,outdoor_pavement_closed_road_sim,Pave1,Pave1_002454#1,workzone_wave1
C:\Users\jiahu\OneDrive\Documents\human_detect\work-zone-safety-rgbd-dataset\images\Pave1_002454.png,Pave1_002454,Pave1,2454,rgb,Pave1_002454#2,145.161194,322.628357,278.392517,707.180420,3.404297,3.404297,3-6,conf2,outdoor_pavement_closed_road_sim,Pave1,Pave1_002454#2,workzone_wave1
C:\Users\jiahu\OneDrive\Documents\human_detect\work-zone-safety-rgbd-dataset\images\Pave1_002502.png,Pave1_002502,Pave1,2502,rgb,Pave1_002502#1,16.283089,314.662354,342.633057,719.332520,1.708008,1.708008,<3,conf2,outdoor_pavement_closed_road_sim,Pave1,Pave1_002502#1,workzone_wave1
C:\Users\jiahu\OneDrive\Documents\human_detect\work-zone-safety-rgbd-dataset\images\Pave1_002502.png,Pave1_002502,Pave1,2502,rgb,Pave1_002502#2,543.386902,317.015320,811.215454,719.489258,1.342773,1.342773,<3,conf2,outdoor_pavement_closed_road_sim,Pave1,Pave1_002502#2,workzone_wave1
C:\Users\jiahu\OneDrive\Documents\human_detect\work-zone-safety-rgbd-dataset\images\Pave1_002514.png,Pave1_002514,Pave1,2514,rgb,Pave1_002514#1,0.556046,252.963379,248.625763,718.379028,1.175781,1.175781,<3,conf2,outdoor_pavement_closed_road_sim,Pave1,Pave1_002514#1,workzone_wave1
C:\Users\jiahu\OneDrive\Documents\human_detect\work-zone-safety-rgbd-dataset\images\Pave1_002514.png,Pave1_002514,Pave1,2514,rgb,Pave1_002514#2,462.965790,320.423706,738.906128,719.116089,1.648926,1.648926,<3,conf2,outdoor_pavement_closed_road_sim,Pave1,Pave1_002514#2,workzone_wave1
C:\Users\jiahu\OneDrive\Documents\human_detect\work-zone-safety-rgbd-dataset\images\Pave1_002538.png,Pave1_002538,Pave1,2538,rgb,Pave1_002538#1,462.879913,334.510498,608.187012,719.196594,2.212891,2.212891,<3,conf2,outdoor_pavement_closed_road_sim,Pave1,Pave1_002538#1,workzone_wave1
C:\Users\jiahu\OneDrive\Documents\human_detect\work-zone-safety-rgbd-dataset\images\Pave1_002562.png,Pave1_002562,Pave1,2562,rgb,Pave1_002562#1,468.239410,333.394348,591.808716,719.676147,2.736328,2.736328,<3,conf2,outdoor_pavement_closed_road_sim,Pave1,Pave1_002562#1,workzone_wave1
C:\Users\jiahu\OneDrive\Documents\human_detect\work-zone-safety-rgbd-dataset\images\Pave1_002580.png,Pave1_002580,Pave1,2580,rgb,Pave1_002580#1,512.985352,336.825439,653.279175,718.788330,2.730469,2.730469,<3,conf2,outdoor_pavement_closed_road_sim,Pave1,Pave1_002580#1,workzone_wave1
C:\Users\jiahu\OneDrive\Documents\human_detect\work-zone-safety-rgbd-dataset\images\Pave1_002592.png,Pave1_002592,Pave1,2592,rgb,Pave1_002592#1,550.465210,339.757263,727.651978,719.482849,2.513672,2.513672,<3,conf2,outdoor_pavement_closed_road_sim,Pave1,Pave1_002592#1,workzone_wave1
C:\Users\jiahu\OneDrive\Documents\human_detect\work-zone-safety-rgbd-dataset\images\Pave1_002610.png,Pave1_002610,Pave1,2610,rgb,Pave1_002610#1,559.837891,335.975555,767.466309,719.426270,2.138672,2.138672,<3,conf2,outdoor_pavement_closed_road_sim,Pave1,Pave1_002610#1,workzone_wave1
C:\Users\jiahu\OneDrive\Documents\human_detect\work-zone-safety-rgbd-dataset\images\Pave1_002634.png,Pave1_002634,Pave1,2634,rgb,Pave1_002634#1,649.893677,329.288361,959.216125,719.432190,1.684570,1.684570,<3,conf2,outdoor_pavement_closed_road_sim,Pave1,Pave1_002634#1,workzone_wave1
C:\Users\jiahu\OneDrive\Documents\human_detect\work-zone-safety-rgbd-dataset\images\Pave2_000132.png,Pave2_000132,Pave2,132,rgb,Pave2_000132#1,684.957092,348.917023,777.776123,611.163574,4.722656,4.722656,3-6,conf2,outdoor_pavement_closed_road_sim,Pave2,Pave2_000132#1,workzone_wave1
C:\Users\jiahu\OneDrive\Documents\human_detect\work-zone-safety-rgbd-dataset\images\Pave2_000144.png,Pave2_000144,Pave2,144,rgb,Pave2_000144#1,666.374512,351.331573,753.220215,601.567017,5.035156,5.035156,3-6,conf2,outdoor_pavement_closed_road_sim,Pave2,Pave2_000144#1,workzone_wave1
C:\Users\jiahu\OneDrive\Documents\human_detect\work-zone-safety-rgbd-dataset\images\Pave2_000168.png,Pave2_000168,Pave2,168,rgb,Pave2_000168#1,635.749023,351.488617,711.728271,563.522095,5.839844,5.839844,3-6,conf2,outdoor_pavement_closed_road_sim,Pave2,Pave2_000168#1,workzone_wave1
C:\Users\jiahu\OneDrive\Documents\human_detect\work-zone-safety-rgbd-dataset\images\Pave2_000192.png,Pave2_000192,Pave2,192,rgb,Pave2_000192#1,600.475647,354.336578,689.149170,548.239197,17.281250,17.281250,>6,conf1,outdoor_pavement_closed_road_sim,Pave2,Pave2_000192#1,workzone_wave1
C:\Users\jiahu\OneDrive\Documents\human_detect\work-zone-safety-rgbd-dataset\images\Pave2_000210.png,Pave2_000210,Pave2,210,rgb,Pave2_000210#1,573.181885,356.849792,645.824890,530.892395,7.226562,7.226562,>6,conf1,outdoor_pavement_closed_road_sim,Pave2,Pave2_000210#1,workzone_wave1
C:\Users\jiahu\OneDrive\Documents\human_detect\work-zone-safety-rgbd-dataset\images\Pave2_000234.png,Pave2_000234,Pave2,234,rgb,Pave2_000234#1,521.617493,351.822784,563.144653,513.423828,,,>6,none,outdoor_pavement_closed_road_sim,Pave2,Pave2_000234#1,workzone_wave1
C:\Users\jiahu\OneDrive\Documents\human_detect\work-zone-safety-rgbd-dataset\images\Pave2_000246.png,Pave2_000246,Pave2,246,rgb,Pave2_000246#1,479.157806,355.614624,540.468506,517.106445,16.710938,16.710938,>6,conf1,outdoor_pavement_closed_road_sim,Pave2,Pave2_000246#1,workzone_wave1
C:\Users\jiahu\OneDrive\Documents\human_detect\work-zone-safety-rgbd-dataset\images\Pave2_000258.png,Pave2_000258,Pave2,258,rgb,Pave2_000258#1,428.969971,352.394867,508.366699,511.733826,16.843750,16.843750,>6,conf1,outdoor_pavement_closed_road_sim,Pave2,Pave2_000258#1,workzone_wave1
C:\Users\jiahu\OneDrive\Documents\human_detect\work-zone-safety-rgbd-dataset\images\Pave2_000282.png,Pave2_000282,Pave2,282,rgb,Pave2_000282#1,382.652283,350.231567,435.201691,515.381714,7.404297,7.404297,>6,conf2,outdoor_pavement_closed_road_sim,Pave2,Pave2_000282#1,workzone_wave1
C:\Users\jiahu\OneDrive\Documents\human_detect\work-zone-safety-rgbd-dataset\images\Pave2_000342.png,Pave2_000342,Pave2,342,rgb,Pave2_000342#1,268.582855,347.503326,355.269104,573.708801,5.582031,5.582031,3-6,conf2,outdoor_pavement_closed_road_sim,Pave2,Pave2_000342#1,workzone_wave1
C:\Users\jiahu\OneDrive\Documents\human_detect\work-zone-safety-rgbd-dataset\images\Pave2_000360.png,Pave2_000360,Pave2,360,rgb,Pave2_000360#1,256.272247,348.453064,345.050140,603.364258,5.062500,5.062500,3-6,conf2,outdoor_pavement_closed_road_sim,Pave2,Pave2_000360#1,workzone_wave1
C:\Users\jiahu\OneDrive\Documents\human_detect\work-zone-safety-rgbd-dataset\images\Pave2_000384.png,Pave2_000384,Pave2,384,rgb,Pave2_000384#1,265.068298,343.986938,368.234436,636.314819,4.316406,4.316406,3-6,conf2,outdoor_pavement_closed_road_sim,Pave2,Pave2_000384#1,workzone_wave1
C:\Users\jiahu\OneDrive\Documents\human_detect\work-zone-safety-rgbd-dataset\images\Pave2_000396.png,Pave2_000396,Pave2,396,rgb,Pave2_000396#1,265.616547,344.375610,391.586884,686.002930,3.898438,3.898438,3-6,conf2,outdoor_pavement_closed_road_sim,Pave2,Pave2_000396#1,workzone_wave1
C:\Users\jiahu\OneDrive\Documents\human_detect\work-zone-safety-rgbd-dataset\images\Pave2_000420.png,Pave2_000420,Pave2,420,rgb,Pave2_000420#1,350.888824,336.741486,487.506042,719.774963,3.140625,3.140625,3-6,conf2,outdoor_pavement_closed_road_sim,Pave2,Pave2_000420#1,workzone_wave1
C:\Users\jiahu\OneDrive\Documents\human_detect\work-zone-safety-rgbd-dataset\images\Pave2_000432.png,Pave2_000432,Pave2,432,rgb,Pave2_000432#1,404.713135,342.699097,567.205688,719.963257,2.785156,2.785156,<3,conf2,outdoor_pavement_closed_road_sim,Pave2,Pave2_000432#1,workzone_wave1
C:\Users\jiahu\OneDrive\Documents\human_detect\work-zone-safety-rgbd-dataset\images\Pave2_000456.png,Pave2_000456,Pave2,456,rgb,Pave2_000456#1,630.282837,337.545685,807.189880,719.419373,2.201172,2.201172,<3,conf2,outdoor_pavement_closed_road_sim,Pave2,Pave2_000456#1,workzone_wave1
C:\Users\jiahu\OneDrive\Documents\human_detect\work-zone-safety-rgbd-dataset\images\Pave2_000468.png,Pave2_000468,Pave2,468,rgb,Pave2_000468#1,781.358459,332.168152,959.338806,719.602112,1.867188,1.867188,<3,conf2,outdoor_pavement_closed_road_sim,Pave2,Pave2_000468#1,workzone_wave1
C:\Users\jiahu\OneDrive\Documents\human_detect\work-zone-safety-rgbd-dataset\images\Pave2_000630.png,Pave2_000630,Pave2,630,rgb,Pave2_000630#1,558.644287,341.350281,687.567505,719.373535,3.230469,3.230469,3-6,conf2,outdoor_pavement_closed_road_sim,Pave2,Pave2_000630#1,workzone_wave1
C:\Users\jiahu\OneDrive\Documents\human_detect\work-zone-safety-rgbd-dataset\images\Pave2_000684.png,Pave2_000684,Pave2,684,rgb,Pave2_000684#1,358.140869,345.890747,449.680206,608.062439,4.792969,4.792969,3-6,conf2,outdoor_pavement_closed_road_sim,Pave2,Pave2_000684#1,workzone_wave1
C:\Users\jiahu\OneDrive\Documents\human_detect\work-zone-safety-rgbd-dataset\images\Pave2_000708.png,Pave2_000708,Pave2,708,rgb,Pave2_000708#1,320.711365,345.973022,397.987732,567.798584,5.550781,5.550781,3-6,conf2,outdoor_pavement_closed_road_sim,Pave2,Pave2_000708#1,workzone_wave1
C:\Users\jiahu\OneDrive\Documents\human_detect\work-zone-safety-rgbd-dataset\images\Pave2_000750.png,Pave2_000750,Pave2,750,rgb,Pave2_000750#1,317.961731,354.802612,394.025574,538.037231,6.492188,6.492188,>6,conf2,outdoor_pavement_closed_road_sim,Pave2,Pave2_000750#1,workzone_wave1
C:\Users\jiahu\OneDrive\Documents\human_detect\work-zone-safety-rgbd-dataset\images\Pave2_000822.png,Pave2_000822,Pave2,822,rgb,Pave2_000822#1,537.091797,351.704285,622.875488,588.085938,5.232422,5.232422,3-6,conf2,outdoor_pavement_closed_road_sim,Pave2,Pave2_000822#1,workzone_wave1
C:\Users\jiahu\OneDrive\Documents\human_detect\work-zone-safety-rgbd-dataset\images\Pave2_000840.png,Pave2_000840,Pave2,840,rgb,Pave2_000840#1,603.397095,351.518402,699.218811,622.447449,4.699219,4.699219,3-6,conf2,outdoor_pavement_closed_road_sim,Pave2,Pave2_000840#1,workzone_wave1
C:\Users\jiahu\OneDrive\Documents\human_detect\work-zone-safety-rgbd-dataset\images\Pave2_000918.png,Pave2_000918,Pave2,918,rgb,Pave2_000918#1,439.399658,346.925995,555.437073,683.395752,3.689453,3.689453,3-6,conf2,outdoor_pavement_closed_road_sim,Pave2,Pave2_000918#1,workzone_wave1
C:\Users\jiahu\OneDrive\Documents\human_detect\work-zone-safety-rgbd-dataset\images\Pave2_000960.png,Pave2_000960,Pave2,960,rgb,Pave2_000960#1,416.538940,349.563080,512.778259,600.701477,4.906250,4.906250,3-6,conf2,outdoor_pavement_closed_road_sim,Pave2,Pave2_000960#1,workzone_wave1
C:\Users\jiahu\OneDrive\Documents\human_detect\work-zone-safety-rgbd-dataset\images\Pave2_000972.png,Pave2_000972,Pave2,972,rgb,Pave2_000972#1,434.391266,350.396484,508.437103,583.688965,5.296875,5.296875,3-6,conf2,outdoor_pavement_closed_road_sim,Pave2,Pave2_000972#1,workzone_wave1
C:\Users\jiahu\OneDrive\Documents\human_detect\work-zone-safety-rgbd-dataset\images\Pave2_000996.png,Pave2_000996,Pave2,996,rgb,Pave2_000996#1,437.378082,350.760986,507.908478,550.089233,6.078125,6.078125,>6,conf2,outdoor_pavement_closed_road_sim,Pave2,Pave2_000996#1,workzone_wave1
C:\Users\jiahu\OneDrive\Documents\human_detect\work-zone-safety-rgbd-dataset\images\Pave2_001014.png,Pave2_001014,Pave2,1014,rgb,Pave2_001014#1,437.837097,349.731506,505.497864,536.896118,6.638672,6.638672,>6,conf2,outdoor_pavement_closed_road_sim,Pave2,Pave2_001014#1,workzone_wave1
C:\Users\jiahu\OneDrive\Documents\human_detect\work-zone-safety-rgbd-dataset\images\Pave2_001050.png,Pave2_001050,Pave2,1050,rgb,Pave2_001050#1,383.447693,348.267059,448.050934,525.078857,6.871094,6.871094,>6,conf2,outdoor_pavement_closed_road_sim,Pave2,Pave2_001050#1,workzone_wave1
C:\Users\jiahu\OneDrive\Documents\human_detect\work-zone-safety-rgbd-dataset\images\Pave2_001080.png,Pave2_001080,Pave2,1080,rgb,Pave2_001080#1,357.351654,351.965820,434.864044,548.013306,6.267578,6.267578,>6,conf1,outdoor_pavement_closed_road_sim,Pave2,Pave2_001080#1,workzone_wave1
C:\Users\jiahu\OneDrive\Documents\human_detect\work-zone-safety-rgbd-dataset\images\Pave2_001110.png,Pave2_001110,Pave2,1110,rgb,Pave2_001110#1,356.893250,347.093170,447.538422,573.694702,5.488281,5.488281,3-6,conf2,outdoor_pavement_closed_road_sim,Pave2,Pave2_001110#1,workzone_wave1
C:\Users\jiahu\OneDrive\Documents\human_detect\work-zone-safety-rgbd-dataset\images\Pave2_001122.png,Pave2_001122,Pave2,1122,rgb,Pave2_001122#1,361.251740,346.696991,447.401001,602.971252,5.101562,5.101562,3-6,conf2,outdoor_pavement_closed_road_sim,Pave2,Pave2_001122#1,workzone_wave1
C:\Users\jiahu\OneDrive\Documents\human_detect\work-zone-safety-rgbd-dataset\images\Pave2_001134.png,Pave2_001134,Pave2,1134,rgb,Pave2_001134#1,363.277313,346.207306,454.559692,627.519287,4.644531,4.644531,3-6,conf2,outdoor_pavement_closed_road_sim,Pave2,Pave2_001134#1,workzone_wave1
C:\Users\jiahu\OneDrive\Documents\human_detect\work-zone-safety-rgbd-dataset\images\Pave2_001152.png,Pave2_001152,Pave2,1152,rgb,Pave2_001152#1,367.390381,347.569122,473.524384,684.496216,3.945312,3.945312,3-6,conf2,outdoor_pavement_closed_road_sim,Pave2,Pave2_001152#1,workzone_wave1
C:\Users\jiahu\OneDrive\Documents\human_detect\work-zone-safety-rgbd-dataset\images\Pave2_001170.png,Pave2_001170,Pave2,1170,rgb,Pave2_001170#1,393.005402,344.812378,503.592224,720.000000,3.281250,3.281250,3-6,conf2,outdoor_pavement_closed_road_sim,Pave2,Pave2_001170#1,workzone_wave1
C:\Users\jiahu\OneDrive\Documents\human_detect\work-zone-safety-rgbd-dataset\images\Pave2_001182.png,Pave2_001182,Pave2,1182,rgb,Pave2_001182#1,427.510315,342.063599,588.176758,719.431396,2.958984,2.958984,<3,conf2,outdoor_pavement_closed_road_sim,Pave2,Pave2_001182#1,workzone_wave1
C:\Users\jiahu\OneDrive\Documents\human_detect\work-zone-safety-rgbd-dataset\images\Pave2_001194.png,Pave2_001194,Pave2,1194,rgb,Pave2_001194#1,495.402924,332.226990,623.764038,718.919739,2.529297,2.529297,<3,conf2,outdoor_pavement_closed_road_sim,Pave2,Pave2_001194#1,workzone_wave1
C:\Users\jiahu\OneDrive\Documents\human_detect\work-zone-safety-rgbd-dataset\images\Pave2_001434.png,Pave2_001434,Pave2,1434,rgb,Pave2_001434#1,749.889038,331.389679,950.432556,719.480896,2.050781,2.050781,<3,conf2,outdoor_pavement_closed_road_sim,Pave2,Pave2_001434#1,workzone_wave1
C:\Users\jiahu\OneDrive\Documents\human_detect\work-zone-safety-rgbd-dataset\images\Pave2_001470.png,Pave2_001470,Pave2,1470,rgb,Pave2_001470#1,433.106873,315.107605,624.501892,719.256714,1.685547,1.685547,<3,conf2,outdoor_pavement_closed_road_sim,Pave2,Pave2_001470#1,workzone_wave1
C:\Users\jiahu\OneDrive\Documents\human_detect\work-zone-safety-rgbd-dataset\images\Pave2_001518.png,Pave2_001518,Pave2,1518,rgb,Pave2_001518#1,0.248085,298.294067,228.339249,719.319092,1.484375,1.484375,<3,conf2,outdoor_pavement_closed_road_sim,Pave2,Pave2_001518#1,workzone_wave1
C:\Users\jiahu\OneDrive\Documents\human_detect\work-zone-safety-rgbd-dataset\images\Pave2_001542.png,Pave2_001542,Pave2,1542,rgb,Pave2_001542#1,131.783096,319.581848,327.093018,719.456421,2.091797,2.091797,<3,conf2,outdoor_pavement_closed_road_sim,Pave2,Pave2_001542#1,workzone_wave1
C:\Users\jiahu\OneDrive\Documents\human_detect\work-zone-safety-rgbd-dataset\images\Pave2_001572.png,Pave2_001572,Pave2,1572,rgb,Pave2_001572#1,380.126587,341.575928,525.727539,719.207336,2.912109,2.912109,<3,conf2,outdoor_pavement_closed_road_sim,Pave2,Pave2_001572#1,workzone_wave1
C:\Users\jiahu\OneDrive\Documents\human_detect\work-zone-safety-rgbd-dataset\images\Pave2_001590.png,Pave2_001590,Pave2,1590,rgb,Pave2_001590#1,490.029144,342.289124,624.515015,703.655823,3.347656,3.347656,3-6,conf2,outdoor_pavement_closed_road_sim,Pave2,Pave2_001590#1,workzone_wave1
C:\Users\jiahu\OneDrive\Documents\human_detect\work-zone-safety-rgbd-dataset\images\Pave2_001608.png,Pave2_001608,Pave2,1608,rgb,Pave2_001608#1,560.865356,346.671112,655.804932,664.470459,3.833984,3.833984,3-6,conf2,outdoor_pavement_closed_road_sim,Pave2,Pave2_001608#1,workzone_wave1
C:\Users\jiahu\OneDrive\Documents\human_detect\work-zone-safety-rgbd-dataset\images\Pave2_001638.png,Pave2_001638,Pave2,1638,rgb,Pave2_001638#1,621.092285,349.645538,724.197144,619.021912,4.648438,4.648438,3-6,conf2,outdoor_pavement_closed_road_sim,Pave2,Pave2_001638#1,workzone_wave1
C:\Users\jiahu\OneDrive\Documents\human_detect\work-zone-safety-rgbd-dataset\images\Pave2_001674.png,Pave2_001674,Pave2,1674,rgb,Pave2_001674#1,637.432373,353.643005,715.001465,569.591187,5.625000,5.625000,3-6,conf2,outdoor_pavement_closed_road_sim,Pave2,Pave2_001674#1,workzone_wave1
C:\Users\jiahu\OneDrive\Documents\human_detect\work-zone-safety-rgbd-dataset\images\Pave2_001686.png,Pave2_001686,Pave2,1686,rgb,Pave2_001686#1,631.354248,353.273621,711.431030,563.920349,6.011719,6.011719,>6,conf2,outdoor_pavement_closed_road_sim,Pave2,Pave2_001686#1,workzone_wave1
C:\Users\jiahu\OneDrive\Documents\human_detect\work-zone-safety-rgbd-dataset\images\Pave2_001740.png,Pave2_001740,Pave2,1740,rgb,Pave2_001740#1,550.195984,348.607941,612.223450,543.556519,6.679688,6.679688,>6,conf1,outdoor_pavement_closed_road_sim,Pave2,Pave2_001740#1,workzone_wave1
C:\Users\jiahu\OneDrive\Documents\human_detect\work-zone-safety-rgbd-dataset\images\Pave2_001752.png,Pave2_001752,Pave2,1752,rgb,Pave2_001752#1,534.177734,355.631958,609.281616,546.193481,6.492188,6.492188,>6,conf2,outdoor_pavement_closed_road_sim,Pave2,Pave2_001752#1,workzone_wave1
C:\Users\jiahu\OneDrive\Documents\human_detect\work-zone-safety-rgbd-dataset\workzone_rgbd_dataset_wave2\images\2person-garage_000009.png,2person-garage_000009,2person-garage,000009,rgb,2person-garage_000009#1,292.289551,294.719238,340.678650,480.906921,6.437500,6.437500,>6,lidar_wave2,garage,2person-garage,2person-garage_000009#1,workzone_wave2
C:\Users\jiahu\OneDrive\Documents\human_detect\work-zone-safety-rgbd-dataset\workzone_rgbd_dataset_wave2\images\2person-garage_000009.png,2person-garage_000009,2person-garage,000009,rgb,2person-garage_000009#2,549.233826,305.666565,615.273376,501.301300,5.789062,5.789062,3-6,lidar_wave2,garage,2person-garage,2person-garage_000009#2,workzone_wave2
C:\Users\jiahu\OneDrive\Documents\human_detect\work-zone-safety-rgbd-dataset\workzone_rgbd_dataset_wave2\images\2person-garage_000016.png,2person-garage_000016,2person-garage,000016,rgb,2person-garage_000016#1,273.891937,282.264313,363.490723,492.876617,5.562500,5.562500,3-6,lidar_wave2,garage,2person-garage,2person-garage_000016#1,workzone_wave2
C:\Users\jiahu\OneDrive\Documents\human_detect\work-zone-safety-rgbd-dataset\workzone_rgbd_dataset_wave2\images\2person-garage_000016.png,2person-garage_000016,2person-garage,000016,rgb,2person-garage_000016#2,586.930298,316.488312,659.142090,514.204041,5.707031,5.707031,3-6,lidar_wave2,garage,2person-garage,2person-garage_000016#2,workzone_wave2
C:\Users\jiahu\OneDrive\Documents\human_detect\work-zone-safety-rgbd-dataset\workzone_rgbd_dataset_wave2\images\2person-garage_000027.png,2person-garage_000027,2person-garage,000027,rgb,2person-garage_000027#1,214.738739,264.967743,300.877899,501.285034,5.332031,5.332031,3-6,lidar_wave2,garage,2person-garage,2person-garage_000027#1,workzone_wave2
C:\Users\jiahu\OneDrive\Documents\human_detect\work-zone-safety-rgbd-dataset\workzone_rgbd_dataset_wave2\images\2person-garage_000027.png,2person-garage_000027,2person-garage,000027,rgb,2person-garage_000027#2,592.366089,304.121185,677.722046,509.639862,5.355469,5.355469,3-6,lidar_wave2,garage,2person-garage,2person-garage_000027#2,workzone_wave2
C:\Users\jiahu\OneDrive\Documents\human_detect\work-zone-safety-rgbd-dataset\workzone_rgbd_dataset_wave2\images\2person-garage_000030.png,2person-garage_000030,2person-garage,000030,rgb,2person-garage_000030#1,216.774460,278.433014,305.259674,513.512756,5.273438,5.273438,3-6,lidar_wave2,garage,2person-garage,2person-garage_000030#1,workzone_wave2
C:\Users\jiahu\OneDrive\Documents\human_detect\work-zone-safety-rgbd-dataset\workzone_rgbd_dataset_wave2\images\2person-garage_000030.png,2person-garage_000030,2person-garage,000030,rgb,2person-garage_000030#2,640.627869,318.258820,726.777710,531.227051,4.972656,4.972656,3-6,lidar_wave2,garage,2person-garage,2person-garage_000030#2,workzone_wave2
C:\Users\jiahu\OneDrive\Documents\human_detect\work-zone-safety-rgbd-dataset\workzone_rgbd_dataset_wave2\images\2person-garage_000045.png,2person-garage_000045,2person-garage,000045,rgb,2person-garage_000045#1,189.363251,303.642059,271.016785,555.036621,4.855469,4.855469,3-6,lidar_wave2,garage,2person-garage,2person-garage_000045#1,workzone_wave2
C:\Users\jiahu\OneDrive\Documents\human_detect\work-zone-safety-rgbd-dataset\workzone_rgbd_dataset_wave2\images\2person-garage_000045.png,2person-garage_000045,2person-garage,000045,rgb,2person-garage_000045#2,799.229553,339.928253,922.458801,663.517700,3.615234,3.615234,3-6,lidar_wave2,garage,2person-garage,2person-garage_000045#2,workzone_wave2
C:\Users\jiahu\OneDrive\Documents\human_detect\work-zone-safety-rgbd-dataset\workzone_rgbd_dataset_wave2\images\2person-garage_000051.png,2person-garage_000051,2person-garage,000051,rgb,2person-garage_000051#1,173.495377,306.218628,280.165283,547.524414,5.074219,5.074219,3-6,lidar_wave2,garage,2person-garage,2person-garage_000051#1,workzone_wave2
C:\Users\jiahu\OneDrive\Documents\human_detect\work-zone-safety-rgbd-dataset\workzone_rgbd_dataset_wave2\images\2person-garage_000051.png,2person-garage_000051,2person-garage,000051,rgb,2person-garage_000051#2,781.348022,354.826752,937.353149,711.143127,3.307617,3.307617,3-6,lidar_wave2,garage,2person-garage,2person-garage_000051#2,workzone_wave2
C:\Users\jiahu\OneDrive\Documents\human_detect\work-zone-safety-rgbd-dataset\workzone_rgbd_dataset_wave2\images\2person-garage_000067.png,2person-garage_000067,2person-garage,000067,rgb,2person-garage_000067#1,327.576508,311.709778,390.708893,495.074982,6.539062,6.539062,>6,lidar_wave2,garage,2person-garage,2person-garage_000067#1,workzone_wave2
C:\Users\jiahu\OneDrive\Documents\human_detect\work-zone-safety-rgbd-dataset\workzone_rgbd_dataset_wave2\images\2person-garage_000067.png,2person-garage_000067,2person-garage,000067,rgb,2person-garage_000067#2,686.472471,350.756686,803.985664,719.241394,2.992188,2.992188,<3,lidar_wave2,garage,2person-garage,2person-garage_000067#2,workzone_wave2
C:\Users\jiahu\OneDrive\Documents\human_detect\work-zone-safety-rgbd-dataset\workzone_rgbd_dataset_wave2\images\2person-garage_000070.png,2person-garage_000070,2person-garage,000070,rgb,2person-garage_000070#1,331.723389,312.918121,400.873199,496.100586,6.839844,6.839844,>6,lidar_wave2,garage,2person-garage,2person-garage_000070#1,workzone_wave2
C:\Users\jiahu\OneDrive\Documents\human_detect\work-zone-safety-rgbd-dataset\workzone_rgbd_dataset_wave2\images\2person-garage_000070.png,2person-garage_000070,2person-garage,000070,rgb,2person-garage_000070#2,647.442505,336.094208,782.503662,718.539734,3.011719,3.011719,3-6,lidar_wave2,garage,2person-garage,2person-garage_000070#2,workzone_wave2
C:\Users\jiahu\OneDrive\Documents\human_detect\work-zone-safety-rgbd-dataset\workzone_rgbd_dataset_wave2\images\2person-garage_000082.png,2person-garage_000082,2person-garage,000082,rgb,2person-garage_000082#1,404.493103,365.987091,447.189819,519.211914,7.779297,7.779297,>6,lidar_wave2,garage,2person-garage,2person-garage_000082#1,workzone_wave2
C:\Users\jiahu\OneDrive\Documents\human_detect\work-zone-safety-rgbd-dataset\workzone_rgbd_dataset_wave2\images\2person-garage_000082.png,2person-garage_000082,2person-garage,000082,rgb,2person-garage_000082#2,464.660339,373.701019,557.697144,719.620972,3.095703,3.095703,3-6,lidar_wave2,garage,2person-garage,2person-garage_000082#2,workzone_wave2
C:\Users\jiahu\OneDrive\Documents\human_detect\work-zone-safety-rgbd-dataset\workzone_rgbd_dataset_wave2\images\2person-garage_000099.png,2person-garage_000099,2person-garage,000099,rgb,2person-garage_000099#1,260.264191,366.928467,338.125267,620.530621,4.539062,4.539062,3-6,lidar_wave2,garage,2person-garage,2person-garage_000099#1,workzone_wave2
C:\Users\jiahu\OneDrive\Documents\human_detect\work-zone-safety-rgbd-dataset\workzone_rgbd_dataset_wave2\images\2person-garage_000099.png,2person-garage_000099,2person-garage,000099,rgb,2person-garage_000099#2,461.249769,367.633026,521.706016,519.894925,8.265625,8.265625,>6,lidar_wave2,garage,2person-garage,2person-garage_000099#2,workzone_wave2
C:\Users\jiahu\OneDrive\Documents\human_detect\work-zone-safety-rgbd-dataset\workzone_rgbd_dataset_wave2\images\2person-garage_000108.png,2person-garage_000108,2person-garage,000108,rgb,2person-garage_000108#1,257.722412,320.830353,354.730774,518.250732,5.792969,5.792969,3-6,lidar_wave2,garage,2person-garage,2person-garage_000108#1,workzone_wave2
C:\Users\jiahu\OneDrive\Documents\human_detect\work-zone-safety-rgbd-dataset\workzone_rgbd_dataset_wave2\images\2person-garage_000108.png,2person-garage_000108,2person-garage,000108,rgb,2person-garage_000108#2,517.647400,323.990112,570.559021,477.303223,7.890625,7.890625,>6,lidar_wave2,garage,2person-garage,2person-garage_000108#2,workzone_wave2
C:\Users\jiahu\OneDrive\Documents\human_detect\work-zone-safety-rgbd-dataset\workzone_rgbd_dataset_wave2\images\2person-garage_000117.png,2person-garage_000117,2person-garage,000117,rgb,2person-garage_000117#1,277.943848,305.975464,335.113373,474.220367,6.828125,6.828125,>6,lidar_wave2,garage,2person-garage,2person-garage_000117#1,workzone_wave2
C:\Users\jiahu\OneDrive\Documents\human_detect\work-zone-safety-rgbd-dataset\workzone_rgbd_dataset_wave2\images\2person-garage_000117.png,2person-garage_000117,2person-garage,000117,rgb,2person-garage_000117#2,520.895325,311.775879,576.071228,471.008148,7.445312,7.445312,>6,lidar_wave2,garage,2person-garage,2person-garage_000117#2,workzone_wave2
C:\Users\jiahu\OneDrive\Documents\human_detect\work-zone-safety-rgbd-dataset\workzone_rgbd_dataset_wave2\images\2person-garage_000122.png,2person-garage_000122,2person-garage,000122,rgb,2person-garage_000122#1,289.711670,338.863007,349.215637,490.161072,7.246094,7.246094,>6,lidar_wave2,garage,2person-garage,2person-garage_000122#1,workzone_wave2
C:\Users\jiahu\OneDrive\Documents\human_detect\work-zone-safety-rgbd-dataset\workzone_rgbd_dataset_wave2\images\2person-garage_000122.png,2person-garage_000122,2person-garage,000122,rgb,2person-garage_000122#2,508.117218,320.821838,576.348328,492.380310,7.078125,7.078125,>6,lidar_wave2,garage,2person-garage,2person-garage_000122#2,workzone_wave2
C:\Users\jiahu\OneDrive\Documents\human_detect\work-zone-safety-rgbd-dataset\workzone_rgbd_dataset_wave2\images\2person-garage_000132.png,2person-garage_000132,2person-garage,000132,rgb,2person-garage_000132#1,271.654755,317.824432,337.749329,476.527252,7.449219,7.449219,>6,lidar_wave2,garage,2person-garage,2person-garage_000132#1,workzone_wave2
C:\Users\jiahu\OneDrive\Documents\human_detect\work-zone-safety-rgbd-dataset\workzone_rgbd_dataset_wave2\images\2person-garage_000132.png,2person-garage_000132,2person-garage,000132,rgb,2person-garage_000132#2,433.057800,310.300140,503.839600,510.729675,5.902344,5.902344,3-6,lidar_wave2,garage,2person-garage,2person-garage_000132#2,workzone_wave2
C:\Users\jiahu\OneDrive\Documents\human_detect\work-zone-safety-rgbd-dataset\workzone_rgbd_dataset_wave2\images\2person-garage_000146.png,2person-garage_000146,2person-garage,000146,rgb,2person-garage_000146#1,262.052856,309.123535,372.482300,553.834473,5.076172,5.076172,3-6,lidar_wave2,garage,2person-garage,2person-garage_000146#1,workzone_wave2
C:\Users\jiahu\OneDrive\Documents\human_detect\work-zone-safety-rgbd-dataset\workzone_rgbd_dataset_wave2\images\2person-garage_000146.png,2person-garage_000146,2person-garage,000146,rgb,2person-garage_000146#2,374.362946,334.575348,423.181458,502.710114,6.402344,6.402344,>6,lidar_wave2,garage,2person-garage,2person-garage_000146#2,workzone_wave2
C:\Users\jiahu\OneDrive\Documents\human_detect\work-zone-safety-rgbd-dataset\workzone_rgbd_dataset_wave2\images\2person-garage_000157.png,2person-garage_000157,2person-garage,000157,rgb,2person-garage_000157#1,203.888077,298.334381,297.174255,565.841553,4.621094,4.621094,3-6,lidar_wave2,garage,2person-garage,2person-garage_000157#1,workzone_wave2
C:\Users\jiahu\OneDrive\Documents\human_detect\work-zone-safety-rgbd-dataset\workzone_rgbd_dataset_wave2\images\2person-garage_000157.png,2person-garage_000157,2person-garage,000157,rgb,2person-garage_000157#2,483.086548,331.094421,548.985474,537.083191,5.585938,5.585938,3-6,lidar_wave2,garage,2person-garage,2person-garage_000157#2,workzone_wave2
C:\Users\jiahu\OneDrive\Documents\human_detect\work-zone-safety-rgbd-dataset\workzone_rgbd_dataset_wave2\images\2person-garage_000163.png,2person-garage_000163,2person-garage,000163,rgb,2person-garage_000163#1,108.179398,309.009369,237.841415,587.261719,4.484375,4.484375,3-6,lidar_wave2,garage,2person-garage,2person-garage_000163#1,workzone_wave2
C:\Users\jiahu\OneDrive\Documents\human_detect\work-zone-safety-rgbd-dataset\workzone_rgbd_dataset_wave2\images\2person-garage_000163.png,2person-garage_000163,2person-garage,000163,rgb,2person-garage_000163#2,494.692841,349.237885,573.345215,596.193115,4.621094,4.621094,3-6,lidar_wave2,garage,2person-garage,2person-garage_000163#2,workzone_wave2
C:\Users\jiahu\OneDrive\Documents\human_detect\work-zone-safety-rgbd-dataset\workzone_rgbd_dataset_wave2\images\2person-garage_000163.png,2person-garage_000163,2person-garage,000163,rgb,2person-garage_000163#3,494.544983,347.394440,616.666321,598.909424,4.562500,4.562500,3-6,lidar_wave2,garage,2person-garage,2person-garage_000163#3,workzone_wave2
C:\Users\jiahu\OneDrive\Documents\human_detect\work-zone-safety-rgbd-dataset\workzone_rgbd_dataset_wave2\images\2person-garage_000175.png,2person-garage_000175,2person-garage,000175,rgb,2person-garage_000175#1,86.292206,307.940582,199.459946,561.265076,4.476562,4.476562,3-6,lidar_wave2,garage,2person-garage,2person-garage_000175#1,workzone_wave2
C:\Users\jiahu\OneDrive\Documents\human_detect\work-zone-safety-rgbd-dataset\workzone_rgbd_dataset_wave2\images\2person-garage_000175.png,2person-garage_000175,2person-garage,000175,rgb,2person-garage_000175#2,551.759827,346.336487,747.496094,701.720215,3.390625,3.390625,3-6,lidar_wave2,garage,2person-garage,2person-garage_000175#2,workzone_wave2
C:\Users\jiahu\OneDrive\Documents\human_detect\work-zone-safety-rgbd-dataset\workzone_rgbd_dataset_wave2\images\2person-garage_000180.png,2person-garage_000180,2person-garage,000180,rgb,2person-garage_000180#1,143.338211,289.398102,212.313721,512.260864,5.257812,5.257812,3-6,lidar_wave2,garage,2person-garage,2person-garage_000180#1,workzone_wave2
C:\Users\jiahu\OneDrive\Documents\human_detect\work-zone-safety-rgbd-dataset\workzone_rgbd_dataset_wave2\images\2person-garage_000180.png,2person-garage_000180,2person-garage,000180,rgb,2person-garage_000180#2,616.160522,320.528412,735.913147,678.465698,3.337891,3.337891,3-6,lidar_wave2,garage,2person-garage,2person-garage_000180#2,workzone_wave2
C:\Users\jiahu\OneDrive\Documents\human_detect\work-zone-safety-rgbd-dataset\workzone_rgbd_dataset_wave2\images\2person-garage_000196.png,2person-garage_000196,2person-garage,000196,rgb,2person-garage_000196#1,211.819290,336.497345,267.360016,493.960541,8.121094,8.121094,>6,lidar_wave2,garage,2person-garage,2person-garage_000196#1,workzone_wave2
C:\Users\jiahu\OneDrive\Documents\human_detect\work-zone-safety-rgbd-dataset\workzone_rgbd_dataset_wave2\images\2person-garage_000196.png,2person-garage_000196,2person-garage,000196,rgb,2person-garage_000196#2,713.178223,358.878662,884.418823,716.958435,3.285156,3.285156,3-6,lidar_wave2,garage,2person-garage,2person-garage_000196#2,workzone_wave2
C:\Users\jiahu\OneDrive\Documents\human_detect\work-zone-safety-rgbd-dataset\workzone_rgbd_dataset_wave2\images\2person-garage_000201.png,2person-garage_000201,2person-garage,000201,rgb,2person-garage_000201#1,240.477539,306.510162,297.890198,445.807098,9.000000,9.000000,>6,lidar_wave2,garage,2person-garage,2person-garage_000201#1,workzone_wave2
C:\Users\jiahu\OneDrive\Documents\human_detect\work-zone-safety-rgbd-dataset\workzone_rgbd_dataset_wave2\images\2person-garage_000201.png,2person-garage_000201,2person-garage,000201,rgb,2person-garage_000201#2,770.596985,327.643402,881.642395,693.676941,3.253906,3.253906,3-6,lidar_wave2,garage,2person-garage,2person-garage_000201#2,workzone_wave2
C:\Users\jiahu\OneDrive\Documents\human_detect\work-zone-safety-rgbd-dataset\workzone_rgbd_dataset_wave2\images\2person-garage_000212.png,2person-garage_000212,2person-garage,000212,rgb,2person-garage_000212#1,221.947952,336.286713,271.307861,458.403442,10.398438,10.398438,>6,lidar_wave2,garage,2person-garage,2person-garage_000212#1,workzone_wave2
C:\Users\jiahu\OneDrive\Documents\human_detect\work-zone-safety-rgbd-dataset\workzone_rgbd_dataset_wave2\images\2person-garage_000212.png,2person-garage_000212,2person-garage,000212,rgb,2person-garage_000212#2,747.234070,359.236542,846.321411,709.472046,3.457031,3.457031,3-6,lidar_wave2,garage,2person-garage,2person-garage_000212#2,workzone_wave2
C:\Users\jiahu\OneDrive\Documents\human_detect\work-zone-safety-rgbd-dataset\workzone_rgbd_dataset_wave2\images\2person-garage_000221.png,2person-garage_000221,2person-garage,000221,rgb,2person-garage_000221#1,212.916870,279.705719,254.157440,387.731079,11.781250,11.781250,>6,lidar_wave2,garage,2person-garage,2person-garage_000221#1,workzone_wave2
C:\Users\jiahu\OneDrive\Documents\human_detect\work-zone-safety-rgbd-dataset\workzone_rgbd_dataset_wave2\images\2person-garage_000221.png,2person-garage_000221,2person-garage,000221,rgb,2person-garage_000221#2,709.709656,303.382324,788.380005,604.798645,3.839844,3.839844,3-6,lidar_wave2,garage,2person-garage,2person-garage_000221#2,workzone_wave2
C:\Users\jiahu\OneDrive\Documents\human_detect\work-zone-safety-rgbd-dataset\workzone_rgbd_dataset_wave2\images\2person-garage_000239.png,2person-garage_000239,2person-garage,000239,rgb,2person-garage_000239#1,307.694781,276.552957,362.131597,397.661338,13.070312,13.070312,>6,lidar_wave2,garage,2person-garage,2person-garage_000239#1,workzone_wave2
C:\Users\jiahu\OneDrive\Documents\human_detect\work-zone-safety-rgbd-dataset\workzone_rgbd_dataset_wave2\images\2person-garage_000239.png,2person-garage_000239,2person-garage,000239,rgb,2person-garage_000239#2,716.466980,314.286041,805.666809,611.308594,3.963867,3.963867,3-6,lidar_wave2,garage,2person-garage,2person-garage_000239#2,workzone_wave2
C:\Users\jiahu\OneDrive\Documents\human_detect\work-zone-safety-rgbd-dataset\workzone_rgbd_dataset_wave2\images\2person-garage_000241.png,2person-garage_000241,2person-garage,000241,rgb,2person-garage_000241#1,315.990631,290.976471,346.341038,405.655400,12.078125,12.078125,>6,lidar_wave2,garage,2person-garage,2person-garage_000241#1,workzone_wave2
C:\Users\jiahu\OneDrive\Documents\human_detect\work-zone-safety-rgbd-dataset\workzone_rgbd_dataset_wave2\images\2person-garage_000241.png,2person-garage_000241,2person-garage,000241,rgb,2person-garage_000241#2,714.621826,310.076385,805.102112,612.141785,3.999023,3.999023,3-6,lidar_wave2,garage,2person-garage,2person-garage_000241#2,workzone_wave2
C:\Users\jiahu\OneDrive\Documents\human_detect\work-zone-safety-rgbd-dataset\workzone_rgbd_dataset_wave2\images\2person-garage_000251.png,2person-garage_000251,2person-garage,000251,rgb,2person-garage_000251#1,374.065492,289.631520,419.300367,410.631280,11.449219,11.449219,>6,lidar_wave2,garage,2person-garage,2person-garage_000251#1,workzone_wave2
C:\Users\jiahu\OneDrive\Documents\human_detect\work-zone-safety-rgbd-dataset\workzone_rgbd_dataset_wave2\images\2person-garage_000251.png,2person-garage_000251,2person-garage,000251,rgb,2person-garage_000251#2,774.890686,313.698792,881.273682,643.314514,3.599609,3.599609,3-6,lidar_wave2,garage,2person-garage,2person-garage_000251#2,workzone_wave2
C:\Users\jiahu\OneDrive\Documents\human_detect\work-zone-safety-rgbd-dataset\workzone_rgbd_dataset_wave2\images\2person-garage_000261.png,2person-garage_000261,2person-garage,000261,rgb,2person-garage_000261#1,368.477551,306.140167,426.267975,433.046819,11.195312,11.195312,>6,lidar_wave2,garage,2person-garage,2person-garage_000261#1,workzone_wave2
C:\Users\jiahu\OneDrive\Documents\human_detect\work-zone-safety-rgbd-dataset\workzone_rgbd_dataset_wave2\images\2person-garage_000261.png,2person-garage_000261,2person-garage,000261,rgb,2person-garage_000261#2,853.633850,322.759735,959.960266,698.337402,3.099609,3.099609,3-6,lidar_wave2,garage,2person-garage,2person-garage_000261#2,workzone_wave2
C:\Users\jiahu\OneDrive\Documents\human_detect\work-zone-safety-rgbd-dataset\workzone_rgbd_dataset_wave2\images\2person-garage_000278.png,2person-garage_000278,2person-garage,000278,rgb,2person-garage_000278#1,374.720551,317.722961,425.782837,477.629242,7.675781,7.675781,>6,lidar_wave2,garage,2person-garage,2person-garage_000278#1,workzone_wave2
C:\Users\jiahu\OneDrive\Documents\human_detect\work-zone-safety-rgbd-dataset\workzone_rgbd_dataset_wave2\images\2person-garage_000286.png,2person-garage_000286,2person-garage,000286,rgb,2person-garage_000286#1,311.474396,317.635529,392.163116,508.250244,6.574219,6.574219,>6,lidar_wave2,garage,2person-garage,2person-garage_000286#1,workzone_wave2
C:\Users\jiahu\OneDrive\Documents\human_detect\work-zone-safety-rgbd-dataset\workzone_rgbd_dataset_wave2\images\2person-garage_000286.png,2person-garage_000286,2person-garage,000286,rgb,2person-garage_000286#2,784.599976,370.479553,959.388062,719.382996,2.818359,2.818359,<3,lidar_wave2,garage,2person-garage,2person-garage_000286#2,workzone_wave2
C:\Users\jiahu\OneDrive\Documents\human_detect\work-zone-safety-rgbd-dataset\workzone_rgbd_dataset_wave2\images\2person-garage_000296.png,2person-garage_000296,2person-garage,000296,rgb,2person-garage_000296#1,305.026703,300.835419,410.966217,544.412170,5.121094,5.121094,3-6,lidar_wave2,garage,2person-garage,2person-garage_000296#1,workzone_wave2
C:\Users\jiahu\OneDrive\Documents\human_detect\work-zone-safety-rgbd-dataset\workzone_rgbd_dataset_wave2\images\2person-garage_000296.png,2person-garage_000296,2person-garage,000296,rgb,2person-garage_000296#2,740.840332,343.567383,938.252563,719.457092,3.089844,3.089844,3-6,lidar_wave2,garage,2person-garage,2person-garage_000296#2,workzone_wave2
C:\Users\jiahu\OneDrive\Documents\human_detect\work-zone-safety-rgbd-dataset\workzone_rgbd_dataset_wave2\images\2person-garage_000308.png,2person-garage_000308,2person-garage,000308,rgb,2person-garage_000308#1,157.620987,308.892853,349.569336,695.787964,3.408203,3.408203,3-6,lidar_wave2,garage,2person-garage,2person-garage_000308#1,workzone_wave2
C:\Users\jiahu\OneDrive\Documents\human_detect\work-zone-safety-rgbd-dataset\workzone_rgbd_dataset_wave2\images\2person-garage_000308.png,2person-garage_000308,2person-garage,000308,rgb,2person-garage_000308#2,734.463928,355.889984,902.842407,697.997131,3.460938,3.460938,3-6,lidar_wave2,garage,2person-garage,2person-garage_000308#2,workzone_wave2
C:\Users\jiahu\OneDrive\Documents\human_detect\work-zone-safety-rgbd-dataset\workzone_rgbd_dataset_wave2\images\2person-garage_000316.png,2person-garage_000316,2person-garage,000316,rgb,2person-garage_000316#1,98.250069,263.090790,294.850342,718.022522,2.662109,2.662109,<3,lidar_wave2,garage,2person-garage,2person-garage_000316#1,workzone_wave2
C:\Users\jiahu\OneDrive\Documents\human_detect\work-zone-safety-rgbd-dataset\workzone_rgbd_dataset_wave2\images\2person-garage_000316.png,2person-garage_000316,2person-garage,000316,rgb,2person-garage_000316#2,700.435608,341.105988,818.563477,628.006714,4.062500,4.062500,3-6,lidar_wave2,garage,2person-garage,2person-garage_000316#2,workzone_wave2
C:\Users\jiahu\OneDrive\Documents\human_detect\work-zone-safety-rgbd-dataset\workzone_rgbd_dataset_wave2\images\2person-garage_000323.png,2person-garage_000323,2person-garage,000323,rgb,2person-garage_000323#1,150.597076,271.876160,323.492340,719.651978,2.714844,2.714844,<3,lidar_wave2,garage,2person-garage,2person-garage_000323#1,workzone_wave2
C:\Users\jiahu\OneDrive\Documents\human_detect\work-zone-safety-rgbd-dataset\workzone_rgbd_dataset_wave2\images\2person-garage_000323.png,2person-garage_000323,2person-garage,000323,rgb,2person-garage_000323#2,672.023621,337.201324,766.300415,581.887390,4.726562,4.726562,3-6,lidar_wave2,garage,2person-garage,2person-garage_000323#2,workzone_wave2
C:\Users\jiahu\OneDrive\Documents\human_detect\work-zone-safety-rgbd-dataset\workzone_rgbd_dataset_wave2\images\2person-garage_000336.png,2person-garage_000336,2person-garage,000336,rgb,2person-garage_000336#1,356.850586,289.716949,464.458649,617.524109,4.003906,4.003906,3-6,lidar_wave2,garage,2person-garage,2person-garage_000336#1,workzone_wave2
C:\Users\jiahu\OneDrive\Documents\human_detect\work-zone-safety-rgbd-dataset\workzone_rgbd_dataset_wave2\images\2person-garage_000336.png,2person-garage_000336,2person-garage,000336,rgb,2person-garage_000336#2,584.270569,347.904327,643.331909,504.142456,6.628906,6.628906,>6,lidar_wave2,garage,2person-garage,2person-garage_000336#2,workzone_wave2
C:\Users\jiahu\OneDrive\Documents\human_detect\work-zone-safety-rgbd-dataset\workzone_rgbd_dataset_wave2\images\2person-garage_000345.png,2person-garage_000345,2person-garage,000345,rgb,2person-garage_000345#1,377.480591,267.262390,497.555695,550.957092,4.421875,4.421875,3-6,lidar_wave2,garage,2person-garage,2person-garage_000345#1,workzone_wave2
C:\Users\jiahu\OneDrive\Documents\human_detect\work-zone-safety-rgbd-dataset\workzone_rgbd_dataset_wave2\images\2person-garage_000345.png,2person-garage_000345,2person-garage,000345,rgb,2person-garage_000345#2,514.671204,309.559479,591.696716,466.461456,7.199219,7.199219,>6,lidar_wave2,garage,2person-garage,2person-garage_000345#2,workzone_wave2
C:\Users\jiahu\OneDrive\Documents\human_detect\work-zone-safety-rgbd-dataset\workzone_rgbd_dataset_wave2\images\2person-garage_000350.png,2person-garage_000350,2person-garage,000350,rgb,2person-garage_000350#1,354.861145,271.307556,440.394836,555.463623,4.332031,4.332031,3-6,lidar_wave2,garage,2person-garage,2person-garage_000350#1,workzone_wave2
C:\Users\jiahu\OneDrive\Documents\human_detect\work-zone-safety-rgbd-dataset\workzone_rgbd_dataset_wave2\images\2person-garage_000350.png,2person-garage_000350,2person-garage,000350,rgb,2person-garage_000350#2,446.398773,306.844482,514.392029,462.088989,7.937500,7.937500,>6,lidar_wave2,garage,2person-garage,2person-garage_000350#2,workzone_wave2
C:\Users\jiahu\OneDrive\Documents\human_detect\work-zone-safety-rgbd-dataset\workzone_rgbd_dataset_wave2\images\2person-garage_000366.png,2person-garage_000366,2person-garage,000366,rgb,2person-garage_000366#1,360.269562,325.261688,448.237000,539.205017,5.308594,5.308594,3-6,lidar_wave2,garage,2person-garage,2person-garage_000366#1,workzone_wave2
C:\Users\jiahu\OneDrive\Documents\human_detect\work-zone-safety-rgbd-dataset\workzone_rgbd_dataset_wave2\images\2person-garage_000366.png,2person-garage_000366,2person-garage,000366,rgb,2person-garage_000366#2,466.469696,294.545959,574.493408,603.542114,4.011719,4.011719,3-6,lidar_wave2,garage,2person-garage,2person-garage_000366#2,workzone_wave2
C:\Users\jiahu\OneDrive\Documents\human_detect\work-zone-safety-rgbd-dataset\workzone_rgbd_dataset_wave2\images\2person-garage_000379.png,2person-garage_000379,2person-garage,000379,rgb,2person-garage_000379#1,45.272118,303.154175,191.515411,672.305603,3.208984,3.208984,3-6,lidar_wave2,garage,2person-garage,2person-garage_000379#1,workzone_wave2
C:\Users\jiahu\OneDrive\Documents\human_detect\work-zone-safety-rgbd-dataset\workzone_rgbd_dataset_wave2\images\2person-garage_000379.png,2person-garage_000379,2person-garage,000379,rgb,2person-garage_000379#2,444.286377,287.226562,574.933228,630.342957,3.652344,3.652344,3-6,lidar_wave2,garage,2person-garage,2person-garage_000379#2,workzone_wave2
C:\Users\jiahu\OneDrive\Documents\human_detect\work-zone-safety-rgbd-dataset\workzone_rgbd_dataset_wave2\images\2person-garage_000381.png,2person-garage_000381,2person-garage,000381,rgb,2person-garage_000381#1,0.000000,294.938171,114.690880,695.420837,3.066406,3.066406,3-6,lidar_wave2,garage,2person-garage,2person-garage_000381#1,workzone_wave2
C:\Users\jiahu\OneDrive\Documents\human_detect\work-zone-safety-rgbd-dataset\workzone_rgbd_dataset_wave2\images\2person-garage_000381.png,2person-garage_000381,2person-garage,000381,rgb,2person-garage_000381#2,427.449371,288.731232,578.965088,638.950806,3.564453,3.564453,3-6,lidar_wave2,garage,2person-garage,2person-garage_000381#2,workzone_wave2
C:\Users\jiahu\OneDrive\Documents\human_detect\work-zone-safety-rgbd-dataset\workzone_rgbd_dataset_wave2\images\2person-garage_000399.png,2person-garage_000399,2person-garage,000399,rgb,2person-garage_000399#1,435.473969,256.411682,603.924377,691.381287,2.750000,2.750000,<3,lidar_wave2,garage,2person-garage,2person-garage_000399#1,workzone_wave2
C:\Users\jiahu\OneDrive\Documents\human_detect\work-zone-safety-rgbd-dataset\workzone_rgbd_dataset_wave2\images\2person-garage_000405.png,2person-garage_000405,2person-garage,000405,rgb,2person-garage_000405#1,442.661316,252.088257,603.037354,719.661133,2.207031,2.207031,<3,lidar_wave2,garage,2person-garage,2person-garage_000405#1,workzone_wave2
C:\Users\jiahu\OneDrive\Documents\human_detect\work-zone-safety-rgbd-dataset\workzone_rgbd_dataset_wave2\images\2person-garage_000417.png,2person-garage_000417,2person-garage,000417,rgb,2person-garage_000417#1,675.243042,220.211243,958.862610,718.208130,1.534180,1.534180,<3,lidar_wave2,garage,2person-garage,2person-garage_000417#1,workzone_wave2
C:\Users\jiahu\OneDrive\Documents\human_detect\work-zone-safety-rgbd-dataset\workzone_rgbd_dataset_wave2\images\2person-garage_000420.png,2person-garage_000420,2person-garage,000420,rgb,2person-garage_000420#1,681.596497,206.490646,959.120728,718.190002,1.380371,1.380371,<3,lidar_wave2,garage,2person-garage,2person-garage_000420#1,workzone_wave2
C:\Users\jiahu\OneDrive\Documents\human_detect\work-zone-safety-rgbd-dataset\workzone_rgbd_dataset_wave2\images\2person-garage_000430.png,2person-garage_000430,2person-garage,000430,rgb,2person-garage_000430#1,98.679459,218.801697,368.145447,718.472046,1.553711,1.553711,<3,lidar_wave2,garage,2person-garage,2person-garage_000430#1,workzone_wave2
C:\Users\jiahu\OneDrive\Documents\human_detect\work-zone-safety-rgbd-dataset\workzone_rgbd_dataset_wave2\images\2person-garage_000468.png,2person-garage_000468,2person-garage,000468,rgb,2person-garage_000468#1,44.021736,320.884277,128.229507,539.362854,5.066406,5.066406,3-6,lidar_wave2,garage,2person-garage,2person-garage_000468#1,workzone_wave2
C:\Users\jiahu\OneDrive\Documents\human_detect\work-zone-safety-rgbd-dataset\workzone_rgbd_dataset_wave2\images\2person-garage_000468.png,2person-garage_000468,2person-garage,000468,rgb,2person-garage_000468#2,305.598358,322.502777,392.327576,530.150513,5.902344,5.902344,3-6,lidar_wave2,garage,2person-garage,2person-garage_000468#2,workzone_wave2
C:\Users\jiahu\OneDrive\Documents\human_detect\work-zone-safety-rgbd-dataset\workzone_rgbd_dataset_wave2\images\2person-garage_000475.png,2person-garage_000475,2person-garage,000475,rgb,2person-garage_000475#1,276.544861,324.693451,344.655151,492.591644,6.789062,6.789062,>6,lidar_wave2,garage,2person-garage,2person-garage_000475#1,workzone_wave2
C:\Users\jiahu\OneDrive\Documents\human_detect\work-zone-safety-rgbd-dataset\workzone_rgbd_dataset_wave2\images\2person-garage_000475.png,2person-garage_000475,2person-garage,000475,rgb,2person-garage_000475#2,466.279816,317.637909,553.808777,494.858917,6.906250,6.906250,>6,lidar_wave2,garage,2person-garage,2person-garage_000475#2,workzone_wave2
C:\Users\jiahu\OneDrive\Documents\human_detect\work-zone-safety-rgbd-dataset\workzone_rgbd_dataset_wave2\images\2person-garage_000488.png,2person-garage_000488,2person-garage,000488,rgb,2person-garage_000488#1,356.572571,310.857147,404.641602,444.864258,8.312500,8.312500,>6,lidar_wave2,garage,2person-garage,2person-garage_000488#1,workzone_wave2
C:\Users\jiahu\OneDrive\Documents\human_detect\work-zone-safety-rgbd-dataset\workzone_rgbd_dataset_wave2\images\2person-garage_000488.png,2person-garage_000488,2person-garage,000488,rgb,2person-garage_000488#2,527.056885,301.286072,586.602417,452.821198,7.875000,7.875000,>6,lidar_wave2,garage,2person-garage,2person-garage_000488#2,workzone_wave2
C:\Users\jiahu\OneDrive\Documents\human_detect\work-zone-safety-rgbd-dataset\workzone_rgbd_dataset_wave2\images\2person-garage_000497.png,2person-garage_000497,2person-garage,000497,rgb,2person-garage_000497#1,385.244305,335.059796,433.415161,474.070676,7.597656,7.597656,>6,lidar_wave2,garage,2person-garage,2person-garage_000497#1,workzone_wave2
C:\Users\jiahu\OneDrive\Documents\human_detect\work-zone-safety-rgbd-dataset\workzone_rgbd_dataset_wave2\images\2person-garage_000497.png,2person-garage_000497,2person-garage,000497,rgb,2person-garage_000497#2,529.477722,322.317291,588.663818,475.325073,8.093750,8.093750,>6,lidar_wave2,garage,2person-garage,2person-garage_000497#2,workzone_wave2
C:\Users\jiahu\OneDrive\Documents\human_detect\work-zone-safety-rgbd-dataset\workzone_rgbd_dataset_wave2\images\2person-garage_000500.png,2person-garage_000500,2person-garage,000500,rgb,2person-garage_000500#1,354.131744,311.698334,411.804822,463.082191,7.234375,7.234375,>6,lidar_wave2,garage,2person-garage,2person-garage_000500#1,workzone_wave2
C:\Users\jiahu\OneDrive\Documents\human_detect\work-zone-safety-rgbd-dataset\workzone_rgbd_dataset_wave2\images\2person-garage_000500.png,2person-garage_000500,2person-garage,000500,rgb,2person-garage_000500#2,477.171204,303.099365,532.734985,456.198517,7.994141,7.994141,>6,lidar_wave2,garage,2person-garage,2person-garage_000500#2,workzone_wave2
C:\Users\jiahu\OneDrive\Documents\human_detect\work-zone-safety-rgbd-dataset\workzone_rgbd_dataset_wave2\images\2person-garage_000511.png,2person-garage_000511,2person-garage,000511,rgb,2person-garage_000511#1,413.458740,336.975494,477.166809,531.420471,5.798828,5.798828,3-6,lidar_wave2,garage,2person-garage,2person-garage_000511#1,workzone_wave2
C:\Users\jiahu\OneDrive\Documents\human_detect\work-zone-safety-rgbd-dataset\workzone_rgbd_dataset_wave2\images\2person-garage_000511.png,2person-garage_000511,2person-garage,000511,rgb,2person-garage_000511#2,478.432617,330.163116,538.117310,490.160522,7.558594,7.558594,>6,lidar_wave2,garage,2person-garage,2person-garage_000511#2,workzone_wave2
C:\Users\jiahu\OneDrive\Documents\human_detect\work-zone-safety-rgbd-dataset\workzone_rgbd_dataset_wave2\images\2person-garage_000528.png,2person-garage_000528,2person-garage,000528,rgb,2person-garage_000528#1,411.668060,315.148132,480.288116,478.836914,7.457031,7.457031,>6,lidar_wave2,garage,2person-garage,2person-garage_000528#1,workzone_wave2
C:\Users\jiahu\OneDrive\Documents\human_detect\work-zone-safety-rgbd-dataset\workzone_rgbd_dataset_wave2\images\2person-garage_000528.png,2person-garage_000528,2person-garage,000528,rgb,2person-garage_000528#2,506.181824,325.171631,631.844177,681.940613,3.197266,3.197266,3-6,lidar_wave2,garage,2person-garage,2person-garage_000528#2,workzone_wave2
C:\Users\jiahu\OneDrive\Documents\human_detect\work-zone-safety-rgbd-dataset\workzone_rgbd_dataset_wave2\images\2person-garage_000530.png,2person-garage_000530,2person-garage,000530,rgb,2person-garage_000530#1,430.180481,306.102448,484.330444,467.925110,7.554688,7.554688,>6,lidar_wave2,garage,2person-garage,2person-garage_000530#1,workzone_wave2
C:\Users\jiahu\OneDrive\Documents\human_detect\work-zone-safety-rgbd-dataset\workzone_rgbd_dataset_wave2\images\2person-garage_000530.png,2person-garage_000530,2person-garage,000530,rgb,2person-garage_000530#2,549.082581,317.811951,701.741089,718.631653,2.920898,2.920898,<3,lidar_wave2,garage,2person-garage,2person-garage_000530#2,workzone_wave2
C:\Users\jiahu\OneDrive\Documents\human_detect\work-zone-safety-rgbd-dataset\workzone_rgbd_dataset_wave2\images\2person-garage_000541.png,2person-garage_000541,2person-garage,000541,rgb,2person-garage_000541#1,429.926147,338.686615,483.510590,490.445068,8.093750,8.093750,>6,lidar_wave2,garage,2person-garage,2person-garage_000541#1,workzone_wave2
C:\Users\jiahu\OneDrive\Documents\human_detect\work-zone-safety-rgbd-dataset\workzone_rgbd_dataset_wave2\images\2person-garage_000541.png,2person-garage_000541,2person-garage,000541,rgb,2person-garage_000541#2,809.759216,358.251709,959.185913,719.562927,2.496094,2.496094,<3,lidar_wave2,garage,2person-garage,2person-garage_000541#2,workzone_wave2
C:\Users\jiahu\OneDrive\Documents\human_detect\work-zone-safety-rgbd-dataset\workzone_rgbd_dataset_wave2\images\2person-garage_000554.png,2person-garage_000554,2person-garage,000554,rgb,2person-garage_000554#1,441.913269,327.109985,491.757050,451.041626,9.726562,9.726562,>6,lidar_wave2,garage,2person-garage,2person-garage_000554#1,workzone_wave2
C:\Users\jiahu\OneDrive\Documents\human_detect\work-zone-safety-rgbd-dataset\workzone_rgbd_dataset_wave2\images\2person-garage_000554.png,2person-garage_000554,2person-garage,000554,rgb,2person-garage_000554#2,807.942810,349.882050,940.191833,632.459167,4.093750,4.093750,3-6,lidar_wave2,garage,2person-garage,2person-garage_000554#2,workzone_wave2
C:\Users\jiahu\OneDrive\Documents\human_detect\work-zone-safety-rgbd-dataset\workzone_rgbd_dataset_wave2\images\2person-garage_000562.png,2person-garage_000562,2person-garage,000562,rgb,2person-garage_000562#1,390.450989,296.514343,431.913574,419.023529,11.089844,11.089844,>6,lidar_wave2,garage,2person-garage,2person-garage_000562#1,workzone_wave2
C:\Users\jiahu\OneDrive\Documents\human_detect\work-zone-safety-rgbd-dataset\workzone_rgbd_dataset_wave2\images\2person-garage_000562.png,2person-garage_000562,2person-garage,000562,rgb,2person-garage_000562#2,713.382935,324.030304,801.866638,545.131165,5.156250,5.156250,3-6,lidar_wave2,garage,2person-garage,2person-garage_000562#2,workzone_wave2
C:\Users\jiahu\OneDrive\Documents\human_detect\work-zone-safety-rgbd-dataset\workzone_rgbd_dataset_wave2\images\2person-garage_000574.png,2person-garage_000574,2person-garage,000574,rgb,2person-garage_000574#1,346.586308,346.791565,402.266126,474.479182,10.761719,10.761719,>6,lidar_wave2,garage,2person-garage,2person-garage_000574#1,workzone_wave2
C:\Users\jiahu\OneDrive\Documents\human_detect\work-zone-safety-rgbd-dataset\workzone_rgbd_dataset_wave2\images\2person-garage_000574.png,2person-garage_000574,2person-garage,000574,rgb,2person-garage_000574#2,695.040344,362.855927,789.988403,569.578125,5.582031,5.582031,3-6,lidar_wave2,garage,2person-garage,2person-garage_000574#2,workzone_wave2
C:\Users\jiahu\OneDrive\Documents\human_detect\work-zone-safety-rgbd-dataset\workzone_rgbd_dataset_wave2\images\2person-garage_000583.png,2person-garage_000583,2person-garage,000583,rgb,2person-garage_000583#1,321.114532,336.304779,374.324615,472.334015,9.140625,9.140625,>6,lidar_wave2,garage,2person-garage,2person-garage_000583#1,workzone_wave2
C:\Users\jiahu\OneDrive\Documents\human_detect\work-zone-safety-rgbd-dataset\workzone_rgbd_dataset_wave2\images\2person-garage_000583.png,2person-garage_000583,2person-garage,000583,rgb,2person-garage_000583#2,701.076965,368.366547,779.048828,570.328369,5.859375,5.859375,3-6,lidar_wave2,garage,2person-garage,2person-garage_000583#2,workzone_wave2
C:\Users\jiahu\OneDrive\Documents\human_detect\work-zone-safety-rgbd-dataset\workzone_rgbd_dataset_wave2\images\2person-garage_000597.png,2person-garage_000597,2person-garage,000597,rgb,2person-garage_000597#1,332.489716,328.762268,399.432526,507.247833,7.105469,7.105469,>6,lidar_wave2,garage,2person-garage,2person-garage_000597#1,workzone_wave2
C:\Users\jiahu\OneDrive\Documents\human_detect\work-zone-safety-rgbd-dataset\workzone_rgbd_dataset_wave2\images\2person-garage_000597.png,2person-garage_000597,2person-garage,000597,rgb,2person-garage_000597#2,732.956970,369.778809,821.887634,564.542603,5.726562,5.726562,3-6,lidar_wave2,garage,2person-garage,2person-garage_000597#2,workzone_wave2
C:\Users\jiahu\OneDrive\Documents\human_detect\work-zone-safety-rgbd-dataset\workzone_rgbd_dataset_wave2\images\2person-garage_000603.png,2person-garage_000603,2person-garage,000603,rgb,2person-garage_000603#1,338.660156,329.023956,411.738098,528.231262,6.296875,6.296875,>6,lidar_wave2,garage,2person-garage,2person-garage_000603#1,workzone_wave2
C:\Users\jiahu\OneDrive\Documents\human_detect\work-zone-safety-rgbd-dataset\workzone_rgbd_dataset_wave2\images\2person-garage_000603.png,2person-garage_000603,2person-garage,000603,rgb,2person-garage_000603#2,723.938477,359.047333,799.027649,550.538391,6.335938,6.335938,>6,lidar_wave2,garage,2person-garage,2person-garage_000603#2,workzone_wave2
C:\Users\jiahu\OneDrive\Documents\human_detect\work-zone-safety-rgbd-dataset\workzone_rgbd_dataset_wave2\images\2person-garage_000610.png,2person-garage_000610,2person-garage,000610,rgb,2person-garage_000610#1,355.950653,318.946381,429.393524,537.132812,5.464844,5.464844,3-6,lidar_wave2,garage,2person-garage,2person-garage_000610#1,workzone_wave2
C:\Users\jiahu\OneDrive\Documents\human_detect\work-zone-safety-rgbd-dataset\workzone_rgbd_dataset_wave2\images\2person-garage_000610.png,2person-garage_000610,2person-garage,000610,rgb,2person-garage_000610#2,678.871643,350.901489,757.522522,535.921875,6.152344,6.152344,>6,lidar_wave2,garage,2person-garage,2person-garage_000610#2,workzone_wave2
C:\Users\jiahu\OneDrive\Documents\human_detect\work-zone-safety-rgbd-dataset\workzone_rgbd_dataset_wave2\images\2person-garage_000626.png,2person-garage_000626,2person-garage,000626,rgb,2person-garage_000626#1,423.288666,347.979950,529.217529,608.593140,4.828125,4.828125,3-6,lidar_wave2,garage,2person-garage,2person-garage_000626#1,workzone_wave2
C:\Users\jiahu\OneDrive\Documents\human_detect\work-zone-safety-rgbd-dataset\workzone_rgbd_dataset_wave2\images\2person-garage_000626.png,2person-garage_000626,2person-garage,000626,rgb,2person-garage_000626#2,511.534882,377.394958,601.301208,563.003479,6.101562,6.101562,>6,lidar_wave2,garage,2person-garage,2person-garage_000626#2,workzone_wave2
C:\Users\jiahu\OneDrive\Documents\human_detect\work-zone-safety-rgbd-dataset\workzone_rgbd_dataset_wave2\images\2person-garage_000637.png,2person-garage_000637,2person-garage,000637,rgb,2person-garage_000637#1,390.770325,356.944519,466.852661,532.454773,6.398438,6.398438,>6,lidar_wave2,garage,2person-garage,2person-garage_000637#1,workzone_wave2
C:\Users\jiahu\OneDrive\Documents\human_detect\work-zone-safety-rgbd-dataset\workzone_rgbd_dataset_wave2\images\2person-garage_000637.png,2person-garage_000637,2person-garage,000637,rgb,2person-garage_000637#2,491.407379,343.881683,568.814087,559.178101,5.738281,5.738281,3-6,lidar_wave2,garage,2person-garage,2person-garage_000637#2,workzone_wave2
C:\Users\jiahu\OneDrive\Documents\human_detect\work-zone-safety-rgbd-dataset\workzone_rgbd_dataset_wave2\images\2person-garage_000649.png,2person-garage_000649,2person-garage,000649,rgb,2person-garage_000649#1,276.781982,364.652313,362.929352,554.896179,5.667969,5.667969,3-6,lidar_wave2,garage,2person-garage,2person-garage_000649#1,workzone_wave2
C:\Users\jiahu\OneDrive\Documents\human_detect\work-zone-safety-rgbd-dataset\workzone_rgbd_dataset_wave2\images\2person-garage_000649.png,2person-garage_000649,2person-garage,000649,rgb,2person-garage_000649#2,540.648926,360.633301,616.873901,547.805969,6.652344,6.652344,>6,lidar_wave2,garage,2person-garage,2person-garage_000649#2,workzone_wave2
C:\Users\jiahu\OneDrive\Documents\human_detect\work-zone-safety-rgbd-dataset\workzone_rgbd_dataset_wave2\images\2person-garage_000657.png,2person-garage_000657,2person-garage,000657,rgb,2person-garage_000657#1,200.335510,331.055511,300.761169,541.680969,5.531250,5.531250,3-6,lidar_wave2,garage,2person-garage,2person-garage_000657#1,workzone_wave2
C:\Users\jiahu\OneDrive\Documents\human_detect\work-zone-safety-rgbd-dataset\workzone_rgbd_dataset_wave2\images\2person-garage_000657.png,2person-garage_000657,2person-garage,000657,rgb,2person-garage_000657#2,552.266235,331.324768,640.160339,509.663361,7.160156,7.160156,>6,lidar_wave2,garage,2person-garage,2person-garage_000657#2,workzone_wave2
C:\Users\jiahu\OneDrive\Documents\human_detect\work-zone-safety-rgbd-dataset\workzone_rgbd_dataset_wave2\images\2person-garage_000668.png,2person-garage_000668,2person-garage,000668,rgb,2person-garage_000668#1,89.335503,336.530731,223.199112,623.073547,4.066406,4.066406,3-6,lidar_wave2,garage,2person-garage,2person-garage_000668#1,workzone_wave2
C:\Users\jiahu\OneDrive\Documents\human_detect\work-zone-safety-rgbd-dataset\workzone_rgbd_dataset_wave2\images\2person-garage_000668.png,2person-garage_000668,2person-garage,000668,rgb,2person-garage_000668#2,633.447388,358.398315,727.758789,540.629333,6.832031,6.832031,>6,lidar_wave2,garage,2person-garage,2person-garage_000668#2,workzone_wave2
C:\Users\jiahu\OneDrive\Documents\human_detect\work-zone-safety-rgbd-dataset\workzone_rgbd_dataset_wave2\images\2person-garage_000672.png,2person-garage_000672,2person-garage,000672,rgb,2person-garage_000672#1,19.077101,331.558594,180.191818,672.306763,3.402344,3.402344,3-6,lidar_wave2,garage,2person-garage,2person-garage_000672#1,workzone_wave2
C:\Users\jiahu\OneDrive\Documents\human_detect\work-zone-safety-rgbd-dataset\workzone_rgbd_dataset_wave2\images\2person-garage_000672.png,2person-garage_000672,2person-garage,000672,rgb,2person-garage_000672#2,649.711365,344.386505,726.839417,523.202881,6.925781,6.925781,>6,lidar_wave2,garage,2person-garage,2person-garage_000672#2,workzone_wave2
C:\Users\jiahu\OneDrive\Documents\human_detect\work-zone-safety-rgbd-dataset\workzone_rgbd_dataset_wave2\images\2person-garage_000687.png,2person-garage_000687,2person-garage,000687,rgb,2person-garage_000687#1,78.239845,309.834320,256.246765,719.215576,2.300781,2.300781,<3,lidar_wave2,garage,2person-garage,2person-garage_000687#1,workzone_wave2
C:\Users\jiahu\OneDrive\Documents\human_detect\work-zone-safety-rgbd-dataset\workzone_rgbd_dataset_wave2\images\2person-garage_000687.png,2person-garage_000687,2person-garage,000687,rgb,2person-garage_000687#2,754.602600,338.353180,856.695618,514.656433,7.117188,7.117188,>6,lidar_wave2,garage,2person-garage,2person-garage_000687#2,workzone_wave2
C:\Users\jiahu\OneDrive\Documents\human_detect\work-zone-safety-rgbd-dataset\workzone_rgbd_dataset_wave2\images\2person-garage_000690.png,2person-garage_000690,2person-garage,000690,rgb,2person-garage_000690#1,230.710968,314.444153,381.297394,718.345886,2.338867,2.338867,<3,lidar_wave2,garage,2person-garage,2person-garage_000690#1,workzone_wave2
C:\Users\jiahu\OneDrive\Documents\human_detect\work-zone-safety-rgbd-dataset\workzone_rgbd_dataset_wave2\images\2person-garage_000690.png,2person-garage_000690,2person-garage,000690,rgb,2person-garage_000690#2,844.695740,339.697632,903.647095,517.989685,7.031250,7.031250,>6,lidar_wave2,garage,2person-garage,2person-garage_000690#2,workzone_wave2
C:\Users\jiahu\OneDrive\Documents\human_detect\work-zone-safety-rgbd-dataset\workzone_rgbd_dataset_wave2\images\2person-garage_000727.png,2person-garage_000727,2person-garage,000727,rgb,2person-garage_000727#1,811.654602,380.121704,939.421387,650.751953,4.386719,4.386719,3-6,lidar_wave2,garage,2person-garage,2person-garage_000727#1,workzone_wave2
C:\Users\jiahu\OneDrive\Documents\human_detect\work-zone-safety-rgbd-dataset\workzone_rgbd_dataset_wave2\images\2person-garage_000739.png,2person-garage_000739,2person-garage,000739,rgb,2person-garage_000739#1,559.876282,364.916077,606.650757,488.289459,10.046875,10.046875,>6,lidar_wave2,garage,2person-garage,2person-garage_000739#1,workzone_wave2
C:\Users\jiahu\OneDrive\Documents\human_detect\work-zone-safety-rgbd-dataset\workzone_rgbd_dataset_wave2\images\2person-garage_000739.png,2person-garage_000739,2person-garage,000739,rgb,2person-garage_000739#2,697.719971,382.211151,773.063965,582.213745,5.431641,5.431641,3-6,lidar_wave2,garage,2person-garage,2person-garage_000739#2,workzone_wave2
C:\Users\jiahu\OneDrive\Documents\human_detect\work-zone-safety-rgbd-dataset\workzone_rgbd_dataset_wave2\images\2person-garage_000747.png,2person-garage_000747,2person-garage,000747,rgb,2person-garage_000747#1,271.423981,361.671326,324.343149,505.801496,9.128906,9.128906,>6,lidar_wave2,garage,2person-garage,2person-garage_000747#1,workzone_wave2
C:\Users\jiahu\OneDrive\Documents\human_detect\work-zone-safety-rgbd-dataset\workzone_rgbd_dataset_wave2\images\2person-garage_000747.png,2person-garage_000747,2person-garage,000747,rgb,2person-garage_000747#2,441.994202,402.043243,496.599365,553.766541,6.535156,6.535156,>6,lidar_wave2,garage,2person-garage,2person-garage_000747#2,workzone_wave2
C:\Users\jiahu\OneDrive\Documents\human_detect\work-zone-safety-rgbd-dataset\workzone_rgbd_dataset_wave2\images\2person-garage_000857.png,2person-garage_000857,2person-garage,000857,rgb,2person-garage_000857#1,202.498489,331.306854,286.365997,518.995789,6.291016,6.291016,>6,lidar_wave2,garage,2person-garage,2person-garage_000857#1,workzone_wave2
C:\Users\jiahu\OneDrive\Documents\human_detect\work-zone-safety-rgbd-dataset\workzone_rgbd_dataset_wave2\images\2person-garage_000864.png,2person-garage_000864,2person-garage,000864,rgb,2person-garage_000864#1,227.396088,348.047974,318.550415,547.358093,6.050781,6.050781,>6,lidar_wave2,garage,2person-garage,2person-garage_000864#1,workzone_wave2
C:\Users\jiahu\OneDrive\Documents\human_detect\work-zone-safety-rgbd-dataset\workzone_rgbd_dataset_wave2\images\2person-garage_000870.png,2person-garage_000870,2person-garage,000870,rgb,2person-garage_000870#1,255.486008,325.964813,350.535217,521.793823,6.207031,6.207031,>6,lidar_wave2,garage,2person-garage,2person-garage_000870#1,workzone_wave2
C:\Users\jiahu\OneDrive\Documents\human_detect\work-zone-safety-rgbd-dataset\workzone_rgbd_dataset_wave2\images\2person-garage_000885.png,2person-garage_000885,2person-garage,000885,rgb,2person-garage_000885#1,394.994751,299.120117,460.109985,540.952148,5.136719,5.136719,3-6,lidar_wave2,garage,2person-garage,2person-garage_000885#1,workzone_wave2
C:\Users\jiahu\OneDrive\Documents\human_detect\work-zone-safety-rgbd-dataset\workzone_rgbd_dataset_wave2\images\2person-garage_000896.png,2person-garage_000896,2person-garage,000896,rgb,2person-garage_000896#1,487.281036,286.052490,642.129089,591.241699,4.019531,4.019531,3-6,lidar_wave2,garage,2person-garage,2person-garage_000896#1,workzone_wave2
C:\Users\jiahu\OneDrive\Documents\human_detect\work-zone-safety-rgbd-dataset\workzone_rgbd_dataset_wave2\images\2person-garage_000908.png,2person-garage_000908,2person-garage,000908,rgb,2person-garage_000908#1,633.645874,302.467621,852.735596,719.246155,2.861328,2.861328,<3,lidar_wave2,garage,2person-garage,2person-garage_000908#1,workzone_wave2
C:\Users\jiahu\OneDrive\Documents\human_detect\work-zone-safety-rgbd-dataset\workzone_rgbd_dataset_wave2\images\2person-garage_000912.png,2person-garage_000912,2person-garage,000912,rgb,2person-garage_000912#1,802.674316,270.481201,959.401611,718.832153,2.433594,2.433594,<3,lidar_wave2,garage,2person-garage,2person-garage_000912#1,workzone_wave2
C:\Users\jiahu\OneDrive\Documents\human_detect\work-zone-safety-rgbd-dataset\workzone_rgbd_dataset_wave2\images\2person-garage_000928.png,2person-garage_000928,2person-garage,000928,rgb,2person-garage_000928#1,0.000000,280.192749,199.465667,720.000000,1.083008,1.083008,<3,lidar_wave2,garage,2person-garage,2person-garage_000928#1,workzone_wave2
C:\Users\jiahu\OneDrive\Documents\human_detect\work-zone-safety-rgbd-dataset\workzone_rgbd_dataset_wave2\images\2person-garage_000934.png,2person-garage_000934,2person-garage,000934,rgb,2person-garage_000934#1,187.256744,246.699890,437.060852,719.362122,1.014648,1.014648,<3,lidar_wave2,garage,2person-garage,2person-garage_000934#1,workzone_wave2
C:\Users\jiahu\OneDrive\Documents\human_detect\work-zone-safety-rgbd-dataset\workzone_rgbd_dataset_wave2\images\2person-garage_000947.png,2person-garage_000947,2person-garage,000947,rgb,2person-garage_000947#1,349.134033,314.319183,600.573364,719.331482,1.515625,1.515625,<3,lidar_wave2,garage,2person-garage,2person-garage_000947#1,workzone_wave2
C:\Users\jiahu\OneDrive\Documents\human_detect\work-zone-safety-rgbd-dataset\workzone_rgbd_dataset_wave2\images\2person-garage_000947.png,2person-garage_000947,2person-garage,000947,rgb,2person-garage_000947#2,809.607239,332.782654,955.926453,665.497253,3.726562,3.726562,3-6,lidar_wave2,garage,2person-garage,2person-garage_000947#2,workzone_wave2
C:\Users\jiahu\OneDrive\Documents\human_detect\work-zone-safety-rgbd-dataset\workzone_rgbd_dataset_wave2\images\2person-garage_000950.png,2person-garage_000950,2person-garage,000950,rgb,2person-garage_000950#1,331.471069,328.458801,562.838379,719.390076,1.809570,1.809570,<3,lidar_wave2,garage,2person-garage,2person-garage_000950#1,workzone_wave2
C:\Users\jiahu\OneDrive\Documents\human_detect\work-zone-safety-rgbd-dataset\workzone_rgbd_dataset_wave2\images\2person-garage_000950.png,2person-garage_000950,2person-garage,000950,rgb,2person-garage_000950#2,714.768005,342.041107,813.781189,625.075256,4.359375,4.359375,3-6,lidar_wave2,garage,2person-garage,2person-garage_000950#2,workzone_wave2
C:\Users\jiahu\OneDrive\Documents\human_detect\work-zone-safety-rgbd-dataset\workzone_rgbd_dataset_wave2\images\2person-garage_000961.png,2person-garage_000961,2person-garage,000961,rgb,2person-garage_000961#1,270.851440,290.003510,419.925476,657.073425,3.099609,3.099609,3-6,lidar_wave2,garage,2person-garage,2person-garage_000961#1,workzone_wave2
C:\Users\jiahu\OneDrive\Documents\human_detect\work-zone-safety-rgbd-dataset\workzone_rgbd_dataset_wave2\images\2person-garage_000961.png,2person-garage_000961,2person-garage,000961,rgb,2person-garage_000961#2,587.274231,290.215942,660.204590,508.190826,5.683594,5.683594,3-6,lidar_wave2,garage,2person-garage,2person-garage_000961#2,workzone_wave2
C:\Users\jiahu\OneDrive\Documents\human_detect\work-zone-safety-rgbd-dataset\workzone_rgbd_dataset_wave2\images\2person-garage_000971.png,2person-garage_000971,2person-garage,000971,rgb,2person-garage_000971#1,115.886810,276.968262,243.095123,580.481140,3.792969,3.792969,3-6,lidar_wave2,garage,2person-garage,2person-garage_000971#1,workzone_wave2
C:\Users\jiahu\OneDrive\Documents\human_detect\work-zone-safety-rgbd-dataset\workzone_rgbd_dataset_wave2\images\2person-garage_000971.png,2person-garage_000971,2person-garage,000971,rgb,2person-garage_000971#2,451.573151,276.178711,511.845795,453.653412,7.023438,7.023438,>6,lidar_wave2,garage,2person-garage,2person-garage_000971#2,workzone_wave2
C:\Users\jiahu\OneDrive\Documents\human_detect\work-zone-safety-rgbd-dataset\workzone_rgbd_dataset_wave2\images\2person-garage_000980.png,2person-garage_000980,2person-garage,000980,rgb,2person-garage_000980#1,102.336136,260.815155,209.190033,530.747681,4.150391,4.150391,3-6,lidar_wave2,garage,2person-garage,2person-garage_000980#1,workzone_wave2
C:\Users\jiahu\OneDrive\Documents\human_detect\work-zone-safety-rgbd-dataset\workzone_rgbd_dataset_wave2\images\2person-garage_000980.png,2person-garage_000980,2person-garage,000980,rgb,2person-garage_000980#2,510.669067,274.051117,558.347900,437.706757,7.269531,7.269531,>6,lidar_wave2,garage,2person-garage,2person-garage_000980#2,workzone_wave2
C:\Users\jiahu\OneDrive\Documents\human_detect\work-zone-safety-rgbd-dataset\workzone_rgbd_dataset_wave2\images\2person-garage_000991.png,2person-garage_000991,2person-garage,000991,rgb,2person-garage_000991#1,413.571899,280.995117,488.544800,457.516479,6.609375,6.609375,>6,lidar_wave2,garage,2person-garage,2person-garage_000991#1,workzone_wave2
C:\Users\jiahu\OneDrive\Documents\human_detect\work-zone-safety-rgbd-dataset\workzone_rgbd_dataset_wave2\images\2person-garage_001002.png,2person-garage_001002,2person-garage,001002,rgb,2person-garage_001002#1,347.585846,310.634247,429.421173,557.255615,5.035156,5.035156,3-6,lidar_wave2,garage,2person-garage,2person-garage_001002#1,workzone_wave2
C:\Users\jiahu\OneDrive\Documents\human_detect\work-zone-safety-rgbd-dataset\workzone_rgbd_dataset_wave2\images\2person-garage_001016.png,2person-garage_001016,2person-garage,001016,rgb,2person-garage_001016#1,192.352066,295.095947,404.865265,719.089844,2.763672,2.763672,<3,lidar_wave2,garage,2person-garage,2person-garage_001016#1,workzone_wave2
C:\Users\jiahu\OneDrive\Documents\human_detect\work-zone-safety-rgbd-dataset\workzone_rgbd_dataset_wave2\images\2person-garage_001024.png,2person-garage_001024,2person-garage,001024,rgb,2person-garage_001024#1,0.240967,254.953262,190.416138,719.130066,1.542969,1.542969,<3,lidar_wave2,garage,2person-garage,2person-garage_001024#1,workzone_wave2
C:\Users\jiahu\OneDrive\Documents\human_detect\work-zone-safety-rgbd-dataset\workzone_rgbd_dataset_wave2\images\2person-garage_001038.png,2person-garage_001038,2person-garage,001038,rgb,2person-garage_001038#1,0.034081,335.017727,44.265403,665.979126,3.601562,3.601562,3-6,lidar_wave2,garage,2person-garage,2person-garage_001038#1,workzone_wave2
C:\Users\jiahu\OneDrive\Documents\human_detect\work-zone-safety-rgbd-dataset\workzone_rgbd_dataset_wave2\images\2person-garage_001045.png,2person-garage_001045,2person-garage,001045,rgb,2person-garage_001045#1,70.280983,365.807312,219.639099,640.096375,4.253906,4.253906,3-6,lidar_wave2,garage,2person-garage,2person-garage_001045#1,workzone_wave2
C:\Users\jiahu\OneDrive\Documents\human_detect\work-zone-safety-rgbd-dataset\workzone_rgbd_dataset_wave2\images\2person-garage_001056.png,2person-garage_001056,2person-garage,001056,rgb,2person-garage_001056#1,260.210541,332.087952,344.874115,522.034607,5.925781,5.925781,3-6,lidar_wave2,garage,2person-garage,2person-garage_001056#1,workzone_wave2
C:\Users\jiahu\OneDrive\Documents\human_detect\work-zone-safety-rgbd-dataset\workzone_rgbd_dataset_wave2\images\2person-garage_001063.png,2person-garage_001063,2person-garage,001063,rgb,2person-garage_001063#1,348.870789,304.058624,413.720245,468.197479,6.923828,6.923828,>6,lidar_wave2,garage,2person-garage,2person-garage_001063#1,workzone_wave2
C:\Users\jiahu\OneDrive\Documents\human_detect\work-zone-safety-rgbd-dataset\workzone_rgbd_dataset_wave2\images\2person-garage_001078.png,2person-garage_001078,2person-garage,001078,rgb,2person-garage_001078#1,440.731659,318.891541,502.731720,488.821564,6.488281,6.488281,>6,lidar_wave2,garage,2person-garage,2person-garage_001078#1,workzone_wave2
C:\Users\jiahu\OneDrive\Documents\human_detect\work-zone-safety-rgbd-dataset\workzone_rgbd_dataset_wave2\images\2person-garage_001089.png,2person-garage_001089,2person-garage,001089,rgb,2person-garage_001089#1,431.575836,335.935364,515.153015,556.261963,5.210938,5.210938,3-6,lidar_wave2,garage,2person-garage,2person-garage_001089#1,workzone_wave2
C:\Users\jiahu\OneDrive\Documents\human_detect\work-zone-safety-rgbd-dataset\workzone_rgbd_dataset_wave2\images\2person-garage_001097.png,2person-garage_001097,2person-garage,001097,rgb,2person-garage_001097#1,384.916901,306.744293,487.758820,575.571716,4.136719,4.136719,3-6,lidar_wave2,garage,2person-garage,2person-garage_001097#1,workzone_wave2
C:\Users\jiahu\OneDrive\Documents\human_detect\work-zone-safety-rgbd-dataset\workzone_rgbd_dataset_wave2\images\2person-garage_001109.png,2person-garage_001109,2person-garage,001109,rgb,2person-garage_001109#1,190.070755,298.284882,366.173615,719.368225,2.580078,2.580078,<3,lidar_wave2,garage,2person-garage,2person-garage_001109#1,workzone_wave2
C:\Users\jiahu\OneDrive\Documents\human_detect\work-zone-safety-rgbd-dataset\workzone_rgbd_dataset_wave2\images\2person-garage_001114.png,2person-garage_001114,2person-garage,001114,rgb,2person-garage_001114#1,55.288879,263.903046,226.541061,719.428589,1.976562,1.976562,<3,lidar_wave2,garage,2person-garage,2person-garage_001114#1,workzone_wave2
C:\Users\jiahu\OneDrive\Documents\human_detect\work-zone-safety-rgbd-dataset\workzone_rgbd_dataset_wave2\images\2person-garage_001148.png,2person-garage_001148,2person-garage,001148,rgb,2person-garage_001148#1,477.084869,345.686279,585.688660,638.026428,3.984375,3.984375,3-6,lidar_wave2,garage,2person-garage,2person-garage_001148#1,workzone_wave2
C:\Users\jiahu\OneDrive\Documents\human_detect\work-zone-safety-rgbd-dataset\workzone_rgbd_dataset_wave2\images\2person-garage_001158.png,2person-garage_001158,2person-garage,001158,rgb,2person-garage_001158#1,253.977997,266.519531,394.010651,633.607361,3.470703,3.470703,3-6,lidar_wave2,garage,2person-garage,2person-garage_001158#1,workzone_wave2
C:\Users\jiahu\OneDrive\Documents\human_detect\work-zone-safety-rgbd-dataset\workzone_rgbd_dataset_wave2\images\2person-garage_001158.png,2person-garage_001158,2person-garage,001158,rgb,2person-garage_001158#2,704.796570,315.894043,806.927307,543.267090,5.093750,5.093750,3-6,lidar_wave2,garage,2person-garage,2person-garage_001158#2,workzone_wave2
C:\Users\jiahu\OneDrive\Documents\human_detect\work-zone-safety-rgbd-dataset\workzone_rgbd_dataset_wave2\images\2person-garage_001160.png,2person-garage_001160,2person-garage,001160,rgb,2person-garage_001160#1,232.419937,271.192566,382.402496,630.990417,3.457031,3.457031,3-6,lidar_wave2,garage,2person-garage,2person-garage_001160#1,workzone_wave2
C:\Users\jiahu\OneDrive\Documents\human_detect\work-zone-safety-rgbd-dataset\workzone_rgbd_dataset_wave2\images\2person-garage_001160.png,2person-garage_001160,2person-garage,001160,rgb,2person-garage_001160#2,695.615906,314.573883,778.907837,532.490479,5.351562,5.351562,3-6,lidar_wave2,garage,2person-garage,2person-garage_001160#2,workzone_wave2
C:\Users\jiahu\OneDrive\Documents\human_detect\work-zone-safety-rgbd-dataset\workzone_rgbd_dataset_wave2\images\2person-garage_001178.png,2person-garage_001178,2person-garage,001178,rgb,2person-garage_001178#1,213.182663,236.443909,370.685089,668.304016,2.941406,2.941406,<3,lidar_wave2,garage,2person-garage,2person-garage_001178#1,workzone_wave2
C:\Users\jiahu\OneDrive\Documents\human_detect\work-zone-safety-rgbd-dataset\workzone_rgbd_dataset_wave2\images\2person-garage_001178.png,2person-garage_001178,2person-garage,001178,rgb,2person-garage_001178#2,671.548340,317.464905,736.873779,464.802277,7.445312,7.445312,>6,lidar_wave2,garage,2person-garage,2person-garage_001178#2,workzone_wave2
C:\Users\jiahu\OneDrive\Documents\human_detect\work-zone-safety-rgbd-dataset\workzone_rgbd_dataset_wave2\images\2person-garage_001187.png,2person-garage_001187,2person-garage,001187,rgb,2person-garage_001187#1,84.612106,199.154221,312.890076,719.603455,2.083984,2.083984,<3,lidar_wave2,garage,2person-garage,2person-garage_001187#1,workzone_wave2
C:\Users\jiahu\OneDrive\Documents\human_detect\work-zone-safety-rgbd-dataset\workzone_rgbd_dataset_wave2\images\2person-garage_001187.png,2person-garage_001187,2person-garage,001187,rgb,2person-garage_001187#2,607.592100,314.105896,683.955505,473.388417,7.550781,7.550781,>6,lidar_wave2,garage,2person-garage,2person-garage_001187#2,workzone_wave2
C:\Users\jiahu\OneDrive\Documents\human_detect\work-zone-safety-rgbd-dataset\workzone_rgbd_dataset_wave2\images\2person-garage_001190.png,2person-garage_001190,2person-garage,001190,rgb,2person-garage_001190#1,10.736561,212.470108,171.084641,612.048889,1.718750,1.718750,<3,lidar_wave2,garage,2person-garage,2person-garage_001190#1,workzone_wave2
C:\Users\jiahu\OneDrive\Documents\human_detect\work-zone-safety-rgbd-dataset\workzone_rgbd_dataset_wave2\images\2person-garage_001190.png,2person-garage_001190,2person-garage,001190,rgb,2person-garage_001190#2,589.744995,333.561798,635.902771,470.674377,7.492188,7.492188,>6,lidar_wave2,garage,2person-garage,2person-garage_001190#2,workzone_wave2
C:\Users\jiahu\OneDrive\Documents\human_detect\work-zone-safety-rgbd-dataset\workzone_rgbd_dataset_wave2\images\2person-garage_001201.png,2person-garage_001201,2person-garage,001201,rgb,2person-garage_001201#1,518.074036,291.629272,598.370544,466.429169,6.386719,6.386719,>6,lidar_wave2,garage,2person-garage,2person-garage_001201#1,workzone_wave2
C:\Users\jiahu\OneDrive\Documents\human_detect\work-zone-safety-rgbd-dataset\workzone_rgbd_dataset_wave2\images\2person-garage_001214.png,2person-garage_001214,2person-garage,001214,rgb,2person-garage_001214#1,484.671661,290.632874,577.542114,557.852966,4.394531,4.394531,3-6,lidar_wave2,garage,2person-garage,2person-garage_001214#1,workzone_wave2
C:\Users\jiahu\OneDrive\Documents\human_detect\work-zone-safety-rgbd-dataset\workzone_rgbd_dataset_wave2\images\2person-garage_001224.png,2person-garage_001224,2person-garage,001224,rgb,2person-garage_001224#1,484.435638,271.521820,620.569031,719.683533,2.712891,2.712891,<3,lidar_wave2,garage,2person-garage,2person-garage_001224#1,workzone_wave2
C:\Users\jiahu\OneDrive\Documents\human_detect\work-zone-safety-rgbd-dataset\workzone_rgbd_dataset_wave2\images\2person-garage_001232.png,2person-garage_001232,2person-garage,001232,rgb,2person-garage_001232#1,481.791412,251.018600,780.484375,719.386047,1.503906,1.503906,<3,lidar_wave2,garage,2person-garage,2person-garage_001232#1,workzone_wave2
C:\Users\jiahu\OneDrive\Documents\human_detect\work-zone-safety-rgbd-dataset\workzone_rgbd_dataset_wave2\images\2person-garage_001247.png,2person-garage_001247,2person-garage,001247,rgb,2person-garage_001247#1,0.498756,162.228760,285.534485,716.873901,1.300781,1.300781,<3,lidar_wave2,garage,2person-garage,2person-garage_001247#1,workzone_wave2
C:\Users\jiahu\OneDrive\Documents\human_detect\work-zone-safety-rgbd-dataset\workzone_rgbd_dataset_wave2\images\2person-garage_001256.png,2person-garage_001256,2person-garage,001256,rgb,2person-garage_001256#1,209.697235,258.569183,406.063293,719.609497,2.488281,2.488281,<3,lidar_wave2,garage,2person-garage,2person-garage_001256#1,workzone_wave2
C:\Users\jiahu\OneDrive\Documents\human_detect\work-zone-safety-rgbd-dataset\workzone_rgbd_dataset_wave2\images\2person-garage_001268.png,2person-garage_001268,2person-garage,001268,rgb,2person-garage_001268#1,313.373291,248.746170,439.217224,566.664673,3.835938,3.835938,3-6,lidar_wave2,garage,2person-garage,2person-garage_001268#1,workzone_wave2
C:\Users\jiahu\OneDrive\Documents\human_detect\work-zone-safety-rgbd-dataset\workzone_rgbd_dataset_wave2\images\2person-garage_001268.png,2person-garage_001268,2person-garage,001268,rgb,2person-garage_001268#2,876.516541,307.017120,959.388611,672.835876,3.017578,3.017578,3-6,lidar_wave2,garage,2person-garage,2person-garage_001268#2,workzone_wave2
C:\Users\jiahu\OneDrive\Documents\human_detect\work-zone-safety-rgbd-dataset\workzone_rgbd_dataset_wave2\images\2person-garage_001278.png,2person-garage_001278,2person-garage,001278,rgb,2person-garage_001278#1,374.943207,253.536255,479.454529,540.629028,4.246094,4.246094,3-6,lidar_wave2,garage,2person-garage,2person-garage_001278#1,workzone_wave2
C:\Users\jiahu\OneDrive\Documents\human_detect\work-zone-safety-rgbd-dataset\workzone_rgbd_dataset_wave2\images\2person-garage_001278.png,2person-garage_001278,2person-garage,001278,rgb,2person-garage_001278#2,830.046570,305.740631,959.949097,620.957947,3.474609,3.474609,3-6,lidar_wave2,garage,2person-garage,2person-garage_001278#2,workzone_wave2
C:\Users\jiahu\OneDrive\Documents\human_detect\work-zone-safety-rgbd-dataset\workzone_rgbd_dataset_wave2\images\2person-garage_001287.png,2person-garage_001287,2person-garage,001287,rgb,2person-garage_001287#1,371.458984,316.976807,488.753265,605.458740,4.265625,4.265625,3-6,lidar_wave2,garage,2person-garage,2person-garage_001287#1,workzone_wave2
C:\Users\jiahu\OneDrive\Documents\human_detect\work-zone-safety-rgbd-dataset\workzone_rgbd_dataset_wave2\images\2person-garage_001287.png,2person-garage_001287,2person-garage,001287,rgb,2person-garage_001287#2,759.241272,350.033661,920.168701,663.999207,3.666016,3.666016,3-6,lidar_wave2,garage,2person-garage,2person-garage_001287#2,workzone_wave2
C:\Users\jiahu\OneDrive\Documents\human_detect\work-zone-safety-rgbd-dataset\workzone_rgbd_dataset_wave2\images\2person-garage_001296.png,2person-garage_001296,2person-garage,001296,rgb,2person-garage_001296#1,375.099060,305.904694,466.111267,603.877319,4.257812,4.257812,3-6,lidar_wave2,garage,2person-garage,2person-garage_001296#1,workzone_wave2
C:\Users\jiahu\OneDrive\Documents\human_detect\work-zone-safety-rgbd-dataset\workzone_rgbd_dataset_wave2\images\2person-garage_001296.png,2person-garage_001296,2person-garage,001296,rgb,2person-garage_001296#2,691.496704,341.372589,794.902405,655.005493,3.556641,3.556641,3-6,lidar_wave2,garage,2person-garage,2person-garage_001296#2,workzone_wave2
C:\Users\jiahu\OneDrive\Documents\human_detect\work-zone-safety-rgbd-dataset\workzone_rgbd_dataset_wave2\images\2person-garage_001302.png,2person-garage_001302,2person-garage,001302,rgb,2person-garage_001302#1,401.652100,338.436523,508.151550,637.777954,4.218750,4.218750,3-6,lidar_wave2,garage,2person-garage,2person-garage_001302#1,workzone_wave2
C:\Users\jiahu\OneDrive\Documents\human_detect\work-zone-safety-rgbd-dataset\workzone_rgbd_dataset_wave2\images\2person-garage_001302.png,2person-garage_001302,2person-garage,001302,rgb,2person-garage_001302#2,632.774475,356.191589,759.280945,714.597900,3.121094,3.121094,3-6,lidar_wave2,garage,2person-garage,2person-garage_001302#2,workzone_wave2
C:\Users\jiahu\OneDrive\Documents\human_detect\work-zone-safety-rgbd-dataset\workzone_rgbd_dataset_wave2\images\2person-garage_001314.png,2person-garage_001314,2person-garage,001314,rgb,2person-garage_001314#1,384.601411,326.588228,467.352631,624.181489,4.175781,4.175781,3-6,lidar_wave2,garage,2person-garage,2person-garage_001314#1,workzone_wave2
C:\Users\jiahu\OneDrive\Documents\human_detect\work-zone-safety-rgbd-dataset\workzone_rgbd_dataset_wave2\images\2person-garage_001314.png,2person-garage_001314,2person-garage,001314,rgb,2person-garage_001314#2,427.987515,322.656440,578.301144,710.888190,2.068359,2.068359,<3,lidar_wave2,garage,2person-garage,2person-garage_001314#2,workzone_wave2
C:\Users\jiahu\OneDrive\Documents\human_detect\work-zone-safety-rgbd-dataset\workzone_rgbd_dataset_wave2\images\2person-garage_001322.png,2person-garage_001322,2person-garage,001322,rgb,2person-garage_001322#1,105.217445,317.008423,350.295319,718.980835,1.248047,1.248047,<3,lidar_wave2,garage,2person-garage,2person-garage_001322#1,workzone_wave2
C:\Users\jiahu\OneDrive\Documents\human_detect\work-zone-safety-rgbd-dataset\workzone_rgbd_dataset_wave2\images\2person-garage_001322.png,2person-garage_001322,2person-garage,001322,rgb,2person-garage_001322#2,412.621948,344.222260,526.398926,646.594116,4.246094,4.246094,3-6,lidar_wave2,garage,2person-garage,2person-garage_001322#2,workzone_wave2
C:\Users\jiahu\OneDrive\Documents\human_detect\work-zone-safety-rgbd-dataset\workzone_rgbd_dataset_wave2\images\2person-garage_001331.png,2person-garage_001331,2person-garage,001331,rgb,2person-garage_001331#1,417.642242,342.634552,526.805481,652.885864,4.113281,4.113281,3-6,lidar_wave2,garage,2person-garage,2person-garage_001331#1,workzone_wave2
C:\Users\jiahu\OneDrive\Documents\human_detect\work-zone-safety-rgbd-dataset\workzone_rgbd_dataset_wave2\images\2person-garage_001347.png,2person-garage_001347,2person-garage,001347,rgb,2person-garage_001347#1,475.797821,359.308258,595.795227,675.829773,4.128906,4.128906,3-6,lidar_wave2,garage,2person-garage,2person-garage_001347#1,workzone_wave2
C:\Users\jiahu\OneDrive\Documents\human_detect\work-zone-safety-rgbd-dataset\workzone_rgbd_dataset_wave2\images\2person-garage_001355.png,2person-garage_001355,2person-garage,001355,rgb,2person-garage_001355#1,507.234009,373.014374,609.441101,640.642822,4.628906,4.628906,3-6,lidar_wave2,garage,2person-garage,2person-garage_001355#1,workzone_wave2
C:\Users\jiahu\OneDrive\Documents\human_detect\work-zone-safety-rgbd-dataset\workzone_rgbd_dataset_wave2\images\2person-garage_001362.png,2person-garage_001362,2person-garage,001362,rgb,2person-garage_001362#1,516.342468,387.313477,598.651306,618.250549,5.578125,5.578125,3-6,lidar_wave2,garage,2person-garage,2person-garage_001362#1,workzone_wave2
C:\Users\jiahu\OneDrive\Documents\human_detect\work-zone-safety-rgbd-dataset\workzone_rgbd_dataset_wave2\images\2person-garage_001374.png,2person-garage_001374,2person-garage,001374,rgb,2person-garage_001374#1,0.092983,351.091888,95.160049,662.582153,3.736328,3.736328,3-6,lidar_wave2,garage,2person-garage,2person-garage_001374#1,workzone_wave2
C:\Users\jiahu\OneDrive\Documents\human_detect\work-zone-safety-rgbd-dataset\workzone_rgbd_dataset_wave2\images\2person-garage_001374.png,2person-garage_001374,2person-garage,001374,rgb,2person-garage_001374#2,509.297974,359.572998,568.367249,533.811951,7.074219,7.074219,>6,lidar_wave2,garage,2person-garage,2person-garage_001374#2,workzone_wave2
C:\Users\jiahu\OneDrive\Documents\human_detect\work-zone-safety-rgbd-dataset\workzone_rgbd_dataset_wave2\images\2person-garage_001384.png,2person-garage_001384,2person-garage,001384,rgb,2person-garage_001384#1,175.923004,312.634735,287.316132,575.917480,4.339844,4.339844,3-6,lidar_wave2,garage,2person-garage,2person-garage_001384#1,workzone_wave2
C:\Users\jiahu\OneDrive\Documents\human_detect\work-zone-safety-rgbd-dataset\workzone_rgbd_dataset_wave2\images\2person-garage_001384.png,2person-garage_001384,2person-garage,001384,rgb,2person-garage_001384#2,488.437439,327.919586,550.530701,486.314240,7.806641,7.806641,>6,lidar_wave2,garage,2person-garage,2person-garage_001384#2,workzone_wave2
C:\Users\jiahu\OneDrive\Documents\human_detect\work-zone-safety-rgbd-dataset\workzone_rgbd_dataset_wave2\images\2person-garage_001391.png,2person-garage_001391,2person-garage,001391,rgb,2person-garage_001391#1,211.690857,351.534332,341.480591,622.492493,4.199219,4.199219,3-6,lidar_wave2,garage,2person-garage,2person-garage_001391#1,workzone_wave2
C:\Users\jiahu\OneDrive\Documents\human_detect\work-zone-safety-rgbd-dataset\workzone_rgbd_dataset_wave2\images\2person-garage_001391.png,2person-garage_001391,2person-garage,001391,rgb,2person-garage_001391#2,439.015167,348.349274,508.425140,516.659607,7.580078,7.580078,>6,lidar_wave2,garage,2person-garage,2person-garage_001391#2,workzone_wave2
C:\Users\jiahu\OneDrive\Documents\human_detect\work-zone-safety-rgbd-dataset\workzone_rgbd_dataset_wave2\images\2person-garage_001409.png,2person-garage_001409,2person-garage,001409,rgb,2person-garage_001409#1,289.854431,293.677460,399.522125,523.020081,5.312500,5.312500,3-6,lidar_wave2,garage,2person-garage,2person-garage_001409#1,workzone_wave2
C:\Users\jiahu\OneDrive\Documents\human_detect\work-zone-safety-rgbd-dataset\workzone_rgbd_dataset_wave2\images\2person-garage_001409.png,2person-garage_001409,2person-garage,001409,rgb,2person-garage_001409#2,476.966125,321.173309,647.126648,719.636047,2.820312,2.820312,<3,lidar_wave2,garage,2person-garage,2person-garage_001409#2,workzone_wave2
C:\Users\jiahu\OneDrive\Documents\human_detect\work-zone-safety-rgbd-dataset\workzone_rgbd_dataset_wave2\images\2person-garage_001411.png,2person-garage_001411,2person-garage,001411,rgb,2person-garage_001411#1,245.054260,310.268005,363.701599,561.182922,5.160156,5.160156,3-6,lidar_wave2,garage,2person-garage,2person-garage_001411#1,workzone_wave2
C:\Users\jiahu\OneDrive\Documents\human_detect\work-zone-safety-rgbd-dataset\workzone_rgbd_dataset_wave2\images\2person-garage_001411.png,2person-garage_001411,2person-garage,001411,rgb,2person-garage_001411#2,550.511414,349.792603,682.332520,719.500488,2.539062,2.539062,<3,lidar_wave2,garage,2person-garage,2person-garage_001411#2,workzone_wave2
C:\Users\jiahu\OneDrive\Documents\human_detect\work-zone-safety-rgbd-dataset\workzone_rgbd_dataset_wave2\images\2person-garage_001421.png,2person-garage_001421,2person-garage,001421,rgb,2person-garage_001421#1,163.130219,312.701843,263.227295,648.127502,3.908203,3.908203,3-6,lidar_wave2,garage,2person-garage,2person-garage_001421#1,workzone_wave2
C:\Users\jiahu\OneDrive\Documents\human_detect\work-zone-safety-rgbd-dataset\workzone_rgbd_dataset_wave2\images\2person-garage_001421.png,2person-garage_001421,2person-garage,001421,rgb,2person-garage_001421#2,701.052063,367.013245,873.535583,719.388916,2.444336,2.444336,<3,lidar_wave2,garage,2person-garage,2person-garage_001421#2,workzone_wave2
C:\Users\jiahu\OneDrive\Documents\human_detect\work-zone-safety-rgbd-dataset\workzone_rgbd_dataset_wave2\images\2person-garage_001459.png,2person-garage_001459,2person-garage,001459,rgb,2person-garage_001459#1,19.291100,354.983459,125.216606,585.188232,4.341797,4.341797,3-6,lidar_wave2,garage,2person-garage,2person-garage_001459#1,workzone_wave2
C:\Users\jiahu\OneDrive\Documents\human_detect\work-zone-safety-rgbd-dataset\workzone_rgbd_dataset_wave2\images\2person-garage_001469.png,2person-garage_001469,2person-garage,001469,rgb,2person-garage_001469#1,90.664619,354.877930,195.446411,565.333862,5.300781,5.300781,3-6,lidar_wave2,garage,2person-garage,2person-garage_001469#1,workzone_wave2
C:\Users\jiahu\OneDrive\Documents\human_detect\work-zone-safety-rgbd-dataset\workzone_rgbd_dataset_wave2\images\2person-garage_001470.png,2person-garage_001470,2person-garage,001470,rgb,2person-garage_001470#1,97.171440,368.383667,200.656967,579.951050,5.273438,5.273438,3-6,lidar_wave2,garage,2person-garage,2person-garage_001470#1,workzone_wave2
C:\Users\jiahu\OneDrive\Documents\human_detect\work-zone-safety-rgbd-dataset\workzone_rgbd_dataset_wave2\images\2person-garage_001483.png,2person-garage_001483,2person-garage,001483,rgb,2person-garage_001483#1,266.349060,352.781342,327.667053,553.408630,5.628906,5.628906,3-6,lidar_wave2,garage,2person-garage,2person-garage_001483#1,workzone_wave2
C:\Users\jiahu\OneDrive\Documents\human_detect\work-zone-safety-rgbd-dataset\workzone_rgbd_dataset_wave2\images\2person-garage_001493.png,2person-garage_001493,2person-garage,001493,rgb,2person-garage_001493#1,366.326935,368.974640,450.854645,558.757568,5.996094,5.996094,3-6,lidar_wave2,garage,2person-garage,2person-garage_001493#1,workzone_wave2
C:\Users\jiahu\OneDrive\Documents\human_detect\work-zone-safety-rgbd-dataset\workzone_rgbd_dataset_wave2\images\2person-garage_001508.png,2person-garage_001508,2person-garage,001508,rgb,2person-garage_001508#1,413.651672,368.958435,480.370544,587.038757,5.222656,5.222656,3-6,lidar_wave2,garage,2person-garage,2person-garage_001508#1,workzone_wave2
C:\Users\jiahu\OneDrive\Documents\human_detect\work-zone-safety-rgbd-dataset\workzone_rgbd_dataset_wave2\images\2person-garage_001515.png,2person-garage_001515,2person-garage,001515,rgb,2person-garage_001515#1,371.253326,361.267365,480.012756,595.024902,4.701172,4.701172,3-6,lidar_wave2,garage,2person-garage,2person-garage_001515#1,workzone_wave2
C:\Users\jiahu\OneDrive\Documents\human_detect\work-zone-safety-rgbd-dataset\workzone_rgbd_dataset_wave2\images\2person-garage_001529.png,2person-garage_001529,2person-garage,001529,rgb,2person-garage_001529#1,344.495544,358.183746,494.943054,700.607300,3.255859,3.255859,3-6,lidar_wave2,garage,2person-garage,2person-garage_001529#1,workzone_wave2
C:\Users\jiahu\OneDrive\Documents\human_detect\work-zone-safety-rgbd-dataset\workzone_rgbd_dataset_wave2\images\2person-garage_001535.png,2person-garage_001535,2person-garage,001535,rgb,2person-garage_001535#1,279.243286,317.664825,475.923828,719.494873,2.638672,2.638672,<3,lidar_wave2,garage,2person-garage,2person-garage_001535#1,workzone_wave2
C:\Users\jiahu\OneDrive\Documents\human_detect\work-zone-safety-rgbd-dataset\workzone_rgbd_dataset_wave2\images\2person-garage_001544.png,2person-garage_001544,2person-garage,001544,rgb,2person-garage_001544#1,329.818726,303.425476,551.664185,719.472107,1.805664,1.805664,<3,lidar_wave2,garage,2person-garage,2person-garage_001544#1,workzone_wave2
C:\Users\jiahu\OneDrive\Documents\human_detect\work-zone-safety-rgbd-dataset\workzone_rgbd_dataset_wave2\images\2person-garage_001558.png,2person-garage_001558,2person-garage,001558,rgb,2person-garage_001558#1,331.100464,305.515961,642.171997,719.466431,1.259766,1.259766,<3,lidar_wave2,garage,2person-garage,2person-garage_001558#1,workzone_wave2
C:\Users\jiahu\OneDrive\Documents\human_detect\work-zone-safety-rgbd-dataset\workzone_rgbd_dataset_wave2\images\2person-garage_001560.png,2person-garage_001560,2person-garage,001560,rgb,2person-garage_001560#1,300.034576,301.083252,590.102600,719.310852,1.375000,1.375000,<3,lidar_wave2,garage,2person-garage,2person-garage_001560#1,workzone_wave2
C:\Users\jiahu\OneDrive\Documents\human_detect\work-zone-safety-rgbd-dataset\workzone_rgbd_dataset_wave2\images\2person-garage_001572.png,2person-garage_001572,2person-garage,001572,rgb,2person-garage_001572#1,349.450745,307.320099,521.204590,719.450562,2.548828,2.548828,<3,lidar_wave2,garage,2person-garage,2person-garage_001572#1,workzone_wave2
C:\Users\jiahu\OneDrive\Documents\human_detect\work-zone-safety-rgbd-dataset\workzone_rgbd_dataset_wave2\images\2person-garage_001580.png,2person-garage_001580,2person-garage,001580,rgb,2person-garage_001580#1,520.726929,315.564453,620.782715,640.056519,3.382812,3.382812,3-6,lidar_wave2,garage,2person-garage,2person-garage_001580#1,workzone_wave2
C:\Users\jiahu\OneDrive\Documents\human_detect\work-zone-safety-rgbd-dataset\workzone_rgbd_dataset_wave2\images\2person-garage_001597.png,2person-garage_001597,2person-garage,001597,rgb,2person-garage_001597#1,14.360424,336.215515,151.307663,654.005859,3.718750,3.718750,3-6,lidar_wave2,garage,2person-garage,2person-garage_001597#1,workzone_wave2
C:\Users\jiahu\OneDrive\Documents\human_detect\work-zone-safety-rgbd-dataset\workzone_rgbd_dataset_wave2\images\2person-garage_001604.png,2person-garage_001604,2person-garage,001604,rgb,2person-garage_001604#1,207.405945,287.836945,335.502136,584.765869,4.320312,4.320312,3-6,lidar_wave2,garage,2person-garage,2person-garage_001604#1,workzone_wave2
C:\Users\jiahu\OneDrive\Documents\human_detect\work-zone-safety-rgbd-dataset\workzone_rgbd_dataset_wave2\images\2person-garage_001610.png,2person-garage_001610,2person-garage,001610,rgb,2person-garage_001610#1,335.825226,284.749939,454.547882,585.603760,4.117188,4.117188,3-6,lidar_wave2,garage,2person-garage,2person-garage_001610#1,workzone_wave2
C:\Users\jiahu\OneDrive\Documents\human_detect\work-zone-safety-rgbd-dataset\workzone_rgbd_dataset_wave2\images\2person-garage_001629.png,2person-garage_001629,2person-garage,001629,rgb,2person-garage_001629#1,299.963959,308.116882,517.297119,719.658569,2.232422,2.232422,<3,lidar_wave2,garage,2person-garage,2person-garage_001629#1,workzone_wave2
C:\Users\jiahu\OneDrive\Documents\human_detect\work-zone-safety-rgbd-dataset\workzone_rgbd_dataset_wave2\images\2person-garage_001633.png,2person-garage_001633,2person-garage,001633,rgb,2person-garage_001633#1,286.434601,266.869781,513.291687,718.695374,1.799805,1.799805,<3,lidar_wave2,garage,2person-garage,2person-garage_001633#1,workzone_wave2
C:\Users\jiahu\OneDrive\Documents\human_detect\work-zone-safety-rgbd-dataset\workzone_rgbd_dataset_wave2\images\2person-garage_001642.png,2person-garage_001642,2person-garage,001642,rgb,2person-garage_001642#1,533.089783,179.526413,825.516541,719.216736,0.855957,0.855957,<3,lidar_wave2,garage,2person-garage,2person-garage_001642#1,workzone_wave2
C:\Users\jiahu\OneDrive\Documents\human_detect\work-zone-safety-rgbd-dataset\workzone_rgbd_dataset_wave2\images\2person-garage_001656.png,2person-garage_001656,2person-garage,001656,rgb,2person-garage_001656#1,794.787781,200.189850,959.371765,718.333374,0.862793,0.862793,<3,lidar_wave2,garage,2person-garage,2person-garage_001656#1,workzone_wave2
C:\Users\jiahu\OneDrive\Documents\human_detect\work-zone-safety-rgbd-dataset\workzone_rgbd_dataset_wave2\images\2person-garage_001661.png,2person-garage_001661,2person-garage,001661,rgb,2person-garage_001661#1,527.507629,273.427673,759.272095,719.209534,1.322266,1.322266,<3,lidar_wave2,garage,2person-garage,2person-garage_001661#1,workzone_wave2
C:\Users\jiahu\OneDrive\Documents\human_detect\work-zone-safety-rgbd-dataset\workzone_rgbd_dataset_wave2\images\2person-garage_001661.png,2person-garage_001661,2person-garage,001661,rgb,2person-garage_001661#2,756.570923,388.870239,929.471008,703.104858,3.583984,3.583984,3-6,lidar_wave2,garage,2person-garage,2person-garage_001661#2,workzone_wave2
C:\Users\jiahu\OneDrive\Documents\human_detect\work-zone-safety-rgbd-dataset\workzone_rgbd_dataset_wave2\images\2person-garage_001673.png,2person-garage_001673,2person-garage,001673,rgb,2person-garage_001673#1,446.046295,322.685394,579.670166,595.389954,4.138672,4.138672,3-6,lidar_wave2,garage,2person-garage,2person-garage_001673#1,workzone_wave2
C:\Users\jiahu\OneDrive\Documents\human_detect\work-zone-safety-rgbd-dataset\workzone_rgbd_dataset_wave2\images\2person-garage_001673.png,2person-garage_001673,2person-garage,001673,rgb,2person-garage_001673#2,680.647217,264.104004,845.959045,719.724609,2.060547,2.060547,<3,lidar_wave2,garage,2person-garage,2person-garage_001673#2,workzone_wave2
C:\Users\jiahu\OneDrive\Documents\human_detect\work-zone-safety-rgbd-dataset\workzone_rgbd_dataset_wave2\images\2person-garage_001681.png,2person-garage_001681,2person-garage,001681,rgb,2person-garage_001681#1,316.449951,321.063538,406.988007,615.461609,3.728516,3.728516,3-6,lidar_wave2,garage,2person-garage,2person-garage_001681#1,workzone_wave2
C:\Users\jiahu\OneDrive\Documents\human_detect\work-zone-safety-rgbd-dataset\workzone_rgbd_dataset_wave2\images\2person-garage_001681.png,2person-garage_001681,2person-garage,001681,rgb,2person-garage_001681#2,730.698792,273.557220,959.447388,719.197937,2.125000,2.125000,<3,lidar_wave2,garage,2person-garage,2person-garage_001681#2,workzone_wave2
C:\Users\jiahu\OneDrive\Documents\human_detect\work-zone-safety-rgbd-dataset\workzone_rgbd_dataset_wave2\images\2person-garage_001696.png,2person-garage_001696,2person-garage,001696,rgb,2person-garage_001696#1,251.552124,307.172485,430.211243,719.761841,2.521484,2.521484,<3,lidar_wave2,garage,2person-garage,2person-garage_001696#1,workzone_wave2
C:\Users\jiahu\OneDrive\Documents\human_detect\work-zone-safety-rgbd-dataset\workzone_rgbd_dataset_wave2\images\2person-garage_001700.png,2person-garage_001700,2person-garage,001700,rgb,2person-garage_001700#1,267.650757,276.966797,472.338501,719.227661,2.263672,2.263672,<3,lidar_wave2,garage,2person-garage,2person-garage_001700#1,workzone_wave2
C:\Users\jiahu\OneDrive\Documents\human_detect\work-zone-safety-rgbd-dataset\workzone_rgbd_dataset_wave2\images\2person-garage_001710.png,2person-garage_001710,2person-garage,001710,rgb,2person-garage_001710#1,301.624207,290.940857,482.450043,719.701904,2.279297,2.279297,<3,lidar_wave2,garage,2person-garage,2person-garage_001710#1,workzone_wave2
C:\Users\jiahu\OneDrive\Documents\human_detect\work-zone-safety-rgbd-dataset\workzone_rgbd_dataset_wave2\images\2person-garage_001728.png,2person-garage_001728,2person-garage,001728,rgb,2person-garage_001728#1,564.727295,322.018585,659.271057,581.066345,4.144531,4.144531,3-6,lidar_wave2,garage,2person-garage,2person-garage_001728#1,workzone_wave2
C:\Users\jiahu\OneDrive\Documents\human_detect\work-zone-safety-rgbd-dataset\workzone_rgbd_dataset_wave2\images\2person-garage_001728.png,2person-garage_001728,2person-garage,001728,rgb,2person-garage_001728#2,804.557922,256.489349,959.890686,718.493408,1.588867,1.588867,<3,lidar_wave2,garage,2person-garage,2person-garage_001728#2,workzone_wave2
C:\Users\jiahu\OneDrive\Documents\human_detect\work-zone-safety-rgbd-dataset\workzone_rgbd_dataset_wave2\images\2person-garage_001730.png,2person-garage_001730,2person-garage,001730,rgb,2person-garage_001730#1,528.902222,300.534241,612.289368,551.336731,4.300781,4.300781,3-6,lidar_wave2,garage,2person-garage,2person-garage_001730#1,workzone_wave2
C:\Users\jiahu\OneDrive\Documents\human_detect\work-zone-safety-rgbd-dataset\workzone_rgbd_dataset_wave2\images\2person-garage_001730.png,2person-garage_001730,2person-garage,001730,rgb,2person-garage_001730#2,642.567444,238.333115,893.561096,719.264343,1.747070,1.747070,<3,lidar_wave2,garage,2person-garage,2person-garage_001730#2,workzone_wave2
C:\Users\jiahu\OneDrive\Documents\human_detect\work-zone-safety-rgbd-dataset\workzone_rgbd_dataset_wave2\images\2person-garage_001747.png,2person-garage_001747,2person-garage,001747,rgb,2person-garage_001747#1,349.144531,288.515503,511.789337,718.961304,2.759766,2.759766,<3,lidar_wave2,garage,2person-garage,2person-garage_001747#1,workzone_wave2
C:\Users\jiahu\OneDrive\Documents\human_detect\work-zone-safety-rgbd-dataset\workzone_rgbd_dataset_wave2\images\2person-garage_001747.png,2person-garage_001747,2person-garage,001747,rgb,2person-garage_001747#2,543.794861,345.900024,645.988037,651.212646,3.883789,3.883789,3-6,lidar_wave2,garage,2person-garage,2person-garage_001747#2,workzone_wave2
C:\Users\jiahu\OneDrive\Documents\human_detect\work-zone-safety-rgbd-dataset\workzone_rgbd_dataset_wave2\images\2person-garage_001755.png,2person-garage_001755,2person-garage,001755,rgb,2person-garage_001755#1,292.408386,292.194305,478.802521,719.043640,2.691406,2.691406,<3,lidar_wave2,garage,2person-garage,2person-garage_001755#1,workzone_wave2
C:\Users\jiahu\OneDrive\Documents\human_detect\work-zone-safety-rgbd-dataset\workzone_rgbd_dataset_wave2\images\2person-garage_001755.png,2person-garage_001755,2person-garage,001755,rgb,2person-garage_001755#2,643.961975,350.621521,798.899048,719.570435,2.810547,2.810547,<3,lidar_wave2,garage,2person-garage,2person-garage_001755#2,workzone_wave2
C:\Users\jiahu\OneDrive\Documents\human_detect\work-zone-safety-rgbd-dataset\workzone_rgbd_dataset_wave2\images\2person-garage_001764.png,2person-garage_001764,2person-garage,001764,rgb,2person-garage_001764#1,199.829727,288.973938,394.184265,718.646912,2.345703,2.345703,<3,lidar_wave2,garage,2person-garage,2person-garage_001764#1,workzone_wave2
C:\Users\jiahu\OneDrive\Documents\human_detect\work-zone-safety-rgbd-dataset\workzone_rgbd_dataset_wave2\images\2person-garage_001764.png,2person-garage_001764,2person-garage,001764,rgb,2person-garage_001764#2,734.008728,332.157257,959.646484,719.126831,1.547852,1.547852,<3,lidar_wave2,garage,2person-garage,2person-garage_001764#2,workzone_wave2
C:\Users\jiahu\OneDrive\Documents\human_detect\work-zone-safety-rgbd-dataset\workzone_rgbd_dataset_wave2\images\2person-garage_001775.png,2person-garage_001775,2person-garage,001775,rgb,2person-garage_001775#1,163.210968,263.421478,360.863983,718.635376,2.150391,2.150391,<3,lidar_wave2,garage,2person-garage,2person-garage_001775#1,workzone_wave2
C:\Users\jiahu\OneDrive\Documents\human_detect\work-zone-safety-rgbd-dataset\workzone_rgbd_dataset_wave2\images\2person-garage_001775.png,2person-garage_001775,2person-garage,001775,rgb,2person-garage_001775#2,602.567200,314.046387,799.277527,719.384583,1.203125,1.203125,<3,lidar_wave2,garage,2person-garage,2person-garage_001775#2,workzone_wave2
C:\Users\jiahu\OneDrive\Documents\human_detect\work-zone-safety-rgbd-dataset\workzone_rgbd_dataset_wave2\images\2person-garage_001787.png,2person-garage_001787,2person-garage,001787,rgb,2person-garage_001787#1,210.996155,324.165894,369.886139,719.323242,2.605469,2.605469,<3,lidar_wave2,garage,2person-garage,2person-garage_001787#1,workzone_wave2
C:\Users\jiahu\OneDrive\Documents\human_detect\work-zone-safety-rgbd-dataset\workzone_rgbd_dataset_wave2\images\2person-garage_001787.png,2person-garage_001787,2person-garage,001787,rgb,2person-garage_001787#2,514.792969,364.545227,690.377747,719.549744,2.378906,2.378906,<3,lidar_wave2,garage,2person-garage,2person-garage_001787#2,workzone_wave2
C:\Users\jiahu\OneDrive\Documents\human_detect\work-zone-safety-rgbd-dataset\workzone_rgbd_dataset_wave2\images\2person-garage_001794.png,2person-garage_001794,2person-garage,001794,rgb,2person-garage_001794#1,243.858124,347.764618,373.212433,719.050110,3.251953,3.251953,3-6,lidar_wave2,garage,2person-garage,2person-garage_001794#1,workzone_wave2
C:\Users\jiahu\OneDrive\Documents\human_detect\work-zone-safety-rgbd-dataset\workzone_rgbd_dataset_wave2\images\2person-garage_001794.png,2person-garage_001794,2person-garage,001794,rgb,2person-garage_001794#2,534.315247,381.990021,656.841248,719.487305,3.337891,3.337891,3-6,lidar_wave2,garage,2person-garage,2person-garage_001794#2,workzone_wave2
C:\Users\jiahu\OneDrive\Documents\human_detect\work-zone-safety-rgbd-dataset\workzone_rgbd_dataset_wave2\images\2person-garage_001806.png,2person-garage_001806,2person-garage,001806,rgb,2person-garage_001806#1,390.202789,348.177460,471.328583,621.840271,4.595703,4.595703,3-6,lidar_wave2,garage,2person-garage,2person-garage_001806#1,workzone_wave2
C:\Users\jiahu\OneDrive\Documents\human_detect\work-zone-safety-rgbd-dataset\workzone_rgbd_dataset_wave2\images\2person-garage_001806.png,2person-garage_001806,2person-garage,001806,rgb,2person-garage_001806#2,609.517334,384.940063,695.783264,623.731567,4.740234,4.740234,3-6,lidar_wave2,garage,2person-garage,2person-garage_001806#2,workzone_wave2
C:\Users\jiahu\OneDrive\Documents\human_detect\work-zone-safety-rgbd-dataset\workzone_rgbd_dataset_wave2\images\2person-garage_001818.png,2person-garage_001818,2person-garage,001818,rgb,2person-garage_001818#1,346.594788,336.146179,437.117462,569.202820,5.296875,5.296875,3-6,lidar_wave2,garage,2person-garage,2person-garage_001818#1,workzone_wave2
C:\Users\jiahu\OneDrive\Documents\human_detect\work-zone-safety-rgbd-dataset\workzone_rgbd_dataset_wave2\images\2person-garage_001818.png,2person-garage_001818,2person-garage,001818,rgb,2person-garage_001818#2,602.754822,359.312347,671.427979,562.423645,5.707031,5.707031,3-6,lidar_wave2,garage,2person-garage,2person-garage_001818#2,workzone_wave2
C:\Users\jiahu\OneDrive\Documents\human_detect\work-zone-safety-rgbd-dataset\workzone_rgbd_dataset_wave2\images\2person-garage_001820.png,2person-garage_001820,2person-garage,001820,rgb,2person-garage_001820#1,345.446503,351.093567,444.711914,582.723816,5.363281,5.363281,3-6,lidar_wave2,garage,2person-garage,2person-garage_001820#1,workzone_wave2
C:\Users\jiahu\OneDrive\Documents\human_detect\work-zone-safety-rgbd-dataset\workzone_rgbd_dataset_wave2\images\2person-garage_001820.png,2person-garage_001820,2person-garage,001820,rgb,2person-garage_001820#2,625.761367,377.266876,712.799086,581.794128,5.386719,5.386719,3-6,lidar_wave2,garage,2person-garage,2person-garage_001820#2,workzone_wave2
C:\Users\jiahu\OneDrive\Documents\human_detect\work-zone-safety-rgbd-dataset\workzone_rgbd_dataset_wave2\images\2person-garage_001830.png,2person-garage_001830,2person-garage,001830,rgb,2person-garage_001830#1,406.240479,315.079834,468.439667,561.429993,5.699219,5.699219,3-6,lidar_wave2,garage,2person-garage,2person-garage_001830#1,workzone_wave2
C:\Users\jiahu\OneDrive\Documents\human_detect\work-zone-safety-rgbd-dataset\workzone_rgbd_dataset_wave2\images\2person-garage_001830.png,2person-garage_001830,2person-garage,001830,rgb,2person-garage_001830#2,755.533997,384.726013,837.706421,596.919250,5.181641,5.181641,3-6,lidar_wave2,garage,2person-garage,2person-garage_001830#2,workzone_wave2
C:\Users\jiahu\OneDrive\Documents\human_detect\work-zone-safety-rgbd-dataset\workzone_rgbd_dataset_wave2\images\2person-garage_001848.png,2person-garage_001848,2person-garage,001848,rgb,2person-garage_001848#1,440.944244,326.364166,501.444672,537.024231,5.878906,5.878906,3-6,lidar_wave2,garage,2person-garage,2person-garage_001848#1,workzone_wave2
C:\Users\jiahu\OneDrive\Documents\human_detect\work-zone-safety-rgbd-dataset\workzone_rgbd_dataset_wave2\images\2person-garage_001848.png,2person-garage_001848,2person-garage,001848,rgb,2person-garage_001848#2,820.677979,364.025024,904.171509,576.170105,5.136719,5.136719,3-6,lidar_wave2,garage,2person-garage,2person-garage_001848#2,workzone_wave2
C:\Users\jiahu\OneDrive\Documents\human_detect\work-zone-safety-rgbd-dataset\workzone_rgbd_dataset_wave2\images\2person-garage_001856.png,2person-garage_001856,2person-garage,001856,rgb,2person-garage_001856#1,381.877625,351.930603,474.406219,565.266235,5.843750,5.843750,3-6,lidar_wave2,garage,2person-garage,2person-garage_001856#1,workzone_wave2
C:\Users\jiahu\OneDrive\Documents\human_detect\work-zone-safety-rgbd-dataset\workzone_rgbd_dataset_wave2\images\2person-garage_001856.png,2person-garage_001856,2person-garage,001856,rgb,2person-garage_001856#2,703.060791,387.796234,799.411377,604.750854,5.148438,5.148438,3-6,lidar_wave2,garage,2person-garage,2person-garage_001856#2,workzone_wave2
C:\Users\jiahu\OneDrive\Documents\human_detect\work-zone-safety-rgbd-dataset\workzone_rgbd_dataset_wave2\images\2person-garage_001868.png,2person-garage_001868,2person-garage,001868,rgb,2person-garage_001868#1,342.644775,320.813843,426.980988,531.676270,5.861328,5.861328,3-6,lidar_wave2,garage,2person-garage,2person-garage_001868#1,workzone_wave2
C:\Users\jiahu\OneDrive\Documents\human_detect\work-zone-safety-rgbd-dataset\workzone_rgbd_dataset_wave2\images\2person-garage_001868.png,2person-garage_001868,2person-garage,001868,rgb,2person-garage_001868#2,545.534424,345.653870,661.298218,602.160645,4.347656,4.347656,3-6,lidar_wave2,garage,2person-garage,2person-garage_001868#2,workzone_wave2
C:\Users\jiahu\OneDrive\Documents\human_detect\work-zone-safety-rgbd-dataset\workzone_rgbd_dataset_wave2\images\2person-garage_001870.png,2person-garage_001870,2person-garage,001870,rgb,2person-garage_001870#1,353.850922,327.530273,435.138062,542.111389,5.566406,5.566406,3-6,lidar_wave2,garage,2person-garage,2person-garage_001870#1,workzone_wave2
C:\Users\jiahu\OneDrive\Documents\human_detect\work-zone-safety-rgbd-dataset\workzone_rgbd_dataset_wave2\images\2person-garage_001870.png,2person-garage_001870,2person-garage,001870,rgb,2person-garage_001870#2,546.830017,351.539246,639.819214,625.995117,4.109375,4.109375,3-6,lidar_wave2,garage,2person-garage,2person-garage_001870#2,workzone_wave2
C:\Users\jiahu\OneDrive\Documents\human_detect\work-zone-safety-rgbd-dataset\workzone_rgbd_dataset_wave2\images\2person-garage_001880.png,2person-garage_001880,2person-garage,001880,rgb,2person-garage_001880#1,374.404480,327.110138,458.536499,540.765625,5.761719,5.761719,3-6,lidar_wave2,garage,2person-garage,2person-garage_001880#1,workzone_wave2
C:\Users\jiahu\OneDrive\Documents\human_detect\work-zone-safety-rgbd-dataset\workzone_rgbd_dataset_wave2\images\2person-garage_001880.png,2person-garage_001880,2person-garage,001880,rgb,2person-garage_001880#2,426.671844,336.784576,594.361084,668.952759,3.289062,3.289062,3-6,lidar_wave2,garage,2person-garage,2person-garage_001880#2,workzone_wave2
C:\Users\jiahu\OneDrive\Documents\human_detect\work-zone-safety-rgbd-dataset\workzone_rgbd_dataset_wave2\images\2person-garage_001898.png,2person-garage_001898,2person-garage,001898,rgb,2person-garage_001898#1,206.834702,309.921478,379.314636,718.932739,2.458984,2.458984,<3,lidar_wave2,garage,2person-garage,2person-garage_001898#1,workzone_wave2
C:\Users\jiahu\OneDrive\Documents\human_detect\work-zone-safety-rgbd-dataset\workzone_rgbd_dataset_wave2\images\2person-garage_001898.png,2person-garage_001898,2person-garage,001898,rgb,2person-garage_001898#2,480.922211,321.322906,563.908875,550.657349,5.515625,5.515625,3-6,lidar_wave2,garage,2person-garage,2person-garage_001898#2,workzone_wave2
C:\Users\jiahu\OneDrive\Documents\human_detect\work-zone-safety-rgbd-dataset\workzone_rgbd_dataset_wave2\images\2person-garage_001904.png,2person-garage_001904,2person-garage,001904,rgb,2person-garage_001904#1,145.833603,308.739075,325.038849,719.327698,2.646484,2.646484,<3,lidar_wave2,garage,2person-garage,2person-garage_001904#1,workzone_wave2
C:\Users\jiahu\OneDrive\Documents\human_detect\work-zone-safety-rgbd-dataset\workzone_rgbd_dataset_wave2\images\2person-garage_001904.png,2person-garage_001904,2person-garage,001904,rgb,2person-garage_001904#2,528.499390,330.471161,605.488098,553.998718,5.449219,5.449219,3-6,lidar_wave2,garage,2person-garage,2person-garage_001904#2,workzone_wave2
C:\Users\jiahu\OneDrive\Documents\human_detect\work-zone-safety-rgbd-dataset\workzone_rgbd_dataset_wave2\images\2person-garage_001917.png,2person-garage_001917,2person-garage,001917,rgb,2person-garage_001917#1,202.374249,287.889893,308.525235,626.781921,3.365234,3.365234,3-6,lidar_wave2,garage,2person-garage,2person-garage_001917#1,workzone_wave2
C:\Users\jiahu\OneDrive\Documents\human_detect\work-zone-safety-rgbd-dataset\workzone_rgbd_dataset_wave2\images\2person-garage_001917.png,2person-garage_001917,2person-garage,001917,rgb,2person-garage_001917#2,565.171828,297.056946,655.508010,511.352966,5.535156,5.535156,3-6,lidar_wave2,garage,2person-garage,2person-garage_001917#2,workzone_wave2
C:\Users\jiahu\OneDrive\Documents\human_detect\work-zone-safety-rgbd-dataset\workzone_rgbd_dataset_wave2\images\2person-garage_001926.png,2person-garage_001926,2person-garage,001926,rgb,2person-garage_001926#1,206.898331,290.834015,313.959167,539.916931,4.468750,4.468750,3-6,lidar_wave2,garage,2person-garage,2person-garage_001926#1,workzone_wave2
C:\Users\jiahu\OneDrive\Documents\human_detect\work-zone-safety-rgbd-dataset\workzone_rgbd_dataset_wave2\images\2person-garage_001926.png,2person-garage_001926,2person-garage,001926,rgb,2person-garage_001926#2,535.834534,295.136536,608.557068,478.456421,6.570312,6.570312,>6,lidar_wave2,garage,2person-garage,2person-garage_001926#2,workzone_wave2
C:\Users\jiahu\OneDrive\Documents\human_detect\work-zone-safety-rgbd-dataset\workzone_rgbd_dataset_wave2\images\2person-garage_001938.png,2person-garage_001938,2person-garage,001938,rgb,2person-garage_001938#1,312.406250,321.208435,369.800385,504.251312,5.972656,5.972656,3-6,lidar_wave2,garage,2person-garage,2person-garage_001938#1,workzone_wave2
C:\Users\jiahu\OneDrive\Documents\human_detect\work-zone-safety-rgbd-dataset\workzone_rgbd_dataset_wave2\images\2person-garage_001938.png,2person-garage_001938,2person-garage,001938,rgb,2person-garage_001938#2,547.719238,324.657043,619.723450,497.111664,7.140625,7.140625,>6,lidar_wave2,garage,2person-garage,2person-garage_001938#2,workzone_wave2
C:\Users\jiahu\OneDrive\Documents\human_detect\work-zone-safety-rgbd-dataset\workzone_rgbd_dataset_wave2\images\2person-garage_001943.png,2person-garage_001943,2person-garage,001943,rgb,2person-garage_001943#1,396.169586,339.796326,443.948578,508.922791,6.562500,6.562500,>6,lidar_wave2,garage,2person-garage,2person-garage_001943#1,workzone_wave2
C:\Users\jiahu\OneDrive\Documents\human_detect\work-zone-safety-rgbd-dataset\workzone_rgbd_dataset_wave2\images\2person-garage_001943.png,2person-garage_001943,2person-garage,001943,rgb,2person-garage_001943#2,605.619324,345.358521,670.502014,508.631653,7.271484,7.271484,>6,lidar_wave2,garage,2person-garage,2person-garage_001943#2,workzone_wave2
C:\Users\jiahu\OneDrive\Documents\human_detect\work-zone-safety-rgbd-dataset\workzone_rgbd_dataset_wave2\images\2person-garage_001952.png,2person-garage_001952,2person-garage,001952,rgb,2person-garage_001952#1,398.247284,324.942169,469.037598,486.571106,7.179688,7.179688,>6,lidar_wave2,garage,2person-garage,2person-garage_001952#1,workzone_wave2
C:\Users\jiahu\OneDrive\Documents\human_detect\work-zone-safety-rgbd-dataset\workzone_rgbd_dataset_wave2\images\2person-garage_001952.png,2person-garage_001952,2person-garage,001952,rgb,2person-garage_001952#2,541.753601,329.999359,603.124146,491.326263,7.355469,7.355469,>6,lidar_wave2,garage,2person-garage,2person-garage_001952#2,workzone_wave2
C:\Users\jiahu\OneDrive\Documents\human_detect\work-zone-safety-rgbd-dataset\workzone_rgbd_dataset_wave2\images\2person-garage_001968.png,2person-garage_001968,2person-garage,001968,rgb,2person-garage_001968#1,463.827026,360.074799,518.074951,520.621643,6.773438,6.773438,>6,lidar_wave2,garage,2person-garage,2person-garage_001968#1,workzone_wave2
C:\Users\jiahu\OneDrive\Documents\human_detect\work-zone-safety-rgbd-dataset\workzone_rgbd_dataset_wave2\images\2person-garage_001968.png,2person-garage_001968,2person-garage,001968,rgb,2person-garage_001968#2,547.480042,360.217163,602.075500,511.656738,7.804688,7.804688,>6,lidar_wave2,garage,2person-garage,2person-garage_001968#2,workzone_wave2
C:\Users\jiahu\OneDrive\Documents\human_detect\work-zone-safety-rgbd-dataset\workzone_rgbd_dataset_wave2\images\2person-garage_001977.png,2person-garage_001977,2person-garage,001977,rgb,2person-garage_001977#1,462.457306,381.697632,515.312073,553.026550,6.623047,6.623047,>6,lidar_wave2,garage,2person-garage,2person-garage_001977#1,workzone_wave2
C:\Users\jiahu\OneDrive\Documents\human_detect\work-zone-safety-rgbd-dataset\workzone_rgbd_dataset_wave2\images\2person-garage_001977.png,2person-garage_001977,2person-garage,001977,rgb,2person-garage_001977#2,512.756714,374.553802,575.301331,532.558716,6.808594,6.808594,>6,lidar_wave2,garage,2person-garage,2person-garage_001977#2,workzone_wave2
C:\Users\jiahu\OneDrive\Documents\human_detect\work-zone-safety-rgbd-dataset\workzone_rgbd_dataset_wave2\images\2person-garage_001982.png,2person-garage_001982,2person-garage,001982,rgb,2person-garage_001982#1,451.293365,402.277954,508.363129,580.685120,6.628906,6.628906,>6,lidar_wave2,garage,2person-garage,2person-garage_001982#1,workzone_wave2
C:\Users\jiahu\OneDrive\Documents\human_detect\work-zone-safety-rgbd-dataset\workzone_rgbd_dataset_wave2\images\2person-garage_001982.png,2person-garage_001982,2person-garage,001982,rgb,2person-garage_001982#2,504.481659,390.723267,557.082336,555.046875,7.933594,7.933594,>6,lidar_wave2,garage,2person-garage,2person-garage_001982#2,workzone_wave2
C:\Users\jiahu\OneDrive\Documents\human_detect\work-zone-safety-rgbd-dataset\workzone_rgbd_dataset_wave2\images\2person-garage_001992.png,2person-garage_001992,2person-garage,001992,rgb,2person-garage_001992#1,460.267365,371.859741,517.498596,556.350403,6.308594,6.308594,>6,lidar_wave2,garage,2person-garage,2person-garage_001992#1,workzone_wave2
C:\Users\jiahu\OneDrive\Documents\human_detect\work-zone-safety-rgbd-dataset\workzone_rgbd_dataset_wave2\images\2person-garage_001992.png,2person-garage_001992,2person-garage,001992,rgb,2person-garage_001992#2,500.313263,367.922058,545.890373,526.004824,6.613281,6.613281,>6,lidar_wave2,garage,2person-garage,2person-garage_001992#2,workzone_wave2
C:\Users\jiahu\OneDrive\Documents\human_detect\work-zone-safety-rgbd-dataset\workzone_rgbd_dataset_wave2\images\2person-garage_002004.png,2person-garage_002004,2person-garage,002004,rgb,2person-garage_002004#1,461.268036,366.713287,527.440430,574.844666,6.027344,6.027344,>6,lidar_wave2,garage,2person-garage,2person-garage_002004#1,workzone_wave2
C:\Users\jiahu\OneDrive\Documents\human_detect\work-zone-safety-rgbd-dataset\workzone_rgbd_dataset_wave2\images\2person-garage_002015.png,2person-garage_002015,2person-garage,002015,rgb,2person-garage_002015#1,406.543762,378.215302,458.733673,535.150635,8.007812,8.007812,>6,lidar_wave2,garage,2person-garage,2person-garage_002015#1,workzone_wave2
C:\Users\jiahu\OneDrive\Documents\human_detect\work-zone-safety-rgbd-dataset\workzone_rgbd_dataset_wave2\images\2person-garage_002015.png,2person-garage_002015,2person-garage,002015,rgb,2person-garage_002015#2,443.124847,388.963470,510.847321,613.130249,5.375000,5.375000,3-6,lidar_wave2,garage,2person-garage,2person-garage_002015#2,workzone_wave2
C:\Users\jiahu\OneDrive\Documents\human_detect\work-zone-safety-rgbd-dataset\workzone_rgbd_dataset_wave2\images\2person-garage_002028.png,2person-garage_002028,2person-garage,002028,rgb,2person-garage_002028#1,377.839172,367.271179,435.854309,531.447754,7.519531,7.519531,>6,lidar_wave2,garage,2person-garage,2person-garage_002028#1,workzone_wave2
C:\Users\jiahu\OneDrive\Documents\human_detect\work-zone-safety-rgbd-dataset\workzone_rgbd_dataset_wave2\images\2person-garage_002028.png,2person-garage_002028,2person-garage,002028,rgb,2person-garage_002028#2,471.913147,384.592255,545.813599,646.174255,4.726562,4.726562,3-6,lidar_wave2,garage,2person-garage,2person-garage_002028#2,workzone_wave2
C:\Users\jiahu\OneDrive\Documents\human_detect\work-zone-safety-rgbd-dataset\workzone_rgbd_dataset_wave2\images\2person-garage_002032.png,2person-garage_002032,2person-garage,002032,rgb,2person-garage_002032#1,396.091949,368.631866,453.411926,531.983337,7.582031,7.582031,>6,lidar_wave2,garage,2person-garage,2person-garage_002032#1,workzone_wave2
C:\Users\jiahu\OneDrive\Documents\human_detect\work-zone-safety-rgbd-dataset\workzone_rgbd_dataset_wave2\images\2person-garage_002032.png,2person-garage_002032,2person-garage,002032,rgb,2person-garage_002032#2,498.596649,377.119476,606.060791,646.433838,4.570312,4.570312,3-6,lidar_wave2,garage,2person-garage,2person-garage_002032#2,workzone_wave2
C:\Users\jiahu\OneDrive\Documents\human_detect\work-zone-safety-rgbd-dataset\workzone_rgbd_dataset_wave2\images\2person-garage_002046.png,2person-garage_002046,2person-garage,002046,rgb,2person-garage_002046#1,380.739990,369.526337,446.639099,566.554504,6.332031,6.332031,>6,lidar_wave2,garage,2person-garage,2person-garage_002046#1,workzone_wave2
C:\Users\jiahu\OneDrive\Documents\human_detect\work-zone-safety-rgbd-dataset\workzone_rgbd_dataset_wave2\images\2person-garage_002046.png,2person-garage_002046,2person-garage,002046,rgb,2person-garage_002046#2,463.925018,383.688934,585.262146,719.778992,3.302734,3.302734,3-6,lidar_wave2,garage,2person-garage,2person-garage_002046#2,workzone_wave2
C:\Users\jiahu\OneDrive\Documents\human_detect\work-zone-safety-rgbd-dataset\workzone_rgbd_dataset_wave2\images\2person-garage_002052.png,2person-garage_002052,2person-garage,002052,rgb,2person-garage_002052#1,348.788635,351.603546,423.180634,571.329102,5.544922,5.544922,3-6,lidar_wave2,garage,2person-garage,2person-garage_002052#1,workzone_wave2
C:\Users\jiahu\OneDrive\Documents\human_detect\work-zone-safety-rgbd-dataset\workzone_rgbd_dataset_wave2\images\2person-garage_002052.png,2person-garage_002052,2person-garage,002052,rgb,2person-garage_002052#2,445.549896,360.737823,570.964417,719.937622,2.748047,2.748047,<3,lidar_wave2,garage,2person-garage,2person-garage_002052#2,workzone_wave2
C:\Users\jiahu\OneDrive\Documents\human_detect\work-zone-safety-rgbd-dataset\workzone_rgbd_dataset_wave2\images\2person-garage_002065.png,2person-garage_002065,2person-garage,002065,rgb,2person-garage_002065#1,319.545807,323.475952,432.528564,646.015015,3.919922,3.919922,3-6,lidar_wave2,garage,2person-garage,2person-garage_002065#1,workzone_wave2
C:\Users\jiahu\OneDrive\Documents\human_detect\work-zone-safety-rgbd-dataset\workzone_rgbd_dataset_wave2\images\2person-garage_002065.png,2person-garage_002065,2person-garage,002065,rgb,2person-garage_002065#2,813.609558,338.130432,959.269958,719.272339,1.065430,1.065430,<3,lidar_wave2,garage,2person-garage,2person-garage_002065#2,workzone_wave2
C:\Users\jiahu\OneDrive\Documents\human_detect\work-zone-safety-rgbd-dataset\workzone_rgbd_dataset_wave2\images\2person-garage_002072.png,2person-garage_002072,2person-garage,002072,rgb,2person-garage_002072#1,337.435883,326.139130,527.537842,718.511597,2.859375,2.859375,<3,lidar_wave2,garage,2person-garage,2person-garage_002072#1,workzone_wave2
C:\Users\jiahu\OneDrive\Documents\human_detect\work-zone-safety-rgbd-dataset\workzone_rgbd_dataset_wave2\images\2person-garage_002087.png,2person-garage_002087,2person-garage,002087,rgb,2person-garage_002087#1,608.378784,152.521820,959.187805,719.012146,0.753418,0.753418,<3,lidar_wave2,garage,2person-garage,2person-garage_002087#1,workzone_wave2
C:\Users\jiahu\OneDrive\Documents\human_detect\work-zone-safety-rgbd-dataset\workzone_rgbd_dataset_wave2\images\2person-garage_002109.png,2person-garage_002109,2person-garage,002109,rgb,2person-garage_002109#1,408.203613,364.758362,575.565308,676.989990,3.616211,3.616211,3-6,lidar_wave2,garage,2person-garage,2person-garage_002109#1,workzone_wave2
C:\Users\jiahu\OneDrive\Documents\human_detect\work-zone-safety-rgbd-dataset\workzone_rgbd_dataset_wave2\images\2person-garage_002115.png,2person-garage_002115,2person-garage,002115,rgb,2person-garage_002115#1,372.750977,364.061554,514.662109,653.518616,3.894531,3.894531,3-6,lidar_wave2,garage,2person-garage,2person-garage_002115#1,workzone_wave2
C:\Users\jiahu\OneDrive\Documents\human_detect\work-zone-safety-rgbd-dataset\workzone_rgbd_dataset_wave2\images\2person-garage_002122.png,2person-garage_002122,2person-garage,002122,rgb,2person-garage_002122#1,378.740784,337.775238,480.573517,605.629211,4.285156,4.285156,3-6,lidar_wave2,garage,2person-garage,2person-garage_002122#1,workzone_wave2
C:\Users\jiahu\OneDrive\Documents\human_detect\work-zone-safety-rgbd-dataset\workzone_rgbd_dataset_wave2\images\2person-garage_002139.png,2person-garage_002139,2person-garage,002139,rgb,2person-garage_002139#1,407.315826,322.510193,497.969055,553.484558,4.830078,4.830078,3-6,lidar_wave2,garage,2person-garage,2person-garage_002139#1,workzone_wave2
C:\Users\jiahu\OneDrive\Documents\human_detect\work-zone-safety-rgbd-dataset\workzone_rgbd_dataset_wave2\images\2person-garage_002143.png,2person-garage_002143,2person-garage,002143,rgb,2person-garage_002143#1,415.023468,328.645599,513.106445,550.484802,5.066406,5.066406,3-6,lidar_wave2,garage,2person-garage,2person-garage_002143#1,workzone_wave2
C:\Users\jiahu\OneDrive\Documents\human_detect\work-zone-safety-rgbd-dataset\workzone_rgbd_dataset_wave2\images\2person-garage_002150.png,2person-garage_002150,2person-garage,002150,rgb,2person-garage_002150#1,504.891266,337.048981,599.265991,552.935303,5.390625,5.390625,3-6,lidar_wave2,garage,2person-garage,2person-garage_002150#1,workzone_wave2
C:\Users\jiahu\OneDrive\Documents\human_detect\work-zone-safety-rgbd-dataset\workzone_rgbd_dataset_wave2\images\2person-garage_002167.png,2person-garage_002167,2person-garage,002167,rgb,2person-garage_002167#1,545.018982,327.165588,617.849182,514.001282,6.171875,6.171875,>6,lidar_wave2,garage,2person-garage,2person-garage_002167#1,workzone_wave2
C:\Users\jiahu\OneDrive\Documents\human_detect\work-zone-safety-rgbd-dataset\workzone_rgbd_dataset_wave2\images\2person-garage_002175.png,2person-garage_002175,2person-garage,002175,rgb,2person-garage_002175#1,660.885315,345.885712,731.800964,524.687927,6.410156,6.410156,>6,lidar_wave2,garage,2person-garage,2person-garage_002175#1,workzone_wave2
C:\Users\jiahu\OneDrive\Documents\human_detect\work-zone-safety-rgbd-dataset\workzone_rgbd_dataset_wave2\images\2person-garage_002181.png,2person-garage_002181,2person-garage,002181,rgb,2person-garage_002181#1,609.131470,351.344788,666.835144,508.446808,7.255859,7.255859,>6,lidar_wave2,garage,2person-garage,2person-garage_002181#1,workzone_wave2
C:\Users\jiahu\OneDrive\Documents\human_detect\work-zone-safety-rgbd-dataset\workzone_rgbd_dataset_wave2\images\2person-garage_002194.png,2person-garage_002194,2person-garage,002194,rgb,2person-garage_002194#1,604.697266,375.342865,661.508667,501.351471,8.769531,8.769531,>6,lidar_wave2,garage,2person-garage,2person-garage_002194#1,workzone_wave2
C:\Users\jiahu\OneDrive\Documents\human_detect\work-zone-safety-rgbd-dataset\workzone_rgbd_dataset_wave2\images\2person-garage_002200.png,2person-garage_002200,2person-garage,002200,rgb,2person-garage_002200#1,528.992126,340.471283,580.032959,455.334076,8.515625,8.515625,>6,lidar_wave2,garage,2person-garage,2person-garage_002200#1,workzone_wave2
C:\Users\jiahu\OneDrive\Documents\human_detect\work-zone-safety-rgbd-dataset\workzone_rgbd_dataset_wave2\images\2person-garage_002218.png,2person-garage_002218,2person-garage,002218,rgb,2person-garage_002218#1,461.656036,371.163086,511.322296,478.353058,10.121094,10.121094,>6,lidar_wave2,garage,2person-garage,2person-garage_002218#1,workzone_wave2
C:\Users\jiahu\OneDrive\Documents\human_detect\work-zone-safety-rgbd-dataset\workzone_rgbd_dataset_wave2\images\2person-garage_002224.png,2person-garage_002224,2person-garage,002224,rgb,2person-garage_002224#1,468.328217,379.827606,512.183044,501.079865,8.773438,8.773438,>6,lidar_wave2,garage,2person-garage,2person-garage_002224#1,workzone_wave2
C:\Users\jiahu\OneDrive\Documents\human_detect\work-zone-safety-rgbd-dataset\workzone_rgbd_dataset_wave2\images\2person-garage_002236.png,2person-garage_002236,2person-garage,002236,rgb,2person-garage_002236#1,383.698242,373.441833,445.926910,529.946106,7.593750,7.593750,>6,lidar_wave2,garage,2person-garage,2person-garage_002236#1,workzone_wave2
C:\Users\jiahu\OneDrive\Documents\human_detect\work-zone-safety-rgbd-dataset\workzone_rgbd_dataset_wave2\images\2person-garage_002245.png,2person-garage_002245,2person-garage,002245,rgb,2person-garage_002245#1,338.466614,332.372498,423.371246,530.219421,6.093750,6.093750,>6,lidar_wave2,garage,2person-garage,2person-garage_002245#1,workzone_wave2
C:\Users\jiahu\OneDrive\Documents\human_detect\work-zone-safety-rgbd-dataset\workzone_rgbd_dataset_wave2\images\2person-garage_002251.png,2person-garage_002251,2person-garage,002251,rgb,2person-garage_002251#1,241.953204,346.001404,336.625580,578.924066,4.835938,4.835938,3-6,lidar_wave2,garage,2person-garage,2person-garage_002251#1,workzone_wave2
C:\Users\jiahu\OneDrive\Documents\human_detect\work-zone-safety-rgbd-dataset\workzone_rgbd_dataset_wave2\images\2person-garage_002262.png,2person-garage_002262,2person-garage,002262,rgb,2person-garage_002262#1,223.526276,302.873016,348.416199,645.407837,3.380859,3.380859,3-6,lidar_wave2,garage,2person-garage,2person-garage_002262#1,workzone_wave2
C:\Users\jiahu\OneDrive\Documents\human_detect\work-zone-safety-rgbd-dataset\workzone_rgbd_dataset_wave2\images\2person-garage_002270.png,2person-garage_002270,2person-garage,002270,rgb,2person-garage_002270#1,465.993286,291.517670,604.935547,717.641724,2.607422,2.607422,<3,lidar_wave2,garage,2person-garage,2person-garage_002270#1,workzone_wave2
C:\Users\jiahu\OneDrive\Documents\human_detect\work-zone-safety-rgbd-dataset\workzone_rgbd_dataset_wave2\images\2person-garage_002308.png,2person-garage_002308,2person-garage,002308,rgb,2person-garage_002308#1,800.403259,332.391022,959.638733,718.483276,1.684570,1.684570,<3,lidar_wave2,garage,2person-garage,2person-garage_002308#1,workzone_wave2
C:\Users\jiahu\OneDrive\Documents\human_detect\work-zone-safety-rgbd-dataset\workzone_rgbd_dataset_wave2\images\2person-garage_002316.png,2person-garage_002316,2person-garage,002316,rgb,2person-garage_002316#1,739.455322,358.167847,893.653931,719.715515,2.728516,2.728516,<3,lidar_wave2,garage,2person-garage,2person-garage_002316#1,workzone_wave2
C:\Users\jiahu\OneDrive\Documents\human_detect\work-zone-safety-rgbd-dataset\workzone_rgbd_dataset_wave2\images\2person-garage_002321.png,2person-garage_002321,2person-garage,002321,rgb,2person-garage_002321#1,701.264709,314.123901,825.127075,644.545593,3.498047,3.498047,3-6,lidar_wave2,garage,2person-garage,2person-garage_002321#1,workzone_wave2
C:\Users\jiahu\OneDrive\Documents\human_detect\work-zone-safety-rgbd-dataset\workzone_rgbd_dataset_wave2\images\2person-garage_002338.png,2person-garage_002338,2person-garage,002338,rgb,2person-garage_002338#1,735.384583,328.696655,835.720886,574.897583,4.570312,4.570312,3-6,lidar_wave2,garage,2person-garage,2person-garage_002338#1,workzone_wave2
C:\Users\jiahu\OneDrive\Documents\human_detect\work-zone-safety-rgbd-dataset\workzone_rgbd_dataset_wave2\images\2person-garage_002339.png,2person-garage_002339,2person-garage,002339,rgb,2person-garage_002339#1,752.689392,334.324493,847.639526,586.695923,4.562500,4.562500,3-6,lidar_wave2,garage,2person-garage,2person-garage_002339#1,workzone_wave2
C:\Users\jiahu\OneDrive\Documents\human_detect\work-zone-safety-rgbd-dataset\workzone_rgbd_dataset_wave2\images\2person-garage_002349.png,2person-garage_002349,2person-garage,002349,rgb,2person-garage_002349#1,0.138256,312.413452,64.956764,475.640259,8.734375,8.734375,>6,lidar_wave2,garage,2person-garage,2person-garage_002349#1,workzone_wave2
C:\Users\jiahu\OneDrive\Documents\human_detect\work-zone-safety-rgbd-dataset\workzone_rgbd_dataset_wave2\images\2person-garage_002349.png,2person-garage_002349,2person-garage,002349,rgb,2person-garage_002349#2,806.640198,337.884430,900.342224,568.933472,4.781250,4.781250,3-6,lidar_wave2,garage,2person-garage,2person-garage_002349#2,workzone_wave2
C:\Users\jiahu\OneDrive\Documents\human_detect\work-zone-safety-rgbd-dataset\workzone_rgbd_dataset_wave2\images\2person-garage_002363.png,2person-garage_002363,2person-garage,002363,rgb,2person-garage_002363#1,83.573181,315.830017,147.590668,468.288757,8.273438,8.273438,>6,lidar_wave2,garage,2person-garage,2person-garage_002363#1,workzone_wave2
C:\Users\jiahu\OneDrive\Documents\human_detect\work-zone-safety-rgbd-dataset\workzone_rgbd_dataset_wave2\images\2person-garage_002363.png,2person-garage_002363,2person-garage,002363,rgb,2person-garage_002363#2,778.827576,344.922302,906.572205,588.052124,4.457031,4.457031,3-6,lidar_wave2,garage,2person-garage,2person-garage_002363#2,workzone_wave2
C:\Users\jiahu\OneDrive\Documents\human_detect\work-zone-safety-rgbd-dataset\workzone_rgbd_dataset_wave2\images\2person-garage_002378.png,2person-garage_002378,2person-garage,002378,rgb,2person-garage_002378#1,98.585068,334.329926,164.163483,485.933746,8.507812,8.507812,>6,lidar_wave2,garage,2person-garage,2person-garage_002378#1,workzone_wave2
C:\Users\jiahu\OneDrive\Documents\human_detect\work-zone-safety-rgbd-dataset\workzone_rgbd_dataset_wave2\images\2person-garage_002378.png,2person-garage_002378,2person-garage,002378,rgb,2person-garage_002378#2,705.118347,356.947357,795.644775,677.935181,3.542969,3.542969,3-6,lidar_wave2,garage,2person-garage,2person-garage_002378#2,workzone_wave2
C:\Users\jiahu\OneDrive\Documents\human_detect\work-zone-safety-rgbd-dataset\workzone_rgbd_dataset_wave2\images\2person-garage_002383.png,2person-garage_002383,2person-garage,002383,rgb,2person-garage_002383#1,98.750244,342.380615,150.633041,489.684204,8.335938,8.335938,>6,lidar_wave2,garage,2person-garage,2person-garage_002383#1,workzone_wave2
C:\Users\jiahu\OneDrive\Documents\human_detect\work-zone-safety-rgbd-dataset\workzone_rgbd_dataset_wave2\images\2person-garage_002383.png,2person-garage_002383,2person-garage,002383,rgb,2person-garage_002383#2,632.686340,366.118042,755.381653,713.345398,3.281250,3.281250,3-6,lidar_wave2,garage,2person-garage,2person-garage_002383#2,workzone_wave2
C:\Users\jiahu\OneDrive\Documents\human_detect\work-zone-safety-rgbd-dataset\workzone_rgbd_dataset_wave2\images\2person-garage_002394.png,2person-garage_002394,2person-garage,002394,rgb,2person-garage_002394#1,566.068237,321.338440,719.554565,717.695679,2.882812,2.882812,<3,lidar_wave2,garage,2person-garage,2person-garage_002394#1,workzone_wave2
C:\Users\jiahu\OneDrive\Documents\human_detect\work-zone-safety-rgbd-dataset\workzone_rgbd_dataset_wave2\images\2person-garage_002404.png,2person-garage_002404,2person-garage,002404,rgb,2person-garage_002404#1,464.981689,328.489655,646.442688,719.716797,2.705078,2.705078,<3,lidar_wave2,garage,2person-garage,2person-garage_002404#1,workzone_wave2
C:\Users\jiahu\OneDrive\Documents\human_detect\work-zone-safety-rgbd-dataset\workzone_rgbd_dataset_wave2\images\2person-garage_002412.png,2person-garage_002412,2person-garage,002412,rgb,2person-garage_002412#1,142.827255,312.251953,213.131119,480.158752,7.056641,7.056641,>6,lidar_wave2,garage,2person-garage,2person-garage_002412#1,workzone_wave2
C:\Users\jiahu\OneDrive\Documents\human_detect\work-zone-safety-rgbd-dataset\workzone_rgbd_dataset_wave2\images\2person-garage_002412.png,2person-garage_002412,2person-garage,002412,rgb,2person-garage_002412#2,351.795532,310.616547,491.112061,719.416443,2.695312,2.695312,<3,lidar_wave2,garage,2person-garage,2person-garage_002412#2,workzone_wave2
C:\Users\jiahu\OneDrive\Documents\human_detect\work-zone-safety-rgbd-dataset\workzone_rgbd_dataset_wave2\images\2person-garage_002425.png,2person-garage_002425,2person-garage,002425,rgb,2person-garage_002425#1,152.360733,297.624023,239.084015,495.749817,6.214844,6.214844,>6,lidar_wave2,garage,2person-garage,2person-garage_002425#1,workzone_wave2
C:\Users\jiahu\OneDrive\Documents\human_detect\work-zone-safety-rgbd-dataset\workzone_rgbd_dataset_wave2\images\2person-garage_002425.png,2person-garage_002425,2person-garage,002425,rgb,2person-garage_002425#2,359.467651,302.595306,488.056763,719.104431,2.634766,2.634766,<3,lidar_wave2,garage,2person-garage,2person-garage_002425#2,workzone_wave2
C:\Users\jiahu\OneDrive\Documents\human_detect\work-zone-safety-rgbd-dataset\workzone_rgbd_dataset_wave2\images\2person-garage_002433.png,2person-garage_002433,2person-garage,002433,rgb,2person-garage_002433#1,185.674347,331.870148,281.891602,556.411743,5.320312,5.320312,3-6,lidar_wave2,garage,2person-garage,2person-garage_002433#1,workzone_wave2
C:\Users\jiahu\OneDrive\Documents\human_detect\work-zone-safety-rgbd-dataset\workzone_rgbd_dataset_wave2\images\2person-garage_002433.png,2person-garage_002433,2person-garage,002433,rgb,2person-garage_002433#2,491.320770,331.329987,672.436401,719.055786,2.394531,2.394531,<3,lidar_wave2,garage,2person-garage,2person-garage_002433#2,workzone_wave2
C:\Users\jiahu\OneDrive\Documents\human_detect\work-zone-safety-rgbd-dataset\workzone_rgbd_dataset_wave2\images\2person-garage_002448.png,2person-garage_002448,2person-garage,002448,rgb,2person-garage_002448#1,254.858841,286.395081,362.941559,599.926025,3.974609,3.974609,3-6,lidar_wave2,garage,2person-garage,2person-garage_002448#1,workzone_wave2
C:\Users\jiahu\OneDrive\Documents\human_detect\work-zone-safety-rgbd-dataset\workzone_rgbd_dataset_wave2\images\2person-garage_002448.png,2person-garage_002448,2person-garage,002448,rgb,2person-garage_002448#2,766.085632,287.924286,959.896912,719.168945,1.847656,1.847656,<3,lidar_wave2,garage,2person-garage,2person-garage_002448#2,workzone_wave2
C:\Users\jiahu\OneDrive\Documents\human_detect\work-zone-safety-rgbd-dataset\workzone_rgbd_dataset_wave2\images\2person-garage_002458.png,2person-garage_002458,2person-garage,002458,rgb,2person-garage_002458#1,275.768951,274.850769,444.100433,701.816345,2.795898,2.795898,<3,lidar_wave2,garage,2person-garage,2person-garage_002458#1,workzone_wave2
C:\Users\jiahu\OneDrive\Documents\human_detect\work-zone-safety-rgbd-dataset\workzone_rgbd_dataset_wave2\images\2person-garage_002468.png,2person-garage_002468,2person-garage,002468,rgb,2person-garage_002468#1,541.313660,242.879196,747.869385,719.314392,1.657227,1.657227,<3,lidar_wave2,garage,2person-garage,2person-garage_002468#1,workzone_wave2
C:\Users\jiahu\OneDrive\Documents\human_detect\work-zone-safety-rgbd-dataset\workzone_rgbd_dataset_wave2\images\2person-garage_002469.png,2person-garage_002469,2person-garage,002469,rgb,2person-garage_002469#1,574.222473,241.957535,781.789124,719.704224,1.589844,1.589844,<3,lidar_wave2,garage,2person-garage,2person-garage_002469#1,workzone_wave2
C:\Users\jiahu\OneDrive\Documents\human_detect\work-zone-safety-rgbd-dataset\workzone_rgbd_dataset_wave2\images\2person-garage_002487.png,2person-garage_002487,2person-garage,002487,rgb,2person-garage_002487#1,822.561768,324.505280,959.784302,719.615356,2.199219,2.199219,<3,lidar_wave2,garage,2person-garage,2person-garage_002487#1,workzone_wave2
C:\Users\jiahu\OneDrive\Documents\human_detect\work-zone-safety-rgbd-dataset\workzone_rgbd_dataset_wave2\images\2person-garage_002491.png,2person-garage_002491,2person-garage,002491,rgb,2person-garage_002491#1,718.152832,341.391632,929.923828,719.414612,2.435547,2.435547,<3,lidar_wave2,garage,2person-garage,2person-garage_002491#1,workzone_wave2
C:\Users\jiahu\OneDrive\Documents\human_detect\work-zone-safety-rgbd-dataset\workzone_rgbd_dataset_wave2\images\2person-garage_002504.png,2person-garage_002504,2person-garage,002504,rgb,2person-garage_002504#1,484.114777,358.593994,621.366028,621.354004,3.986328,3.986328,3-6,lidar_wave2,garage,2person-garage,2person-garage_002504#1,workzone_wave2
C:\Users\jiahu\OneDrive\Documents\human_detect\work-zone-safety-rgbd-dataset\workzone_rgbd_dataset_wave2\images\2person-garage_002512.png,2person-garage_002512,2person-garage,002512,rgb,2person-garage_002512#1,352.444397,317.319183,434.168427,539.239563,4.750000,4.750000,3-6,lidar_wave2,garage,2person-garage,2person-garage_002512#1,workzone_wave2
C:\Users\jiahu\OneDrive\Documents\human_detect\work-zone-safety-rgbd-dataset\workzone_rgbd_dataset_wave2\images\2person-garage_002525.png,2person-garage_002525,2person-garage,002525,rgb,2person-garage_002525#1,292.112091,303.644257,384.206909,518.989807,5.324219,5.324219,3-6,lidar_wave2,garage,2person-garage,2person-garage_002525#1,workzone_wave2
C:\Users\jiahu\OneDrive\Documents\human_detect\work-zone-safety-rgbd-dataset\workzone_rgbd_dataset_wave2\images\2person-garage_002537.png,2person-garage_002537,2person-garage,002537,rgb,2person-garage_002537#1,7.549999,317.472839,43.097557,380.129791,,,>6,lidar_wave2,garage,2person-garage,2person-garage_002537#1,workzone_wave2
C:\Users\jiahu\OneDrive\Documents\human_detect\work-zone-safety-rgbd-dataset\workzone_rgbd_dataset_wave2\images\2person-garage_002537.png,2person-garage_002537,2person-garage,002537,rgb,2person-garage_002537#2,222.518509,318.850098,299.757965,537.271851,5.394531,5.394531,3-6,lidar_wave2,garage,2person-garage,2person-garage_002537#2,workzone_wave2
C:\Users\jiahu\OneDrive\Documents\human_detect\work-zone-safety-rgbd-dataset\workzone_rgbd_dataset_wave2\images\2person-garage_002537.png,2person-garage_002537,2person-garage,002537,rgb,2person-garage_002537#3,822.461060,327.544189,883.753418,505.596405,6.593750,6.593750,>6,lidar_wave2,garage,2person-garage,2person-garage_002537#3,workzone_wave2
C:\Users\jiahu\OneDrive\Documents\human_detect\work-zone-safety-rgbd-dataset\workzone_rgbd_dataset_wave2\images\2person-garage_002548.png,2person-garage_002548,2person-garage,002548,rgb,2person-garage_002548#1,86.459096,313.596405,118.855934,383.593781,,,>6,lidar_wave2,garage,2person-garage,2person-garage_002548#1,workzone_wave2
C:\Users\jiahu\OneDrive\Documents\human_detect\work-zone-safety-rgbd-dataset\workzone_rgbd_dataset_wave2\images\2person-garage_002548.png,2person-garage_002548,2person-garage,002548,rgb,2person-garage_002548#2,136.664490,310.815765,225.543732,552.840332,4.523438,4.523438,3-6,lidar_wave2,garage,2person-garage,2person-garage_002548#2,workzone_wave2
C:\Users\jiahu\OneDrive\Documents\human_detect\work-zone-safety-rgbd-dataset\workzone_rgbd_dataset_wave2\images\2person-garage_002548.png,2person-garage_002548,2person-garage,002548,rgb,2person-garage_002548#3,757.650330,331.831970,834.192261,512.255127,6.437500,6.437500,>6,lidar_wave2,garage,2person-garage,2person-garage_002548#3,workzone_wave2
C:\Users\jiahu\OneDrive\Documents\human_detect\work-zone-safety-rgbd-dataset\workzone_rgbd_dataset_wave2\images\2person-garage_002553.png,2person-garage_002553,2person-garage,002553,rgb,2person-garage_002553#1,94.869934,308.220184,187.429428,595.605408,4.189453,4.189453,3-6,lidar_wave2,garage,2person-garage,2person-garage_002553#1,workzone_wave2
C:\Users\jiahu\OneDrive\Documents\human_detect\work-zone-safety-rgbd-dataset\workzone_rgbd_dataset_wave2\images\2person-garage_002553.png,2person-garage_002553,2person-garage,002553,rgb,2person-garage_002553#2,721.623291,339.119659,809.858887,535.225220,6.167969,6.167969,>6,lidar_wave2,garage,2person-garage,2person-garage_002553#2,workzone_wave2
C:\Users\jiahu\OneDrive\Documents\human_detect\work-zone-safety-rgbd-dataset\workzone_rgbd_dataset_wave2\images\2person-garage_002566.png,2person-garage_002566,2person-garage,002566,rgb,2person-garage_002566#1,623.735046,311.763428,724.266724,547.599304,5.121094,5.121094,3-6,lidar_wave2,garage,2person-garage,2person-garage_002566#1,workzone_wave2
C:\Users\jiahu\OneDrive\Documents\human_detect\work-zone-safety-rgbd-dataset\workzone_rgbd_dataset_wave2\images\2person-garage_002569.png,2person-garage_002569,2person-garage,002569,rgb,2person-garage_002569#1,601.625977,312.585754,698.904602,564.014648,4.916016,4.916016,3-6,lidar_wave2,garage,2person-garage,2person-garage_002569#1,workzone_wave2
C:\Users\jiahu\OneDrive\Documents\human_detect\work-zone-safety-rgbd-dataset\workzone_rgbd_dataset_wave2\images\2person-garage_002586.png,2person-garage_002586,2person-garage,002586,rgb,2person-garage_002586#1,175.197021,329.879730,218.216644,410.317871,18.476562,18.476562,>6,lidar_wave2,garage,2person-garage,2person-garage_002586#1,workzone_wave2
C:\Users\jiahu\OneDrive\Documents\human_detect\work-zone-safety-rgbd-dataset\workzone_rgbd_dataset_wave2\images\2person-garage_002586.png,2person-garage_002586,2person-garage,002586,rgb,2person-garage_002586#2,388.786377,293.063324,539.754089,668.962280,3.185547,3.185547,3-6,lidar_wave2,garage,2person-garage,2person-garage_002586#2,workzone_wave2
C:\Users\jiahu\OneDrive\Documents\human_detect\work-zone-safety-rgbd-dataset\workzone_rgbd_dataset_wave2\images\2person-garage_002593.png,2person-garage_002593,2person-garage,002593,rgb,2person-garage_002593#1,250.926819,351.221832,293.528809,429.636017,17.984375,17.984375,>6,lidar_wave2,garage,2person-garage,2person-garage_002593#1,workzone_wave2
C:\Users\jiahu\OneDrive\Documents\human_detect\work-zone-safety-rgbd-dataset\workzone_rgbd_dataset_wave2\images\2person-garage_002593.png,2person-garage_002593,2person-garage,002593,rgb,2person-garage_002593#2,306.907837,300.676941,535.389587,718.921326,2.689453,2.689453,<3,lidar_wave2,garage,2person-garage,2person-garage_002593#2,workzone_wave2
C:\Users\jiahu\OneDrive\Documents\human_detect\work-zone-safety-rgbd-dataset\workzone_rgbd_dataset_wave2\images\2person-garage_002599.png,2person-garage_002599,2person-garage,002599,rgb,2person-garage_002599#1,242.528595,330.721375,293.223450,415.563995,17.000000,17.000000,>6,lidar_wave2,garage,2person-garage,2person-garage_002599#1,workzone_wave2
C:\Users\jiahu\OneDrive\Documents\human_detect\work-zone-safety-rgbd-dataset\workzone_rgbd_dataset_wave2\images\2person-garage_002599.png,2person-garage_002599,2person-garage,002599,rgb,2person-garage_002599#2,269.682495,273.162720,437.753082,719.686523,2.507812,2.507812,<3,lidar_wave2,garage,2person-garage,2person-garage_002599#2,workzone_wave2
C:\Users\jiahu\OneDrive\Documents\human_detect\work-zone-safety-rgbd-dataset\workzone_rgbd_dataset_wave2\images\2person-garage_002610.png,2person-garage_002610,2person-garage,002610,rgb,2person-garage_002610#1,183.516907,295.112274,403.209503,719.125732,2.230469,2.230469,<3,lidar_wave2,garage,2person-garage,2person-garage_002610#1,workzone_wave2
C:\Users\jiahu\OneDrive\Documents\human_detect\work-zone-safety-rgbd-dataset\workzone_rgbd_dataset_wave2\images\2person-garage_002619.png,2person-garage_002619,2person-garage,002619,rgb,2person-garage_002619#1,261.426117,276.300934,489.552734,719.682373,2.212891,2.212891,<3,lidar_wave2,garage,2person-garage,2person-garage_002619#1,workzone_wave2
C:\Users\jiahu\OneDrive\Documents\human_detect\work-zone-safety-rgbd-dataset\workzone_rgbd_dataset_wave2\images\2person-garage_002619.png,2person-garage_002619,2person-garage,002619,rgb,2person-garage_002619#2,423.704464,336.180850,472.395844,449.900024,,,>6,lidar_wave2,garage,2person-garage,2person-garage_002619#2,workzone_wave2
C:\Users\jiahu\OneDrive\Documents\human_detect\work-zone-safety-rgbd-dataset\workzone_rgbd_dataset_wave2\images\2person-garage_002637.png,2person-garage_002637,2person-garage,002637,rgb,2person-garage_002637#1,309.878387,292.181946,477.580566,709.750671,2.988281,2.988281,<3,lidar_wave2,garage,2person-garage,2person-garage_002637#1,workzone_wave2
C:\Users\jiahu\OneDrive\Documents\human_detect\work-zone-safety-rgbd-dataset\workzone_rgbd_dataset_wave2\images\2person-garage_002637.png,2person-garage_002637,2person-garage,002637,rgb,2person-garage_002637#2,565.315613,345.961121,634.377686,463.245850,11.253906,11.253906,>6,lidar_wave2,garage,2person-garage,2person-garage_002637#2,workzone_wave2
C:\Users\jiahu\OneDrive\Documents\human_detect\work-zone-safety-rgbd-dataset\workzone_rgbd_dataset_wave2\images\2person-garage_002643.png,2person-garage_002643,2person-garage,002643,rgb,2person-garage_002643#1,0.162975,321.273102,117.403175,719.359192,2.898438,2.898438,<3,lidar_wave2,garage,2person-garage,2person-garage_002643#1,workzone_wave2
C:\Users\jiahu\OneDrive\Documents\human_detect\work-zone-safety-rgbd-dataset\workzone_rgbd_dataset_wave2\images\2person-garage_002643.png,2person-garage_002643,2person-garage,002643,rgb,2person-garage_002643#2,393.436646,327.759613,526.739136,655.823792,3.781250,3.781250,3-6,lidar_wave2,garage,2person-garage,2person-garage_002643#2,workzone_wave2
C:\Users\jiahu\OneDrive\Documents\human_detect\work-zone-safety-rgbd-dataset\workzone_rgbd_dataset_wave2\images\2person-garage_002643.png,2person-garage_002643,2person-garage,002643,rgb,2person-garage_002643#3,612.774536,369.486847,686.699341,481.021362,9.828125,9.828125,>6,lidar_wave2,garage,2person-garage,2person-garage_002643#3,workzone_wave2
C:\Users\jiahu\OneDrive\Documents\human_detect\work-zone-safety-rgbd-dataset\workzone_rgbd_dataset_wave2\images\2person-garage_002651.png,2person-garage_002651,2person-garage,002651,rgb,2person-garage_002651#1,56.657295,331.741180,187.279129,679.622498,3.226562,3.226562,3-6,lidar_wave2,garage,2person-garage,2person-garage_002651#1,workzone_wave2
C:\Users\jiahu\OneDrive\Documents\human_detect\work-zone-safety-rgbd-dataset\workzone_rgbd_dataset_wave2\images\2person-garage_002651.png,2person-garage_002651,2person-garage,002651,rgb,2person-garage_002651#2,434.490906,332.419800,536.474426,587.880310,4.894531,4.894531,3-6,lidar_wave2,garage,2person-garage,2person-garage_002651#2,workzone_wave2
C:\Users\jiahu\OneDrive\Documents\human_detect\work-zone-safety-rgbd-dataset\workzone_rgbd_dataset_wave2\images\2person-garage_002651.png,2person-garage_002651,2person-garage,002651,rgb,2person-garage_002651#3,699.445007,364.717377,748.752747,477.921600,9.722656,9.722656,>6,lidar_wave2,garage,2person-garage,2person-garage_002651#3,workzone_wave2
C:\Users\jiahu\OneDrive\Documents\human_detect\work-zone-safety-rgbd-dataset\workzone_rgbd_dataset_wave2\images\2person-garage_002659.png,2person-garage_002659,2person-garage,002659,rgb,2person-garage_002659#1,102.240646,348.670990,207.651672,621.099487,4.277344,4.277344,3-6,lidar_wave2,garage,2person-garage,2person-garage_002659#1,workzone_wave2
C:\Users\jiahu\OneDrive\Documents\human_detect\work-zone-safety-rgbd-dataset\workzone_rgbd_dataset_wave2\images\2person-garage_002659.png,2person-garage_002659,2person-garage,002659,rgb,2person-garage_002659#2,474.529724,332.604645,542.565308,538.291809,5.894531,5.894531,3-6,lidar_wave2,garage,2person-garage,2person-garage_002659#2,workzone_wave2
C:\Users\jiahu\OneDrive\Documents\human_detect\work-zone-safety-rgbd-dataset\workzone_rgbd_dataset_wave2\images\2person-garage_002659.png,2person-garage_002659,2person-garage,002659,rgb,2person-garage_002659#3,728.115779,347.006158,806.898622,477.113052,11.148438,11.148438,>6,lidar_wave2,garage,2person-garage,2person-garage_002659#3,workzone_wave2
C:\Users\jiahu\OneDrive\Documents\human_detect\work-zone-safety-rgbd-dataset\workzone_rgbd_dataset_wave2\images\2person-garage_002669.png,2person-garage_002669,2person-garage,002669,rgb,2person-garage_002669#1,198.898865,330.781036,277.976166,545.993286,5.060547,5.060547,3-6,lidar_wave2,garage,2person-garage,2person-garage_002669#1,workzone_wave2
C:\Users\jiahu\OneDrive\Documents\human_detect\work-zone-safety-rgbd-dataset\workzone_rgbd_dataset_wave2\images\2person-garage_002669.png,2person-garage_002669,2person-garage,002669,rgb,2person-garage_002669#2,527.217163,333.753174,575.718933,510.283905,6.902344,6.902344,>6,lidar_wave2,garage,2person-garage,2person-garage_002669#2,workzone_wave2
C:\Users\jiahu\OneDrive\Documents\human_detect\work-zone-safety-rgbd-dataset\workzone_rgbd_dataset_wave2\images\2person-garage_002679.png,2person-garage_002679,2person-garage,002679,rgb,2person-garage_002679#1,275.221649,354.648804,358.626069,566.500401,5.453125,5.453125,3-6,lidar_wave2,garage,2person-garage,2person-garage_002679#1,workzone_wave2
C:\Users\jiahu\OneDrive\Documents\human_detect\work-zone-safety-rgbd-dataset\workzone_rgbd_dataset_wave2\images\2person-garage_002679.png,2person-garage_002679,2person-garage,002679,rgb,2person-garage_002679#2,561.811584,344.437256,620.110718,516.038757,6.976562,6.976562,>6,lidar_wave2,garage,2person-garage,2person-garage_002679#2,workzone_wave2
C:\Users\jiahu\OneDrive\Documents\human_detect\work-zone-safety-rgbd-dataset\workzone_rgbd_dataset_wave2\images\2person-garage_002691.png,2person-garage_002691,2person-garage,002691,rgb,2person-garage_002691#1,304.872528,332.000427,408.196289,579.845459,4.480469,4.480469,3-6,lidar_wave2,garage,2person-garage,2person-garage_002691#1,workzone_wave2
C:\Users\jiahu\OneDrive\Documents\human_detect\work-zone-safety-rgbd-dataset\workzone_rgbd_dataset_wave2\images\2person-garage_002691.png,2person-garage_002691,2person-garage,002691,rgb,2person-garage_002691#2,546.491272,321.192841,600.275940,500.344788,6.957031,6.957031,>6,lidar_wave2,garage,2person-garage,2person-garage_002691#2,workzone_wave2
C:\Users\jiahu\OneDrive\Documents\human_detect\work-zone-safety-rgbd-dataset\workzone_rgbd_dataset_wave2\images\2person-garage_002708.png,2person-garage_002708,2person-garage,002708,rgb,2person-garage_002708#1,393.356415,341.419312,492.893097,653.242432,3.703125,3.703125,3-6,lidar_wave2,garage,2person-garage,2person-garage_002708#1,workzone_wave2
C:\Users\jiahu\OneDrive\Documents\human_detect\work-zone-safety-rgbd-dataset\workzone_rgbd_dataset_wave2\images\2person-garage_002708.png,2person-garage_002708,2person-garage,002708,rgb,2person-garage_002708#2,583.508606,331.124817,673.978333,586.921570,4.839844,4.839844,3-6,lidar_wave2,garage,2person-garage,2person-garage_002708#2,workzone_wave2
C:\Users\jiahu\OneDrive\Documents\human_detect\work-zone-safety-rgbd-dataset\workzone_rgbd_dataset_wave2\images\2person-garage_002716.png,2person-garage_002716,2person-garage,002716,rgb,2person-garage_002716#1,349.310669,340.106232,464.336151,667.639954,3.550781,3.550781,3-6,lidar_wave2,garage,2person-garage,2person-garage_002716#1,workzone_wave2
C:\Users\jiahu\OneDrive\Documents\human_detect\work-zone-safety-rgbd-dataset\workzone_rgbd_dataset_wave2\images\2person-garage_002716.png,2person-garage_002716,2person-garage,002716,rgb,2person-garage_002716#2,622.606384,328.847443,753.938049,679.978333,3.546875,3.546875,3-6,lidar_wave2,garage,2person-garage,2person-garage_002716#2,workzone_wave2
C:\Users\jiahu\OneDrive\Documents\human_detect\work-zone-safety-rgbd-dataset\workzone_rgbd_dataset_wave2\images\2person-garage_002722.png,2person-garage_002722,2person-garage,002722,rgb,2person-garage_002722#1,351.214233,339.863068,478.136536,669.300354,3.568359,3.568359,3-6,lidar_wave2,garage,2person-garage,2person-garage_002722#1,workzone_wave2
C:\Users\jiahu\OneDrive\Documents\human_detect\work-zone-safety-rgbd-dataset\workzone_rgbd_dataset_wave2\images\2person-garage_002722.png,2person-garage_002722,2person-garage,002722,rgb,2person-garage_002722#2,771.616699,287.976654,930.804199,719.784729,2.376953,2.376953,<3,lidar_wave2,garage,2person-garage,2person-garage_002722#2,workzone_wave2
C:\Users\jiahu\OneDrive\Documents\human_detect\work-zone-safety-rgbd-dataset\workzone_rgbd_dataset_wave2\images\2person-garage_002732.png,2person-garage_002732,2person-garage,002732,rgb,2person-garage_002732#1,251.142426,368.989990,347.037781,701.085999,3.455078,3.455078,3-6,lidar_wave2,garage,2person-garage,2person-garage_002732#1,workzone_wave2
C:\Users\jiahu\OneDrive\Documents\human_detect\work-zone-safety-rgbd-dataset\workzone_rgbd_dataset_wave2\images\2person-garage_002740.png,2person-garage_002740,2person-garage,002740,rgb,2person-garage_002740#1,205.681549,404.891418,308.031372,705.479980,4.023438,4.023438,3-6,lidar_wave2,garage,2person-garage,2person-garage_002740#1,workzone_wave2
C:\Users\jiahu\OneDrive\Documents\human_detect\work-zone-safety-rgbd-dataset\workzone_rgbd_dataset_wave2\images\2person-garage_002754.png,2person-garage_002754,2person-garage,002754,rgb,2person-garage_002754#1,255.785980,367.074738,329.296082,601.269653,5.085938,5.085938,3-6,lidar_wave2,garage,2person-garage,2person-garage_002754#1,workzone_wave2
C:\Users\jiahu\OneDrive\Documents\human_detect\work-zone-safety-rgbd-dataset\workzone_rgbd_dataset_wave2\images\2person-garage_002761.png,2person-garage_002761,2person-garage,002761,rgb,2person-garage_002761#1,297.753052,380.301666,375.609863,595.288818,5.482422,5.482422,3-6,lidar_wave2,garage,2person-garage,2person-garage_002761#1,workzone_wave2
C:\Users\jiahu\OneDrive\Documents\human_detect\work-zone-safety-rgbd-dataset\workzone_rgbd_dataset_wave2\images\2person-garage_002776.png,2person-garage_002776,2person-garage,002776,rgb,2person-garage_002776#1,375.124695,383.605225,449.702545,580.316528,5.667969,5.667969,3-6,lidar_wave2,garage,2person-garage,2person-garage_002776#1,workzone_wave2
C:\Users\jiahu\OneDrive\Documents\human_detect\work-zone-safety-rgbd-dataset\workzone_rgbd_dataset_wave2\images\2person-garage_002782.png,2person-garage_002782,2person-garage,002782,rgb,2person-garage_002782#1,353.023773,354.963562,429.877167,565.126892,5.585938,5.585938,3-6,lidar_wave2,garage,2person-garage,2person-garage_002782#1,workzone_wave2
C:\Users\jiahu\OneDrive\Documents\human_detect\work-zone-safety-rgbd-dataset\workzone_rgbd_dataset_wave2\images\2person-garage_002793.png,2person-garage_002793,2person-garage,002793,rgb,2person-garage_002793#1,350.530273,357.200531,430.748230,577.360657,5.429688,5.429688,3-6,lidar_wave2,garage,2person-garage,2person-garage_002793#1,workzone_wave2
C:\Users\jiahu\OneDrive\Documents\human_detect\work-zone-safety-rgbd-dataset\workzone_rgbd_dataset_wave2\images\2person-garage_002806.png,2person-garage_002806,2person-garage,002806,rgb,2person-garage_002806#1,325.155304,398.462311,409.136444,648.051880,4.886719,4.886719,3-6,lidar_wave2,garage,2person-garage,2person-garage_002806#1,workzone_wave2
C:\Users\jiahu\OneDrive\Documents\human_detect\work-zone-safety-rgbd-dataset\workzone_rgbd_dataset_wave2\images\2person-garage_002810.png,2person-garage_002810,2person-garage,002810,rgb,2person-garage_002810#1,294.132843,354.065002,389.637360,604.050110,4.683594,4.683594,3-6,lidar_wave2,garage,2person-garage,2person-garage_002810#1,workzone_wave2
C:\Users\jiahu\OneDrive\Documents\human_detect\work-zone-safety-rgbd-dataset\workzone_rgbd_dataset_wave2\images\2person-garage_002821.png,2person-garage_002821,2person-garage,002821,rgb,2person-garage_002821#1,346.848053,307.182861,442.328796,577.019775,4.419922,4.419922,3-6,lidar_wave2,garage,2person-garage,2person-garage_002821#1,workzone_wave2
C:\Users\jiahu\OneDrive\Documents\human_detect\work-zone-safety-rgbd-dataset\workzone_rgbd_dataset_wave2\images\2person-garage_002838.png,2person-garage_002838,2person-garage,002838,rgb,2person-garage_002838#1,166.659531,299.402313,318.387848,659.696594,3.216797,3.216797,3-6,lidar_wave2,garage,2person-garage,2person-garage_002838#1,workzone_wave2
C:\Users\jiahu\OneDrive\Documents\human_detect\work-zone-safety-rgbd-dataset\workzone_rgbd_dataset_wave2\images\2person-garage_002838.png,2person-garage_002838,2person-garage,002838,rgb,2person-garage_002838#2,861.188965,231.803879,959.898193,719.772522,1.856445,1.856445,<3,lidar_wave2,garage,2person-garage,2person-garage_002838#2,workzone_wave2
C:\Users\jiahu\OneDrive\Documents\human_detect\work-zone-safety-rgbd-dataset\workzone_rgbd_dataset_wave2\images\2person-garage_002843.png,2person-garage_002843,2person-garage,002843,rgb,2person-garage_002843#1,110.468079,331.528748,269.020477,719.897522,3.058594,3.058594,3-6,lidar_wave2,garage,2person-garage,2person-garage_002843#1,workzone_wave2
C:\Users\jiahu\OneDrive\Documents\human_detect\work-zone-safety-rgbd-dataset\workzone_rgbd_dataset_wave2\images\2person-garage_002843.png,2person-garage_002843,2person-garage,002843,rgb,2person-garage_002843#2,821.850098,269.910278,959.428040,719.275146,1.950195,1.950195,<3,lidar_wave2,garage,2person-garage,2person-garage_002843#2,workzone_wave2
C:\Users\jiahu\OneDrive\Documents\human_detect\work-zone-safety-rgbd-dataset\workzone_rgbd_dataset_wave2\images\2person-garage_002851.png,2person-garage_002851,2person-garage,002851,rgb,2person-garage_002851#1,0.074158,324.299011,87.197166,718.345337,5.757812,5.757812,3-6,lidar_wave2,garage,2person-garage,2person-garage_002851#1,workzone_wave2
C:\Users\jiahu\OneDrive\Documents\human_detect\work-zone-safety-rgbd-dataset\workzone_rgbd_dataset_wave2\images\2person-garage_002851.png,2person-garage_002851,2person-garage,002851,rgb,2person-garage_002851#2,725.665833,282.755432,854.219421,719.284241,2.142578,2.142578,<3,lidar_wave2,garage,2person-garage,2person-garage_002851#2,workzone_wave2
C:\Users\jiahu\OneDrive\Documents\human_detect\work-zone-safety-rgbd-dataset\workzone_rgbd_dataset_wave2\images\2person-garage_002865.png,2person-garage_002865,2person-garage,002865,rgb,2person-garage_002865#1,0.000000,309.856995,48.891235,547.594177,5.212891,5.212891,3-6,lidar_wave2,garage,2person-garage,2person-garage_002865#1,workzone_wave2
C:\Users\jiahu\OneDrive\Documents\human_detect\work-zone-safety-rgbd-dataset\workzone_rgbd_dataset_wave2\images\2person-garage_002865.png,2person-garage_002865,2person-garage,002865,rgb,2person-garage_002865#2,563.340881,272.008759,754.221741,720.000000,2.148438,2.148438,<3,lidar_wave2,garage,2person-garage,2person-garage_002865#2,workzone_wave2
C:\Users\jiahu\OneDrive\Documents\human_detect\work-zone-safety-rgbd-dataset\workzone_rgbd_dataset_wave2\images\2person-garage_002877.png,2person-garage_002877,2person-garage,002877,rgb,2person-garage_002877#1,62.305504,305.662109,177.975632,547.738525,4.703125,4.703125,3-6,lidar_wave2,garage,2person-garage,2person-garage_002877#1,workzone_wave2
C:\Users\jiahu\OneDrive\Documents\human_detect\work-zone-safety-rgbd-dataset\workzone_rgbd_dataset_wave2\images\2person-garage_002877.png,2person-garage_002877,2person-garage,002877,rgb,2person-garage_002877#2,405.734711,246.308456,547.207642,719.650513,2.107422,2.107422,<3,lidar_wave2,garage,2person-garage,2person-garage_002877#2,workzone_wave2
C:\Users\jiahu\OneDrive\Documents\human_detect\work-zone-safety-rgbd-dataset\workzone_rgbd_dataset_wave2\images\2person-garage_002884.png,2person-garage_002884,2person-garage,002884,rgb,2person-garage_002884#1,127.877357,300.607635,240.087860,513.818481,5.083984,5.083984,3-6,lidar_wave2,garage,2person-garage,2person-garage_002884#1,workzone_wave2
C:\Users\jiahu\OneDrive\Documents\human_detect\work-zone-safety-rgbd-dataset\workzone_rgbd_dataset_wave2\images\2person-garage_002884.png,2person-garage_002884,2person-garage,002884,rgb,2person-garage_002884#2,270.283508,237.724915,430.653870,720.000000,2.205078,2.205078,<3,lidar_wave2,garage,2person-garage,2person-garage_002884#2,workzone_wave2
C:\Users\jiahu\OneDrive\Documents\human_detect\work-zone-safety-rgbd-dataset\workzone_rgbd_dataset_wave2\images\2person-garage_002894.png,2person-garage_002894,2person-garage,002894,rgb,2person-garage_002894#1,107.074249,246.668030,299.974670,719.460632,2.410156,2.410156,<3,lidar_wave2,garage,2person-garage,2person-garage_002894#1,workzone_wave2
C:\Users\jiahu\OneDrive\Documents\human_detect\work-zone-safety-rgbd-dataset\workzone_rgbd_dataset_wave2\images\2person-garage_002894.png,2person-garage_002894,2person-garage,002894,rgb,2person-garage_002894#2,290.292763,326.767155,358.176992,520.900120,6.515625,6.515625,>6,lidar_wave2,garage,2person-garage,2person-garage_002894#2,workzone_wave2
C:\Users\jiahu\OneDrive\Documents\human_detect\work-zone-safety-rgbd-dataset\workzone_rgbd_dataset_wave2\images\2person-garage_002906.png,2person-garage_002906,2person-garage,002906,rgb,2person-garage_002906#1,9.755791,256.540192,208.760162,688.580750,2.917969,2.917969,<3,lidar_wave2,garage,2person-garage,2person-garage_002906#1,workzone_wave2
C:\Users\jiahu\OneDrive\Documents\human_detect\work-zone-safety-rgbd-dataset\workzone_rgbd_dataset_wave2\images\2person-garage_002906.png,2person-garage_002906,2person-garage,002906,rgb,2person-garage_002906#2,412.966003,332.010071,499.133057,532.379822,5.691406,5.691406,3-6,lidar_wave2,garage,2person-garage,2person-garage_002906#2,workzone_wave2
C:\Users\jiahu\OneDrive\Documents\human_detect\work-zone-safety-rgbd-dataset\workzone_rgbd_dataset_wave2\images\2person-garage_002918.png,2person-garage_002918,2person-garage,002918,rgb,2person-garage_002918#1,71.605103,276.560913,200.986511,623.315979,3.677734,3.677734,3-6,lidar_wave2,garage,2person-garage,2person-garage_002918#1,workzone_wave2
C:\Users\jiahu\OneDrive\Documents\human_detect\work-zone-safety-rgbd-dataset\workzone_rgbd_dataset_wave2\images\2person-garage_002918.png,2person-garage_002918,2person-garage,002918,rgb,2person-garage_002918#2,499.961517,335.423218,614.302429,571.098328,4.957031,4.957031,3-6,lidar_wave2,garage,2person-garage,2person-garage_002918#2,workzone_wave2
C:\Users\jiahu\OneDrive\Documents\human_detect\work-zone-safety-rgbd-dataset\workzone_rgbd_dataset_wave2\images\2person-garage_002928.png,2person-garage_002928,2person-garage,002928,rgb,2person-garage_002928#1,184.767380,287.792816,292.043610,585.315674,4.015625,4.015625,3-6,lidar_wave2,garage,2person-garage,2person-garage_002928#1,workzone_wave2
C:\Users\jiahu\OneDrive\Documents\human_detect\work-zone-safety-rgbd-dataset\workzone_rgbd_dataset_wave2\images\2person-garage_002928.png,2person-garage_002928,2person-garage,002928,rgb,2person-garage_002928#2,535.310852,331.361481,639.893372,611.016968,4.011719,4.011719,3-6,lidar_wave2,garage,2person-garage,2person-garage_002928#2,workzone_wave2
C:\Users\jiahu\OneDrive\Documents\human_detect\work-zone-safety-rgbd-dataset\workzone_rgbd_dataset_wave2\images\2person-garage_002931.png,2person-garage_002931,2person-garage,002931,rgb,2person-garage_002931#1,192.934586,290.061249,304.888702,584.648560,4.277344,4.277344,3-6,lidar_wave2,garage,2person-garage,2person-garage_002931#1,workzone_wave2
C:\Users\jiahu\OneDrive\Documents\human_detect\work-zone-safety-rgbd-dataset\workzone_rgbd_dataset_wave2\images\2person-garage_002931.png,2person-garage_002931,2person-garage,002931,rgb,2person-garage_002931#2,536.191467,332.278839,648.929077,648.518555,3.785156,3.785156,3-6,lidar_wave2,garage,2person-garage,2person-garage_002931#2,workzone_wave2
C:\Users\jiahu\OneDrive\Documents\human_detect\work-zone-safety-rgbd-dataset\workzone_rgbd_dataset_wave2\images\2person-garage_002940.png,2person-garage_002940,2person-garage,002940,rgb,2person-garage_002940#1,310.225067,288.043213,390.373260,565.396729,4.335938,4.335938,3-6,lidar_wave2,garage,2person-garage,2person-garage_002940#1,workzone_wave2
C:\Users\jiahu\OneDrive\Documents\human_detect\work-zone-safety-rgbd-dataset\workzone_rgbd_dataset_wave2\images\2person-garage_002940.png,2person-garage_002940,2person-garage,002940,rgb,2person-garage_002940#2,559.458130,313.389160,710.159424,719.923645,2.945312,2.945312,<3,lidar_wave2,garage,2person-garage,2person-garage_002940#2,workzone_wave2
C:\Users\jiahu\OneDrive\Documents\human_detect\work-zone-safety-rgbd-dataset\workzone_rgbd_dataset_wave2\images\2person-garage_002952.png,2person-garage_002952,2person-garage,002952,rgb,2person-garage_002952#1,388.506592,300.055756,503.387512,596.186707,4.179688,4.179688,3-6,lidar_wave2,garage,2person-garage,2person-garage_002952#1,workzone_wave2
C:\Users\jiahu\OneDrive\Documents\human_detect\work-zone-safety-rgbd-dataset\workzone_rgbd_dataset_wave2\images\2person-garage_002952.png,2person-garage_002952,2person-garage,002952,rgb,2person-garage_002952#2,794.737793,317.792358,950.108643,719.441528,1.983398,1.983398,<3,lidar_wave2,garage,2person-garage,2person-garage_002952#2,workzone_wave2
C:\Users\jiahu\OneDrive\Documents\human_detect\work-zone-safety-rgbd-dataset\workzone_rgbd_dataset_wave2\images\2person-garage_002965.png,2person-garage_002965,2person-garage,002965,rgb,2person-garage_002965#1,534.915527,295.445801,658.896667,616.853210,3.912109,3.912109,3-6,lidar_wave2,garage,2person-garage,2person-garage_002965#1,workzone_wave2
C:\Users\jiahu\OneDrive\Documents\human_detect\work-zone-safety-rgbd-dataset\workzone_rgbd_dataset_wave2\images\2person-garage_002978.png,2person-garage_002978,2person-garage,002978,rgb,2person-garage_002978#1,699.209229,293.210907,853.411194,652.107849,3.587891,3.587891,3-6,lidar_wave2,garage,2person-garage,2person-garage_002978#1,workzone_wave2
C:\Users\jiahu\OneDrive\Documents\human_detect\work-zone-safety-rgbd-dataset\workzone_rgbd_dataset_wave2\images\2person-garage_002985.png,2person-garage_002985,2person-garage,002985,rgb,2person-garage_002985#1,785.355164,286.012115,959.358276,663.041626,3.250000,3.250000,3-6,lidar_wave2,garage,2person-garage,2person-garage_002985#1,workzone_wave2
C:\Users\jiahu\OneDrive\Documents\human_detect\work-zone-safety-rgbd-dataset\workzone_rgbd_dataset_wave2\images\2person-garage_002989.png,2person-garage_002989,2person-garage,002989,rgb,2person-garage_002989#1,861.216614,287.887360,959.864319,676.220215,5.851562,5.851562,3-6,lidar_wave2,garage,2person-garage,2person-garage_002989#1,workzone_wave2
C:\Users\jiahu\OneDrive\Documents\human_detect\work-zone-safety-rgbd-dataset\workzone_rgbd_dataset_wave2\images\2person-garage_003006.png,2person-garage_003006,2person-garage,003006,rgb,2person-garage_003006#1,763.808960,339.989792,859.535950,565.495346,5.039062,5.039062,3-6,lidar_wave2,garage,2person-garage,2person-garage_003006#1,workzone_wave2
C:\Users\jiahu\OneDrive\Documents\human_detect\work-zone-safety-rgbd-dataset\workzone_rgbd_dataset_wave2\images\2person-garage_003014.png,2person-garage_003014,2person-garage,003014,rgb,2person-garage_003014#1,625.492493,330.198059,691.646301,514.069702,6.050781,6.050781,>6,lidar_wave2,garage,2person-garage,2person-garage_003014#1,workzone_wave2
C:\Users\jiahu\OneDrive\Documents\human_detect\work-zone-safety-rgbd-dataset\workzone_rgbd_dataset_wave2\images\2person-garage_003021.png,2person-garage_003021,2person-garage,003021,rgb,2person-garage_003021#1,575.341003,329.682861,632.644592,494.025787,6.550781,6.550781,>6,lidar_wave2,garage,2person-garage,2person-garage_003021#1,workzone_wave2
C:\Users\jiahu\OneDrive\Documents\human_detect\work-zone-safety-rgbd-dataset\workzone_rgbd_dataset_wave2\images\2person-pavement_000007.png,2person-pavement_000007,2person-pavement,000007,rgb,2person-pavement_000007#1,287.505463,325.962433,370.063843,558.465698,4.478516,4.478516,3-6,lidar_wave2,pavement,2person-pavement,2person-pavement_000007#1,workzone_wave2
C:\Users\jiahu\OneDrive\Documents\human_detect\work-zone-safety-rgbd-dataset\workzone_rgbd_dataset_wave2\images\2person-pavement_000007.png,2person-pavement_000007,2person-pavement,000007,rgb,2person-pavement_000007#2,579.493896,303.212433,702.669861,617.057129,4.007812,4.007812,3-6,lidar_wave2,pavement,2person-pavement,2person-pavement_000007#2,workzone_wave2
C:\Users\jiahu\OneDrive\Documents\human_detect\work-zone-safety-rgbd-dataset\workzone_rgbd_dataset_wave2\images\2person-pavement_000014.png,2person-pavement_000014,2person-pavement,000014,rgb,2person-pavement_000014#1,193.669464,328.357269,299.487305,579.095764,4.421875,4.421875,3-6,lidar_wave2,pavement,2person-pavement,2person-pavement_000014#1,workzone_wave2
C:\Users\jiahu\OneDrive\Documents\human_detect\work-zone-safety-rgbd-dataset\workzone_rgbd_dataset_wave2\images\2person-pavement_000014.png,2person-pavement_000014,2person-pavement,000014,rgb,2person-pavement_000014#2,593.389893,308.200104,706.816223,670.479553,3.578125,3.578125,3-6,lidar_wave2,pavement,2person-pavement,2person-pavement_000014#2,workzone_wave2
C:\Users\jiahu\OneDrive\Documents\human_detect\work-zone-safety-rgbd-dataset\workzone_rgbd_dataset_wave2\images\2person-pavement_000028.png,2person-pavement_000028,2person-pavement,000028,rgb,2person-pavement_000028#1,201.074539,316.803802,307.595367,585.800171,4.042969,4.042969,3-6,lidar_wave2,pavement,2person-pavement,2person-pavement_000028#1,workzone_wave2
C:\Users\jiahu\OneDrive\Documents\human_detect\work-zone-safety-rgbd-dataset\workzone_rgbd_dataset_wave2\images\2person-pavement_000028.png,2person-pavement_000028,2person-pavement,000028,rgb,2person-pavement_000028#2,800.461853,257.995239,959.551758,720.000000,1.999023,1.999023,<3,lidar_wave2,pavement,2person-pavement,2person-pavement_000028#2,workzone_wave2
C:\Users\jiahu\OneDrive\Documents\human_detect\work-zone-safety-rgbd-dataset\workzone_rgbd_dataset_wave2\images\2person-pavement_000039.png,2person-pavement_000039,2person-pavement,000039,rgb,2person-pavement_000039#1,225.633591,328.051544,344.707611,652.014221,3.410156,3.410156,3-6,lidar_wave2,pavement,2person-pavement,2person-pavement_000039#1,workzone_wave2
C:\Users\jiahu\OneDrive\Documents\human_detect\work-zone-safety-rgbd-dataset\workzone_rgbd_dataset_wave2\images\2person-pavement_000040.png,2person-pavement_000040,2person-pavement,000040,rgb,2person-pavement_000040#1,220.222565,319.423462,339.768555,650.562439,3.363281,3.363281,3-6,lidar_wave2,pavement,2person-pavement,2person-pavement_000040#1,workzone_wave2
C:\Users\jiahu\OneDrive\Documents\human_detect\work-zone-safety-rgbd-dataset\workzone_rgbd_dataset_wave2\images\2person-pavement_000057.png,2person-pavement_000057,2person-pavement,000057,rgb,2person-pavement_000057#1,165.799805,320.470459,319.276154,718.699646,2.365234,2.365234,<3,lidar_wave2,pavement,2person-pavement,2person-pavement_000057#1,workzone_wave2
C:\Users\jiahu\OneDrive\Documents\human_detect\work-zone-safety-rgbd-dataset\workzone_rgbd_dataset_wave2\images\2person-pavement_000063.png,2person-pavement_000063,2person-pavement,000063,rgb,2person-pavement_000063#1,148.796509,316.408905,344.142670,719.591370,2.019531,2.019531,<3,lidar_wave2,pavement,2person-pavement,2person-pavement_000063#1,workzone_wave2
C:\Users\jiahu\OneDrive\Documents\human_detect\work-zone-safety-rgbd-dataset\workzone_rgbd_dataset_wave2\images\2person-pavement_000075.png,2person-pavement_000075,2person-pavement,000075,rgb,2person-pavement_000075#1,0.213524,332.393860,190.245499,718.595947,1.528320,1.528320,<3,lidar_wave2,pavement,2person-pavement,2person-pavement_000075#1,workzone_wave2
C:\Users\jiahu\OneDrive\Documents\human_detect\work-zone-safety-rgbd-dataset\workzone_rgbd_dataset_wave2\images\2person-pavement_000080.png,2person-pavement_000080,2person-pavement,000080,rgb,2person-pavement_000080#1,0.321487,444.238886,59.145769,718.984497,,,<3,lidar_wave2,pavement,2person-pavement,2person-pavement_000080#1,workzone_wave2
C:\Users\jiahu\OneDrive\Documents\human_detect\work-zone-safety-rgbd-dataset\workzone_rgbd_dataset_wave2\images\2person-pavement_000099.png,2person-pavement_000099,2person-pavement,000099,rgb,2person-pavement_000099#1,560.373779,241.364136,959.915222,719.287903,1.118164,1.118164,<3,lidar_wave2,pavement,2person-pavement,2person-pavement_000099#1,workzone_wave2
C:\Users\jiahu\OneDrive\Documents\human_detect\work-zone-safety-rgbd-dataset\workzone_rgbd_dataset_wave2\images\2person-pavement_000108.png,2person-pavement_000108,2person-pavement,000108,rgb,2person-pavement_000108#1,8.451210,336.225159,158.802963,719.509277,2.705078,2.705078,<3,lidar_wave2,pavement,2person-pavement,2person-pavement_000108#1,workzone_wave2
C:\Users\jiahu\OneDrive\Documents\human_detect\work-zone-safety-rgbd-dataset\workzone_rgbd_dataset_wave2\images\2person-pavement_000108.png,2person-pavement_000108,2person-pavement,000108,rgb,2person-pavement_000108#2,508.728912,313.189117,679.231506,719.479187,2.570312,2.570312,<3,lidar_wave2,pavement,2person-pavement,2person-pavement_000108#2,workzone_wave2
C:\Users\jiahu\OneDrive\Documents\human_detect\work-zone-safety-rgbd-dataset\workzone_rgbd_dataset_wave2\images\2person-pavement_000110.png,2person-pavement_000110,2person-pavement,000110,rgb,2person-pavement_000110#1,29.346519,345.866730,207.794510,719.626343,2.967773,2.967773,<3,lidar_wave2,pavement,2person-pavement,2person-pavement_000110#1,workzone_wave2
C:\Users\jiahu\OneDrive\Documents\human_detect\work-zone-safety-rgbd-dataset\workzone_rgbd_dataset_wave2\images\2person-pavement_000110.png,2person-pavement_000110,2person-pavement,000110,rgb,2person-pavement_000110#2,499.207397,324.882812,673.266174,719.036377,2.927734,2.927734,<3,lidar_wave2,pavement,2person-pavement,2person-pavement_000110#2,workzone_wave2
C:\Users\jiahu\OneDrive\Documents\human_detect\work-zone-safety-rgbd-dataset\workzone_rgbd_dataset_wave2\images\2person-pavement_000122.png,2person-pavement_000122,2person-pavement,000122,rgb,2person-pavement_000122#1,156.329819,340.312439,247.652344,601.666565,4.425781,4.425781,3-6,lidar_wave2,pavement,2person-pavement,2person-pavement_000122#1,workzone_wave2
C:\Users\jiahu\OneDrive\Documents\human_detect\work-zone-safety-rgbd-dataset\workzone_rgbd_dataset_wave2\images\2person-pavement_000122.png,2person-pavement_000122,2person-pavement,000122,rgb,2person-pavement_000122#2,437.794922,330.903351,529.162170,574.861816,4.992188,4.992188,3-6,lidar_wave2,pavement,2person-pavement,2person-pavement_000122#2,workzone_wave2
C:\Users\jiahu\OneDrive\Documents\human_detect\work-zone-safety-rgbd-dataset\workzone_rgbd_dataset_wave2\images\2person-pavement_000131.png,2person-pavement_000131,2person-pavement,000131,rgb,2person-pavement_000131#1,270.115173,281.119476,344.428711,480.110992,5.527344,5.527344,3-6,lidar_wave2,pavement,2person-pavement,2person-pavement_000131#1,workzone_wave2
C:\Users\jiahu\OneDrive\Documents\human_detect\work-zone-safety-rgbd-dataset\workzone_rgbd_dataset_wave2\images\2person-pavement_000131.png,2person-pavement_000131,2person-pavement,000131,rgb,2person-pavement_000131#2,473.021576,270.323639,544.203430,455.778717,6.531250,6.531250,>6,lidar_wave2,pavement,2person-pavement,2person-pavement_000131#2,workzone_wave2
C:\Users\jiahu\OneDrive\Documents\human_detect\work-zone-safety-rgbd-dataset\workzone_rgbd_dataset_wave2\images\2person-pavement_000140.png,2person-pavement_000140,2person-pavement,000140,rgb,2person-pavement_000140#1,301.883423,294.391052,367.407623,457.921997,6.515625,6.515625,>6,lidar_wave2,pavement,2person-pavement,2person-pavement_000140#1,workzone_wave2
C:\Users\jiahu\OneDrive\Documents\human_detect\work-zone-safety-rgbd-dataset\workzone_rgbd_dataset_wave2\images\2person-pavement_000140.png,2person-pavement_000140,2person-pavement,000140,rgb,2person-pavement_000140#2,474.755310,276.426117,530.466431,428.654785,7.867188,7.867188,>6,lidar_wave2,pavement,2person-pavement,2person-pavement_000140#2,workzone_wave2
C:\Users\jiahu\OneDrive\Documents\human_detect\work-zone-safety-rgbd-dataset\workzone_rgbd_dataset_wave2\images\2person-pavement_000151.png,2person-pavement_000151,2person-pavement,000151,rgb,2person-pavement_000151#1,341.356232,312.951782,396.647949,474.747253,6.613281,6.613281,>6,lidar_wave2,pavement,2person-pavement,2person-pavement_000151#1,workzone_wave2
C:\Users\jiahu\OneDrive\Documents\human_detect\work-zone-safety-rgbd-dataset\workzone_rgbd_dataset_wave2\images\2person-pavement_000151.png,2person-pavement_000151,2person-pavement,000151,rgb,2person-pavement_000151#2,485.299622,294.269165,534.471497,433.684296,9.031250,9.031250,>6,lidar_wave2,pavement,2person-pavement,2person-pavement_000151#2,workzone_wave2
C:\Users\jiahu\OneDrive\Documents\human_detect\work-zone-safety-rgbd-dataset\workzone_rgbd_dataset_wave2\images\2person-pavement_000167.png,2person-pavement_000167,2person-pavement,000167,rgb,2person-pavement_000167#1,383.349396,408.074005,440.881714,583.671692,6.109375,6.109375,>6,lidar_wave2,pavement,2person-pavement,2person-pavement_000167#1,workzone_wave2
C:\Users\jiahu\OneDrive\Documents\human_detect\work-zone-safety-rgbd-dataset\workzone_rgbd_dataset_wave2\images\2person-pavement_000167.png,2person-pavement_000167,2person-pavement,000167,rgb,2person-pavement_000167#2,495.819336,391.783386,547.872925,537.965637,8.179688,8.179688,>6,lidar_wave2,pavement,2person-pavement,2person-pavement_000167#2,workzone_wave2
C:\Users\jiahu\OneDrive\Documents\human_detect\work-zone-safety-rgbd-dataset\workzone_rgbd_dataset_wave2\images\2person-pavement_000174.png,2person-pavement_000174,2person-pavement,000174,rgb,2person-pavement_000174#1,354.917999,441.425995,421.429779,637.123352,5.580078,5.580078,3-6,lidar_wave2,pavement,2person-pavement,2person-pavement_000174#1,workzone_wave2
C:\Users\jiahu\OneDrive\Documents\human_detect\work-zone-safety-rgbd-dataset\workzone_rgbd_dataset_wave2\images\2person-pavement_000174.png,2person-pavement_000174,2person-pavement,000174,rgb,2person-pavement_000174#2,455.504152,423.013619,519.605232,587.491107,6.314453,6.314453,>6,lidar_wave2,pavement,2person-pavement,2person-pavement_000174#2,workzone_wave2
C:\Users\jiahu\OneDrive\Documents\human_detect\work-zone-safety-rgbd-dataset\workzone_rgbd_dataset_wave2\images\2person-pavement_000187.png,2person-pavement_000187,2person-pavement,000187,rgb,2person-pavement_000187#1,350.294952,400.808807,432.453003,616.591736,5.226562,5.226562,3-6,lidar_wave2,pavement,2person-pavement,2person-pavement_000187#1,workzone_wave2
C:\Users\jiahu\OneDrive\Documents\human_detect\work-zone-safety-rgbd-dataset\workzone_rgbd_dataset_wave2\images\2person-pavement_000187.png,2person-pavement_000187,2person-pavement,000187,rgb,2person-pavement_000187#2,449.344757,394.693481,502.160614,544.152588,8.074219,8.074219,>6,lidar_wave2,pavement,2person-pavement,2person-pavement_000187#2,workzone_wave2
C:\Users\jiahu\OneDrive\Documents\human_detect\work-zone-safety-rgbd-dataset\workzone_rgbd_dataset_wave2\images\2person-pavement_000193.png,2person-pavement_000193,2person-pavement,000193,rgb,2person-pavement_000193#1,362.237274,412.438293,449.211914,630.467285,5.191406,5.191406,3-6,lidar_wave2,pavement,2person-pavement,2person-pavement_000193#1,workzone_wave2
C:\Users\jiahu\OneDrive\Documents\human_detect\work-zone-safety-rgbd-dataset\workzone_rgbd_dataset_wave2\images\2person-pavement_000193.png,2person-pavement_000193,2person-pavement,000193,rgb,2person-pavement_000193#2,456.050903,395.375977,516.618522,553.877017,7.222656,7.222656,>6,lidar_wave2,pavement,2person-pavement,2person-pavement_000193#2,workzone_wave2
C:\Users\jiahu\OneDrive\Documents\human_detect\work-zone-safety-rgbd-dataset\workzone_rgbd_dataset_wave2\images\2person-pavement_000202.png,2person-pavement_000202,2person-pavement,000202,rgb,2person-pavement_000202#1,337.594757,415.949707,432.410522,636.990051,4.984375,4.984375,3-6,lidar_wave2,pavement,2person-pavement,2person-pavement_000202#1,workzone_wave2
C:\Users\jiahu\OneDrive\Documents\human_detect\work-zone-safety-rgbd-dataset\workzone_rgbd_dataset_wave2\images\2person-pavement_000202.png,2person-pavement_000202,2person-pavement,000202,rgb,2person-pavement_000202#2,436.541748,400.552551,490.919769,551.294312,8.242188,8.242188,>6,lidar_wave2,pavement,2person-pavement,2person-pavement_000202#2,workzone_wave2
C:\Users\jiahu\OneDrive\Documents\human_detect\work-zone-safety-rgbd-dataset\workzone_rgbd_dataset_wave2\images\2person-pavement_000217.png,2person-pavement_000217,2person-pavement,000217,rgb,2person-pavement_000217#1,323.012970,399.774078,415.729523,636.081360,4.976562,4.976562,3-6,lidar_wave2,pavement,2person-pavement,2person-pavement_000217#1,workzone_wave2
C:\Users\jiahu\OneDrive\Documents\human_detect\work-zone-safety-rgbd-dataset\workzone_rgbd_dataset_wave2\images\2person-pavement_000217.png,2person-pavement_000217,2person-pavement,000217,rgb,2person-pavement_000217#2,447.736725,386.139130,507.072693,532.906128,8.601562,8.601562,>6,lidar_wave2,pavement,2person-pavement,2person-pavement_000217#2,workzone_wave2
C:\Users\jiahu\OneDrive\Documents\human_detect\work-zone-safety-rgbd-dataset\workzone_rgbd_dataset_wave2\images\2person-pavement_000229.png,2person-pavement_000229,2person-pavement,000229,rgb,2person-pavement_000229#1,293.950134,396.630707,404.900024,646.398804,4.623047,4.623047,3-6,lidar_wave2,pavement,2person-pavement,2person-pavement_000229#1,workzone_wave2
C:\Users\jiahu\OneDrive\Documents\human_detect\work-zone-safety-rgbd-dataset\workzone_rgbd_dataset_wave2\images\2person-pavement_000229.png,2person-pavement_000229,2person-pavement,000229,rgb,2person-pavement_000229#2,446.078522,389.257355,497.364166,537.273315,8.226562,8.226562,>6,lidar_wave2,pavement,2person-pavement,2person-pavement_000229#2,workzone_wave2
C:\Users\jiahu\OneDrive\Documents\human_detect\work-zone-safety-rgbd-dataset\workzone_rgbd_dataset_wave2\images\2person-pavement_000238.png,2person-pavement_000238,2person-pavement,000238,rgb,2person-pavement_000238#1,384.667328,381.931824,469.960785,636.640564,4.277344,4.277344,3-6,lidar_wave2,pavement,2person-pavement,2person-pavement_000238#1,workzone_wave2
C:\Users\jiahu\OneDrive\Documents\human_detect\work-zone-safety-rgbd-dataset\workzone_rgbd_dataset_wave2\images\2person-pavement_000238.png,2person-pavement_000238,2person-pavement,000238,rgb,2person-pavement_000238#2,484.982025,367.634766,541.639038,514.802307,8.281250,8.281250,>6,lidar_wave2,pavement,2person-pavement,2person-pavement_000238#2,workzone_wave2
C:\Users\jiahu\OneDrive\Documents\human_detect\work-zone-safety-rgbd-dataset\workzone_rgbd_dataset_wave2\images\2person-pavement_000244.png,2person-pavement_000244,2person-pavement,000244,rgb,2person-pavement_000244#1,403.335022,363.704468,491.861389,634.939148,4.039062,4.039062,3-6,lidar_wave2,pavement,2person-pavement,2person-pavement_000244#1,workzone_wave2
C:\Users\jiahu\OneDrive\Documents\human_detect\work-zone-safety-rgbd-dataset\workzone_rgbd_dataset_wave2\images\2person-pavement_000244.png,2person-pavement_000244,2person-pavement,000244,rgb,2person-pavement_000244#2,474.330057,356.866330,511.017252,496.424741,,,>6,lidar_wave2,pavement,2person-pavement,2person-pavement_000244#2,workzone_wave2
C:\Users\jiahu\OneDrive\Documents\human_detect\work-zone-safety-rgbd-dataset\workzone_rgbd_dataset_wave2\images\2person-pavement_000257.png,2person-pavement_000257,2person-pavement,000257,rgb,2person-pavement_000257#1,406.206390,357.123779,480.432474,534.092412,6.830078,6.830078,>6,lidar_wave2,pavement,2person-pavement,2person-pavement_000257#1,workzone_wave2
C:\Users\jiahu\OneDrive\Documents\human_detect\work-zone-safety-rgbd-dataset\workzone_rgbd_dataset_wave2\images\2person-pavement_000257.png,2person-pavement_000257,2person-pavement,000257,rgb,2person-pavement_000257#2,564.261719,373.369354,666.984192,688.448425,3.529297,3.529297,3-6,lidar_wave2,pavement,2person-pavement,2person-pavement_000257#2,workzone_wave2
C:\Users\jiahu\OneDrive\Documents\human_detect\work-zone-safety-rgbd-dataset\workzone_rgbd_dataset_wave2\images\2person-pavement_000269.png,2person-pavement_000269,2person-pavement,000269,rgb,2person-pavement_000269#1,370.996216,349.474945,448.388306,540.409790,6.523438,6.523438,>6,lidar_wave2,pavement,2person-pavement,2person-pavement_000269#1,workzone_wave2
C:\Users\jiahu\OneDrive\Documents\human_detect\work-zone-safety-rgbd-dataset\workzone_rgbd_dataset_wave2\images\2person-pavement_000269.png,2person-pavement_000269,2person-pavement,000269,rgb,2person-pavement_000269#2,682.137878,372.094666,786.328735,658.252441,3.890625,3.890625,3-6,lidar_wave2,pavement,2person-pavement,2person-pavement_000269#2,workzone_wave2
C:\Users\jiahu\OneDrive\Documents\human_detect\work-zone-safety-rgbd-dataset\workzone_rgbd_dataset_wave2\images\2person-pavement_000277.png,2person-pavement_000277,2person-pavement,000277,rgb,2person-pavement_000277#1,382.244415,358.064301,470.274200,556.535034,6.082031,6.082031,>6,lidar_wave2,pavement,2person-pavement,2person-pavement_000277#1,workzone_wave2
C:\Users\jiahu\OneDrive\Documents\human_detect\work-zone-safety-rgbd-dataset\workzone_rgbd_dataset_wave2\images\2person-pavement_000277.png,2person-pavement_000277,2person-pavement,000277,rgb,2person-pavement_000277#2,690.037354,381.318420,807.016846,624.466736,4.683594,4.683594,3-6,lidar_wave2,pavement,2person-pavement,2person-pavement_000277#2,workzone_wave2
C:\Users\jiahu\OneDrive\Documents\human_detect\work-zone-safety-rgbd-dataset\workzone_rgbd_dataset_wave2\images\2person-pavement_000288.png,2person-pavement_000288,2person-pavement,000288,rgb,2person-pavement_000288#1,467.530609,357.712372,537.058472,578.864563,5.507812,5.507812,3-6,lidar_wave2,pavement,2person-pavement,2person-pavement_000288#1,workzone_wave2
C:\Users\jiahu\OneDrive\Documents\human_detect\work-zone-safety-rgbd-dataset\workzone_rgbd_dataset_wave2\images\2person-pavement_000288.png,2person-pavement_000288,2person-pavement,000288,rgb,2person-pavement_000288#2,753.627686,386.230957,865.585327,598.908325,5.236328,5.236328,3-6,lidar_wave2,pavement,2person-pavement,2person-pavement_000288#2,workzone_wave2
C:\Users\jiahu\OneDrive\Documents\human_detect\work-zone-safety-rgbd-dataset\workzone_rgbd_dataset_wave2\images\2person-pavement_000292.png,2person-pavement_000292,2person-pavement,000292,rgb,2person-pavement_000292#1,456.452066,356.029508,549.260752,603.154615,5.218750,5.218750,3-6,lidar_wave2,pavement,2person-pavement,2person-pavement_000292#1,workzone_wave2
C:\Users\jiahu\OneDrive\Documents\human_detect\work-zone-safety-rgbd-dataset\workzone_rgbd_dataset_wave2\images\2person-pavement_000292.png,2person-pavement_000292,2person-pavement,000292,rgb,2person-pavement_000292#2,767.387878,384.165436,840.892273,588.587036,5.054688,5.054688,3-6,lidar_wave2,pavement,2person-pavement,2person-pavement_000292#2,workzone_wave2
C:\Users\jiahu\OneDrive\Documents\human_detect\work-zone-safety-rgbd-dataset\workzone_rgbd_dataset_wave2\images\2person-pavement_000303.png,2person-pavement_000303,2person-pavement,000303,rgb,2person-pavement_000303#1,562.113708,350.371399,679.313843,629.073853,3.929688,3.929688,3-6,lidar_wave2,pavement,2person-pavement,2person-pavement_000303#1,workzone_wave2
C:\Users\jiahu\OneDrive\Documents\human_detect\work-zone-safety-rgbd-dataset\workzone_rgbd_dataset_wave2\images\2person-pavement_000303.png,2person-pavement_000303,2person-pavement,000303,rgb,2person-pavement_000303#2,872.057373,387.236115,959.115967,601.290222,4.484375,4.484375,3-6,lidar_wave2,pavement,2person-pavement,2person-pavement_000303#2,workzone_wave2
C:\Users\jiahu\OneDrive\Documents\human_detect\work-zone-safety-rgbd-dataset\workzone_rgbd_dataset_wave2\images\2person-pavement_000317.png,2person-pavement_000317,2person-pavement,000317,rgb,2person-pavement_000317#1,618.645142,317.760620,724.736816,607.031982,4.375000,4.375000,3-6,lidar_wave2,pavement,2person-pavement,2person-pavement_000317#1,workzone_wave2
C:\Users\jiahu\OneDrive\Documents\human_detect\work-zone-safety-rgbd-dataset\workzone_rgbd_dataset_wave2\images\2person-pavement_000317.png,2person-pavement_000317,2person-pavement,000317,rgb,2person-pavement_000317#2,845.917603,357.207306,958.976074,566.084229,,,3-6,lidar_wave2,pavement,2person-pavement,2person-pavement_000317#2,workzone_wave2
C:\Users\jiahu\OneDrive\Documents\human_detect\work-zone-safety-rgbd-dataset\workzone_rgbd_dataset_wave2\images\2person-pavement_000327.png,2person-pavement_000327,2person-pavement,000327,rgb,2person-pavement_000327#1,302.474884,316.391602,431.755585,639.626831,3.992188,3.992188,3-6,lidar_wave2,pavement,2person-pavement,2person-pavement_000327#1,workzone_wave2
C:\Users\jiahu\OneDrive\Documents\human_detect\work-zone-safety-rgbd-dataset\workzone_rgbd_dataset_wave2\images\2person-pavement_000327.png,2person-pavement_000327,2person-pavement,000327,rgb,2person-pavement_000327#2,471.222656,360.481476,556.617432,565.531555,5.683594,5.683594,3-6,lidar_wave2,pavement,2person-pavement,2person-pavement_000327#2,workzone_wave2
C:\Users\jiahu\OneDrive\Documents\human_detect\work-zone-safety-rgbd-dataset\workzone_rgbd_dataset_wave2\images\2person-pavement_000330.png,2person-pavement_000330,2person-pavement,000330,rgb,2person-pavement_000330#1,294.700195,311.546906,425.556152,651.386353,3.792969,3.792969,3-6,lidar_wave2,pavement,2person-pavement,2person-pavement_000330#1,workzone_wave2
C:\Users\jiahu\OneDrive\Documents\human_detect\work-zone-safety-rgbd-dataset\workzone_rgbd_dataset_wave2\images\2person-pavement_000330.png,2person-pavement_000330,2person-pavement,000330,rgb,2person-pavement_000330#2,486.471497,354.342651,570.194641,561.650452,5.574219,5.574219,3-6,lidar_wave2,pavement,2person-pavement,2person-pavement_000330#2,workzone_wave2
C:\Users\jiahu\OneDrive\Documents\human_detect\work-zone-safety-rgbd-dataset\workzone_rgbd_dataset_wave2\images\2person-pavement_000340.png,2person-pavement_000340,2person-pavement,000340,rgb,2person-pavement_000340#1,503.893890,317.689178,599.647766,685.742493,3.365234,3.365234,3-6,lidar_wave2,pavement,2person-pavement,2person-pavement_000340#1,workzone_wave2
C:\Users\jiahu\OneDrive\Documents\human_detect\work-zone-safety-rgbd-dataset\workzone_rgbd_dataset_wave2\images\2person-pavement_000340.png,2person-pavement_000340,2person-pavement,000340,rgb,2person-pavement_000340#2,709.376038,365.831268,814.591797,629.863647,4.457031,4.457031,3-6,lidar_wave2,pavement,2person-pavement,2person-pavement_000340#2,workzone_wave2
C:\Users\jiahu\OneDrive\Documents\human_detect\work-zone-safety-rgbd-dataset\workzone_rgbd_dataset_wave2\images\2person-pavement_000350.png,2person-pavement_000350,2person-pavement,000350,rgb,2person-pavement_000350#1,631.540161,335.887665,753.709717,683.329346,3.626953,3.626953,3-6,lidar_wave2,pavement,2person-pavement,2person-pavement_000350#1,workzone_wave2
C:\Users\jiahu\OneDrive\Documents\human_detect\work-zone-safety-rgbd-dataset\workzone_rgbd_dataset_wave2\images\2person-pavement_000350.png,2person-pavement_000350,2person-pavement,000350,rgb,2person-pavement_000350#2,879.216064,377.378632,959.943604,709.695068,3.466797,3.466797,3-6,lidar_wave2,pavement,2person-pavement,2person-pavement_000350#2,workzone_wave2
C:\Users\jiahu\OneDrive\Documents\human_detect\work-zone-safety-rgbd-dataset\workzone_rgbd_dataset_wave2\images\2person-pavement_000364.png,2person-pavement_000364,2person-pavement,000364,rgb,2person-pavement_000364#1,828.333801,368.710907,946.670105,642.834595,4.363281,4.363281,3-6,lidar_wave2,pavement,2person-pavement,2person-pavement_000364#1,workzone_wave2
C:\Users\jiahu\OneDrive\Documents\human_detect\work-zone-safety-rgbd-dataset\workzone_rgbd_dataset_wave2\images\2person-pavement_000374.png,2person-pavement_000374,2person-pavement,000374,rgb,2person-pavement_000374#1,623.970337,341.240021,695.112915,528.327026,6.472656,6.472656,>6,lidar_wave2,pavement,2person-pavement,2person-pavement_000374#1,workzone_wave2
C:\Users\jiahu\OneDrive\Documents\human_detect\work-zone-safety-rgbd-dataset\workzone_rgbd_dataset_wave2\images\2person-pavement_000386.png,2person-pavement_000386,2person-pavement,000386,rgb,2person-pavement_000386#1,332.089722,331.557495,382.631409,476.260986,8.468750,8.468750,>6,lidar_wave2,pavement,2person-pavement,2person-pavement_000386#1,workzone_wave2
C:\Users\jiahu\OneDrive\Documents\human_detect\work-zone-safety-rgbd-dataset\workzone_rgbd_dataset_wave2\images\2person-pavement_000386.png,2person-pavement_000386,2person-pavement,000386,rgb,2person-pavement_000386#2,752.729309,357.188324,918.513794,674.794800,3.464844,3.464844,3-6,lidar_wave2,pavement,2person-pavement,2person-pavement_000386#2,workzone_wave2
C:\Users\jiahu\OneDrive\Documents\human_detect\work-zone-safety-rgbd-dataset\workzone_rgbd_dataset_wave2\images\2person-pavement_000391.png,2person-pavement_000391,2person-pavement,000391,rgb,2person-pavement_000391#1,160.553116,286.326782,222.223038,430.220215,,,>6,lidar_wave2,pavement,2person-pavement,2person-pavement_000391#1,workzone_wave2
C:\Users\jiahu\OneDrive\Documents\human_detect\work-zone-safety-rgbd-dataset\workzone_rgbd_dataset_wave2\images\2person-pavement_000391.png,2person-pavement_000391,2person-pavement,000391,rgb,2person-pavement_000391#2,620.226746,323.797485,751.968506,598.948059,4.078125,4.078125,3-6,lidar_wave2,pavement,2person-pavement,2person-pavement_000391#2,workzone_wave2
C:\Users\jiahu\OneDrive\Documents\human_detect\work-zone-safety-rgbd-dataset\workzone_rgbd_dataset_wave2\images\2person-pavement_000405.png,2person-pavement_000405,2person-pavement,000405,rgb,2person-pavement_000405#1,597.434509,354.299561,722.862915,622.139648,4.179688,4.179688,3-6,lidar_wave2,pavement,2person-pavement,2person-pavement_000405#1,workzone_wave2
C:\Users\jiahu\OneDrive\Documents\human_detect\work-zone-safety-rgbd-dataset\workzone_rgbd_dataset_wave2\images\2person-pavement_000415.png,2person-pavement_000415,2person-pavement,000415,rgb,2person-pavement_000415#1,549.399963,330.645538,673.107483,590.878845,4.226562,4.226562,3-6,lidar_wave2,pavement,2person-pavement,2person-pavement_000415#1,workzone_wave2
C:\Users\jiahu\OneDrive\Documents\human_detect\work-zone-safety-rgbd-dataset\workzone_rgbd_dataset_wave2\images\2person-pavement_000426.png,2person-pavement_000426,2person-pavement,000426,rgb,2person-pavement_000426#1,23.230087,311.444672,79.924782,446.598541,,,>6,lidar_wave2,pavement,2person-pavement,2person-pavement_000426#1,workzone_wave2
C:\Users\jiahu\OneDrive\Documents\human_detect\work-zone-safety-rgbd-dataset\workzone_rgbd_dataset_wave2\images\2person-pavement_000426.png,2person-pavement_000426,2person-pavement,000426,rgb,2person-pavement_000426#2,655.146301,380.465454,751.877441,679.653015,3.794922,3.794922,3-6,lidar_wave2,pavement,2person-pavement,2person-pavement_000426#2,workzone_wave2
C:\Users\jiahu\OneDrive\Documents\human_detect\work-zone-safety-rgbd-dataset\workzone_rgbd_dataset_wave2\images\2person-pavement_000439.png,2person-pavement_000439,2person-pavement,000439,rgb,2person-pavement_000439#1,109.238640,327.308807,159.712351,453.344428,,,>6,lidar_wave2,pavement,2person-pavement,2person-pavement_000439#1,workzone_wave2
C:\Users\jiahu\OneDrive\Documents\human_detect\work-zone-safety-rgbd-dataset\workzone_rgbd_dataset_wave2\images\2person-pavement_000439.png,2person-pavement_000439,2person-pavement,000439,rgb,2person-pavement_000439#2,676.619995,367.247650,794.148071,691.056152,3.330078,3.330078,3-6,lidar_wave2,pavement,2person-pavement,2person-pavement_000439#2,workzone_wave2
C:\Users\jiahu\OneDrive\Documents\human_detect\work-zone-safety-rgbd-dataset\workzone_rgbd_dataset_wave2\images\2person-pavement_000447.png,2person-pavement_000447,2person-pavement,000447,rgb,2person-pavement_000447#1,12.325424,361.400696,65.129158,442.944885,18.640625,18.640625,>6,lidar_wave2,pavement,2person-pavement,2person-pavement_000447#1,workzone_wave2
C:\Users\jiahu\OneDrive\Documents\human_detect\work-zone-safety-rgbd-dataset\workzone_rgbd_dataset_wave2\images\2person-pavement_000447.png,2person-pavement_000447,2person-pavement,000447,rgb,2person-pavement_000447#2,171.881828,355.420334,228.197345,479.434943,,,>6,lidar_wave2,pavement,2person-pavement,2person-pavement_000447#2,workzone_wave2
C:\Users\jiahu\OneDrive\Documents\human_detect\work-zone-safety-rgbd-dataset\workzone_rgbd_dataset_wave2\images\2person-pavement_000447.png,2person-pavement_000447,2person-pavement,000447,rgb,2person-pavement_000447#3,745.227783,390.291870,903.490051,719.854248,3.075195,3.075195,3-6,lidar_wave2,pavement,2person-pavement,2person-pavement_000447#3,workzone_wave2
C:\Users\jiahu\OneDrive\Documents\human_detect\work-zone-safety-rgbd-dataset\workzone_rgbd_dataset_wave2\images\2person-pavement_000451.png,2person-pavement_000451,2person-pavement,000451,rgb,2person-pavement_000451#1,155.048728,334.759931,204.081112,422.096182,17.781250,17.781250,>6,lidar_wave2,pavement,2person-pavement,2person-pavement_000451#1,workzone_wave2
C:\Users\jiahu\OneDrive\Documents\human_detect\work-zone-safety-rgbd-dataset\workzone_rgbd_dataset_wave2\images\2person-pavement_000451.png,2person-pavement_000451,2person-pavement,000451,rgb,2person-pavement_000451#2,252.186644,330.512922,302.097748,450.243073,,,>6,lidar_wave2,pavement,2person-pavement,2person-pavement_000451#2,workzone_wave2
C:\Users\jiahu\OneDrive\Documents\human_detect\work-zone-safety-rgbd-dataset\workzone_rgbd_dataset_wave2\images\2person-pavement_000451.png,2person-pavement_000451,2person-pavement,000451,rgb,2person-pavement_000451#3,817.879395,382.525513,959.817627,720.000000,2.962891,2.962891,<3,lidar_wave2,pavement,2person-pavement,2person-pavement_000451#3,workzone_wave2
C:\Users\jiahu\OneDrive\Documents\human_detect\work-zone-safety-rgbd-dataset\workzone_rgbd_dataset_wave2\images\2person-pavement_000469.png,2person-pavement_000469,2person-pavement,000469,rgb,2person-pavement_000469#1,506.351246,353.750041,559.690418,489.394023,,,>6,lidar_wave2,pavement,2person-pavement,2person-pavement_000469#1,workzone_wave2
C:\Users\jiahu\OneDrive\Documents\human_detect\work-zone-safety-rgbd-dataset\workzone_rgbd_dataset_wave2\images\2person-pavement_000469.png,2person-pavement_000469,2person-pavement,000469,rgb,2person-pavement_000469#2,593.997131,377.135406,623.020264,439.039246,,,>6,lidar_wave2,pavement,2person-pavement,2person-pavement_000469#2,workzone_wave2
C:\Users\jiahu\OneDrive\Documents\human_detect\work-zone-safety-rgbd-dataset\workzone_rgbd_dataset_wave2\images\2person-pavement_000472.png,2person-pavement_000472,2person-pavement,000472,rgb,2person-pavement_000472#1,488.946259,375.212128,550.233093,520.664856,8.710938,8.710938,>6,lidar_wave2,pavement,2person-pavement,2person-pavement_000472#1,workzone_wave2
C:\Users\jiahu\OneDrive\Documents\human_detect\work-zone-safety-rgbd-dataset\workzone_rgbd_dataset_wave2\images\2person-pavement_000472.png,2person-pavement_000472,2person-pavement,000472,rgb,2person-pavement_000472#2,600.140625,399.865631,625.531494,462.166809,16.281250,16.281250,>6,lidar_wave2,pavement,2person-pavement,2person-pavement_000472#2,workzone_wave2
C:\Users\jiahu\OneDrive\Documents\human_detect\work-zone-safety-rgbd-dataset\workzone_rgbd_dataset_wave2\images\2person-pavement_000489.png,2person-pavement_000489,2person-pavement,000489,rgb,2person-pavement_000489#1,499.586243,338.294342,584.293457,551.932373,5.878906,5.878906,3-6,lidar_wave2,pavement,2person-pavement,2person-pavement_000489#1,workzone_wave2
C:\Users\jiahu\OneDrive\Documents\human_detect\work-zone-safety-rgbd-dataset\workzone_rgbd_dataset_wave2\images\2person-pavement_000489.png,2person-pavement_000489,2person-pavement,000489,rgb,2person-pavement_000489#2,641.239990,369.798431,667.287292,428.558533,20.000000,20.000000,>6,lidar_wave2,pavement,2person-pavement,2person-pavement_000489#2,workzone_wave2
C:\Users\jiahu\OneDrive\Documents\human_detect\work-zone-safety-rgbd-dataset\workzone_rgbd_dataset_wave2\images\2person-pavement_000496.png,2person-pavement_000496,2person-pavement,000496,rgb,2person-pavement_000496#1,453.441040,317.954315,542.732971,590.932251,4.589844,4.589844,3-6,lidar_wave2,pavement,2person-pavement,2person-pavement_000496#1,workzone_wave2
C:\Users\jiahu\OneDrive\Documents\human_detect\work-zone-safety-rgbd-dataset\workzone_rgbd_dataset_wave2\images\2person-pavement_000496.png,2person-pavement_000496,2person-pavement,000496,rgb,2person-pavement_000496#2,583.754578,344.411774,613.074341,408.984222,19.765625,19.765625,>6,lidar_wave2,pavement,2person-pavement,2person-pavement_000496#2,workzone_wave2
C:\Users\jiahu\OneDrive\Documents\human_detect\work-zone-safety-rgbd-dataset\workzone_rgbd_dataset_wave2\images\2person-pavement_000509.png,2person-pavement_000509,2person-pavement,000509,rgb,2person-pavement_000509#1,413.553864,290.157104,578.204834,719.224304,2.390625,2.390625,<3,lidar_wave2,pavement,2person-pavement,2person-pavement_000509#1,workzone_wave2
C:\Users\jiahu\OneDrive\Documents\human_detect\work-zone-safety-rgbd-dataset\workzone_rgbd_dataset_wave2\images\2person-pavement_000517.png,2person-pavement_000517,2person-pavement,000517,rgb,2person-pavement_000517#1,294.694458,346.565002,316.627014,408.633484,,,>6,lidar_wave2,pavement,2person-pavement,2person-pavement_000517#1,workzone_wave2
C:\Users\jiahu\OneDrive\Documents\human_detect\work-zone-safety-rgbd-dataset\workzone_rgbd_dataset_wave2\images\2person-pavement_000517.png,2person-pavement_000517,2person-pavement,000517,rgb,2person-pavement_000517#2,485.969604,252.047394,778.132690,719.433838,1.468750,1.468750,<3,lidar_wave2,pavement,2person-pavement,2person-pavement_000517#2,workzone_wave2
C:\Users\jiahu\OneDrive\Documents\human_detect\work-zone-safety-rgbd-dataset\workzone_rgbd_dataset_wave2\images\2person-pavement_000517.png,2person-pavement_000517,2person-pavement,000517,rgb,2person-pavement_000517#3,644.628479,350.804474,742.637146,627.516724,3.755859,3.755859,3-6,lidar_wave2,pavement,2person-pavement,2person-pavement_000517#3,workzone_wave2
C:\Users\jiahu\OneDrive\Documents\human_detect\work-zone-safety-rgbd-dataset\workzone_rgbd_dataset_wave2\images\2person-pavement_000524.png,2person-pavement_000524,2person-pavement,000524,rgb,2person-pavement_000524#1,183.198990,333.248291,206.771851,392.652374,18.117188,18.117188,>6,lidar_wave2,pavement,2person-pavement,2person-pavement_000524#1,workzone_wave2
C:\Users\jiahu\OneDrive\Documents\human_detect\work-zone-safety-rgbd-dataset\workzone_rgbd_dataset_wave2\images\2person-pavement_000524.png,2person-pavement_000524,2person-pavement,000524,rgb,2person-pavement_000524#2,447.349396,345.008057,546.791199,651.576782,3.483398,3.483398,3-6,lidar_wave2,pavement,2person-pavement,2person-pavement_000524#2,workzone_wave2
C:\Users\jiahu\OneDrive\Documents\human_detect\work-zone-safety-rgbd-dataset\workzone_rgbd_dataset_wave2\images\2person-pavement_000524.png,2person-pavement_000524,2person-pavement,000524,rgb,2person-pavement_000524#3,661.361938,203.684372,959.424133,718.892334,0.898438,0.898438,<3,lidar_wave2,pavement,2person-pavement,2person-pavement_000524#3,workzone_wave2
C:\Users\jiahu\OneDrive\Documents\human_detect\work-zone-safety-rgbd-dataset\workzone_rgbd_dataset_wave2\images\2person-pavement_000531.png,2person-pavement_000531,2person-pavement,000531,rgb,2person-pavement_000531#1,187.756851,344.133484,211.428223,400.302612,19.781250,19.781250,>6,lidar_wave2,pavement,2person-pavement,2person-pavement_000531#1,workzone_wave2
C:\Users\jiahu\OneDrive\Documents\human_detect\work-zone-safety-rgbd-dataset\workzone_rgbd_dataset_wave2\images\2person-pavement_000531.png,2person-pavement_000531,2person-pavement,000531,rgb,2person-pavement_000531#2,325.565735,346.397034,493.482239,719.203491,2.892578,2.892578,<3,lidar_wave2,pavement,2person-pavement,2person-pavement_000531#2,workzone_wave2
C:\Users\jiahu\OneDrive\Documents\human_detect\work-zone-safety-rgbd-dataset\workzone_rgbd_dataset_wave2\images\2person-pavement_000542.png,2person-pavement_000542,2person-pavement,000542,rgb,2person-pavement_000542#1,261.021057,316.626343,287.578491,366.446503,19.609375,19.609375,>6,lidar_wave2,pavement,2person-pavement,2person-pavement_000542#1,workzone_wave2
C:\Users\jiahu\OneDrive\Documents\human_detect\work-zone-safety-rgbd-dataset\workzone_rgbd_dataset_wave2\images\2person-pavement_000542.png,2person-pavement_000542,2person-pavement,000542,rgb,2person-pavement_000542#2,292.544037,282.223450,690.194885,719.093506,1.113281,1.113281,<3,lidar_wave2,pavement,2person-pavement,2person-pavement_000542#2,workzone_wave2
C:\Users\jiahu\OneDrive\Documents\human_detect\work-zone-safety-rgbd-dataset\workzone_rgbd_dataset_wave2\images\2person-pavement_000555.png,2person-pavement_000555,2person-pavement,000555,rgb,2person-pavement_000555#1,310.159058,322.680084,331.729919,370.638245,19.734375,19.734375,>6,lidar_wave2,pavement,2person-pavement,2person-pavement_000555#1,workzone_wave2
C:\Users\jiahu\OneDrive\Documents\human_detect\work-zone-safety-rgbd-dataset\workzone_rgbd_dataset_wave2\images\2person-pavement_000591.png,2person-pavement_000591,2person-pavement,000591,rgb,2person-pavement_000591#1,740.872498,336.133118,959.326172,719.439148,2.248047,2.248047,<3,lidar_wave2,pavement,2person-pavement,2person-pavement_000591#1,workzone_wave2
C:\Users\jiahu\OneDrive\Documents\human_detect\work-zone-safety-rgbd-dataset\workzone_rgbd_dataset_wave2\images\2person-pavement_000608.png,2person-pavement_000608,2person-pavement,000608,rgb,2person-pavement_000608#1,14.869034,292.265259,206.417542,670.869934,2.753906,2.753906,<3,lidar_wave2,pavement,2person-pavement,2person-pavement_000608#1,workzone_wave2
C:\Users\jiahu\OneDrive\Documents\human_detect\work-zone-safety-rgbd-dataset\workzone_rgbd_dataset_wave2\images\2person-pavement_000608.png,2person-pavement_000608,2person-pavement,000608,rgb,2person-pavement_000608#2,697.045715,254.581100,942.492554,719.518066,1.886719,1.886719,<3,lidar_wave2,pavement,2person-pavement,2person-pavement_000608#2,workzone_wave2
C:\Users\jiahu\OneDrive\Documents\human_detect\work-zone-safety-rgbd-dataset\workzone_rgbd_dataset_wave2\images\2person-pavement_000614.png,2person-pavement_000614,2person-pavement,000614,rgb,2person-pavement_000614#1,161.356476,315.173584,315.155548,625.644653,3.576172,3.576172,3-6,lidar_wave2,pavement,2person-pavement,2person-pavement_000614#1,workzone_wave2
C:\Users\jiahu\OneDrive\Documents\human_detect\work-zone-safety-rgbd-dataset\workzone_rgbd_dataset_wave2\images\2person-pavement_000614.png,2person-pavement_000614,2person-pavement,000614,rgb,2person-pavement_000614#2,637.802307,278.448242,836.061096,719.893921,2.578125,2.578125,<3,lidar_wave2,pavement,2person-pavement,2person-pavement_000614#2,workzone_wave2
C:\Users\jiahu\OneDrive\Documents\human_detect\work-zone-safety-rgbd-dataset\workzone_rgbd_dataset_wave2\images\2person-pavement_000623.png,2person-pavement_000623,2person-pavement,000623,rgb,2person-pavement_000623#1,204.615509,307.903900,333.403198,575.799866,4.109375,4.109375,3-6,lidar_wave2,pavement,2person-pavement,2person-pavement_000623#1,workzone_wave2
C:\Users\jiahu\OneDrive\Documents\human_detect\work-zone-safety-rgbd-dataset\workzone_rgbd_dataset_wave2\images\2person-pavement_000623.png,2person-pavement_000623,2person-pavement,000623,rgb,2person-pavement_000623#2,630.147400,267.856781,773.202820,644.212280,3.330078,3.330078,3-6,lidar_wave2,pavement,2person-pavement,2person-pavement_000623#2,workzone_wave2
C:\Users\jiahu\OneDrive\Documents\human_detect\work-zone-safety-rgbd-dataset\workzone_rgbd_dataset_wave2\images\2person-pavement_000632.png,2person-pavement_000632,2person-pavement,000632,rgb,2person-pavement_000632#1,204.205185,318.553162,308.145630,607.277588,3.988281,3.988281,3-6,lidar_wave2,pavement,2person-pavement,2person-pavement_000632#1,workzone_wave2
C:\Users\jiahu\OneDrive\Documents\human_detect\work-zone-safety-rgbd-dataset\workzone_rgbd_dataset_wave2\images\2person-pavement_000632.png,2person-pavement_000632,2person-pavement,000632,rgb,2person-pavement_000632#2,636.930603,288.216858,768.177612,633.761047,3.507812,3.507812,3-6,lidar_wave2,pavement,2person-pavement,2person-pavement_000632#2,workzone_wave2
C:\Users\jiahu\OneDrive\Documents\human_detect\work-zone-safety-rgbd-dataset\workzone_rgbd_dataset_wave2\images\2person-pavement_000647.png,2person-pavement_000647,2person-pavement,000647,rgb,2person-pavement_000647#1,104.501266,293.644958,230.711838,582.983643,3.844727,3.844727,3-6,lidar_wave2,pavement,2person-pavement,2person-pavement_000647#1,workzone_wave2
C:\Users\jiahu\OneDrive\Documents\human_detect\work-zone-safety-rgbd-dataset\workzone_rgbd_dataset_wave2\images\2person-pavement_000647.png,2person-pavement_000647,2person-pavement,000647,rgb,2person-pavement_000647#2,585.831482,271.751129,700.588257,625.710083,3.558594,3.558594,3-6,lidar_wave2,pavement,2person-pavement,2person-pavement_000647#2,workzone_wave2
C:\Users\jiahu\OneDrive\Documents\human_detect\work-zone-safety-rgbd-dataset\workzone_rgbd_dataset_wave2\images\2person-pavement_000652.png,2person-pavement_000652,2person-pavement,000652,rgb,2person-pavement_000652#1,100.349716,348.151062,219.980759,629.787231,4.019531,4.019531,3-6,lidar_wave2,pavement,2person-pavement,2person-pavement_000652#1,workzone_wave2
C:\Users\jiahu\OneDrive\Documents\human_detect\work-zone-safety-rgbd-dataset\workzone_rgbd_dataset_wave2\images\2person-pavement_000652.png,2person-pavement_000652,2person-pavement,000652,rgb,2person-pavement_000652#2,558.579224,314.782196,702.325012,672.475586,3.521484,3.521484,3-6,lidar_wave2,pavement,2person-pavement,2person-pavement_000652#2,workzone_wave2
C:\Users\jiahu\OneDrive\Documents\human_detect\work-zone-safety-rgbd-dataset\workzone_rgbd_dataset_wave2\images\2person-pavement_000661.png,2person-pavement_000661,2person-pavement,000661,rgb,2person-pavement_000661#1,130.658493,373.714539,237.144791,645.397827,4.320312,4.320312,3-6,lidar_wave2,pavement,2person-pavement,2person-pavement_000661#1,workzone_wave2
C:\Users\jiahu\OneDrive\Documents\human_detect\work-zone-safety-rgbd-dataset\workzone_rgbd_dataset_wave2\images\2person-pavement_000661.png,2person-pavement_000661,2person-pavement,000661,rgb,2person-pavement_000661#2,529.794983,339.756439,673.681702,701.931091,3.472656,3.472656,3-6,lidar_wave2,pavement,2person-pavement,2person-pavement_000661#2,workzone_wave2
C:\Users\jiahu\OneDrive\Documents\human_detect\work-zone-safety-rgbd-dataset\workzone_rgbd_dataset_wave2\images\2person-pavement_000679.png,2person-pavement_000679,2person-pavement,000679,rgb,2person-pavement_000679#1,193.601028,364.195282,285.366974,604.642273,4.871094,4.871094,3-6,lidar_wave2,pavement,2person-pavement,2person-pavement_000679#1,workzone_wave2
C:\Users\jiahu\OneDrive\Documents\human_detect\work-zone-safety-rgbd-dataset\workzone_rgbd_dataset_wave2\images\2person-pavement_000679.png,2person-pavement_000679,2person-pavement,000679,rgb,2person-pavement_000679#2,577.568542,325.511627,703.028198,675.822388,3.687500,3.687500,3-6,lidar_wave2,pavement,2person-pavement,2person-pavement_000679#2,workzone_wave2
C:\Users\jiahu\OneDrive\Documents\human_detect\work-zone-safety-rgbd-dataset\workzone_rgbd_dataset_wave2\images\2person-pavement_000689.png,2person-pavement_000689,2person-pavement,000689,rgb,2person-pavement_000689#1,214.895798,338.729095,315.729675,604.808716,4.531250,4.531250,3-6,lidar_wave2,pavement,2person-pavement,2person-pavement_000689#1,workzone_wave2
C:\Users\jiahu\OneDrive\Documents\human_detect\work-zone-safety-rgbd-dataset\workzone_rgbd_dataset_wave2\images\2person-pavement_000689.png,2person-pavement_000689,2person-pavement,000689,rgb,2person-pavement_000689#2,680.871094,319.482513,823.110962,673.375000,3.453125,3.453125,3-6,lidar_wave2,pavement,2person-pavement,2person-pavement_000689#2,workzone_wave2
C:\Users\jiahu\OneDrive\Documents\human_detect\work-zone-safety-rgbd-dataset\workzone_rgbd_dataset_wave2\images\2person-pavement_000690.png,2person-pavement_000690,2person-pavement,000690,rgb,2person-pavement_000690#1,173.111755,334.370636,284.054535,603.276855,4.269531,4.269531,3-6,lidar_wave2,pavement,2person-pavement,2person-pavement_000690#1,workzone_wave2
C:\Users\jiahu\OneDrive\Documents\human_detect\work-zone-safety-rgbd-dataset\workzone_rgbd_dataset_wave2\images\2person-pavement_000690.png,2person-pavement_000690,2person-pavement,000690,rgb,2person-pavement_000690#2,650.984863,316.131409,803.098022,668.322693,3.507812,3.507812,3-6,lidar_wave2,pavement,2person-pavement,2person-pavement_000690#2,workzone_wave2
C:\Users\jiahu\OneDrive\Documents\human_detect\work-zone-safety-rgbd-dataset\workzone_rgbd_dataset_wave2\images\2person-pavement_000702.png,2person-pavement_000702,2person-pavement,000702,rgb,2person-pavement_000702#1,443.791351,324.927429,604.585693,660.245056,3.722656,3.722656,3-6,lidar_wave2,pavement,2person-pavement,2person-pavement_000702#1,workzone_wave2
C:\Users\jiahu\OneDrive\Documents\human_detect\work-zone-safety-rgbd-dataset\workzone_rgbd_dataset_wave2\images\2person-pavement_000711.png,2person-pavement_000711,2person-pavement,000711,rgb,2person-pavement_000711#1,429.301483,305.209808,555.345398,609.644897,3.945312,3.945312,3-6,lidar_wave2,pavement,2person-pavement,2person-pavement_000711#1,workzone_wave2
C:\Users\jiahu\OneDrive\Documents\human_detect\work-zone-safety-rgbd-dataset\workzone_rgbd_dataset_wave2\images\2person-pavement_000724.png,2person-pavement_000724,2person-pavement,000724,rgb,2person-pavement_000724#1,93.093872,332.936127,304.775604,719.299927,2.093750,2.093750,<3,lidar_wave2,pavement,2person-pavement,2person-pavement_000724#1,workzone_wave2
C:\Users\jiahu\OneDrive\Documents\human_detect\work-zone-safety-rgbd-dataset\workzone_rgbd_dataset_wave2\images\2person-pavement_000724.png,2person-pavement_000724,2person-pavement,000724,rgb,2person-pavement_000724#2,414.187683,315.118103,503.337158,550.748718,5.085938,5.085938,3-6,lidar_wave2,pavement,2person-pavement,2person-pavement_000724#2,workzone_wave2
C:\Users\jiahu\OneDrive\Documents\human_detect\work-zone-safety-rgbd-dataset\workzone_rgbd_dataset_wave2\images\2person-pavement_000732.png,2person-pavement_000732,2person-pavement,000732,rgb,2person-pavement_000732#1,280.193390,323.041840,442.666931,669.825928,3.068359,3.068359,3-6,lidar_wave2,pavement,2person-pavement,2person-pavement_000732#1,workzone_wave2
C:\Users\jiahu\OneDrive\Documents\human_detect\work-zone-safety-rgbd-dataset\workzone_rgbd_dataset_wave2\images\2person-pavement_000732.png,2person-pavement_000732,2person-pavement,000732,rgb,2person-pavement_000732#2,389.996338,321.198395,457.806227,519.213967,5.296875,5.296875,3-6,lidar_wave2,pavement,2person-pavement,2person-pavement_000732#2,workzone_wave2
C:\Users\jiahu\OneDrive\Documents\human_detect\work-zone-safety-rgbd-dataset\workzone_rgbd_dataset_wave2\images\2person-pavement_000745.png,2person-pavement_000745,2person-pavement,000745,rgb,2person-pavement_000745#1,383.958557,302.465637,431.951233,445.974182,8.343750,8.343750,>6,lidar_wave2,pavement,2person-pavement,2person-pavement_000745#1,workzone_wave2
C:\Users\jiahu\OneDrive\Documents\human_detect\work-zone-safety-rgbd-dataset\workzone_rgbd_dataset_wave2\images\2person-pavement_000745.png,2person-pavement_000745,2person-pavement,000745,rgb,2person-pavement_000745#2,527.167053,309.319397,636.592102,576.760498,4.164062,4.164062,3-6,lidar_wave2,pavement,2person-pavement,2person-pavement_000745#2,workzone_wave2
C:\Users\jiahu\OneDrive\Documents\human_detect\work-zone-safety-rgbd-dataset\workzone_rgbd_dataset_wave2\images\2person-pavement_000752.png,2person-pavement_000752,2person-pavement,000752,rgb,2person-pavement_000752#1,337.102386,350.400787,384.392120,498.492645,8.726562,8.726562,>6,lidar_wave2,pavement,2person-pavement,2person-pavement_000752#1,workzone_wave2
C:\Users\jiahu\OneDrive\Documents\human_detect\work-zone-safety-rgbd-dataset\workzone_rgbd_dataset_wave2\images\2person-pavement_000752.png,2person-pavement_000752,2person-pavement,000752,rgb,2person-pavement_000752#2,604.696655,378.925964,735.936401,638.388794,4.181641,4.181641,3-6,lidar_wave2,pavement,2person-pavement,2person-pavement_000752#2,workzone_wave2
C:\Users\jiahu\OneDrive\Documents\human_detect\work-zone-safety-rgbd-dataset\workzone_rgbd_dataset_wave2\images\2person-pavement_000763.png,2person-pavement_000763,2person-pavement,000763,rgb,2person-pavement_000763#1,197.213027,340.726260,273.097573,509.189163,8.359375,8.359375,>6,lidar_wave2,pavement,2person-pavement,2person-pavement_000763#1,workzone_wave2
C:\Users\jiahu\OneDrive\Documents\human_detect\work-zone-safety-rgbd-dataset\workzone_rgbd_dataset_wave2\images\2person-pavement_000763.png,2person-pavement_000763,2person-pavement,000763,rgb,2person-pavement_000763#2,685.623474,393.430664,814.051941,656.662903,4.503906,4.503906,3-6,lidar_wave2,pavement,2person-pavement,2person-pavement_000763#2,workzone_wave2
C:\Users\jiahu\OneDrive\Documents\human_detect\work-zone-safety-rgbd-dataset\workzone_rgbd_dataset_wave2\images\2person-pavement_000774.png,2person-pavement_000774,2person-pavement,000774,rgb,2person-pavement_000774#1,135.053207,344.586639,199.243256,500.997711,,,>6,lidar_wave2,pavement,2person-pavement,2person-pavement_000774#1,workzone_wave2
C:\Users\jiahu\OneDrive\Documents\human_detect\work-zone-safety-rgbd-dataset\workzone_rgbd_dataset_wave2\images\2person-pavement_000774.png,2person-pavement_000774,2person-pavement,000774,rgb,2person-pavement_000774#2,777.388733,420.650208,904.503113,686.391541,4.363281,4.363281,3-6,lidar_wave2,pavement,2person-pavement,2person-pavement_000774#2,workzone_wave2
C:\Users\jiahu\OneDrive\Documents\human_detect\work-zone-safety-rgbd-dataset\workzone_rgbd_dataset_wave2\images\2person-pavement_000780.png,2person-pavement_000780,2person-pavement,000780,rgb,2person-pavement_000780#1,112.524706,333.552691,185.582032,510.622150,,,>6,lidar_wave2,pavement,2person-pavement,2person-pavement_000780#1,workzone_wave2
C:\Users\jiahu\OneDrive\Documents\human_detect\work-zone-safety-rgbd-dataset\workzone_rgbd_dataset_wave2\images\2person-pavement_000780.png,2person-pavement_000780,2person-pavement,000780,rgb,2person-pavement_000780#2,860.898376,392.010864,958.367615,658.472351,4.273438,4.273438,3-6,lidar_wave2,pavement,2person-pavement,2person-pavement_000780#2,workzone_wave2
C:\Users\jiahu\OneDrive\Documents\human_detect\work-zone-safety-rgbd-dataset\workzone_rgbd_dataset_wave2\images\2person-pavement_000797.png,2person-pavement_000797,2person-pavement,000797,rgb,2person-pavement_000797#1,380.913849,358.684296,444.636932,505.080322,8.218750,8.218750,>6,lidar_wave2,pavement,2person-pavement,2person-pavement_000797#1,workzone_wave2
C:\Users\jiahu\OneDrive\Documents\human_detect\work-zone-safety-rgbd-dataset\workzone_rgbd_dataset_wave2\images\2person-pavement_000804.png,2person-pavement_000804,2person-pavement,000804,rgb,2person-pavement_000804#1,391.178009,327.655334,432.722809,477.057220,8.187500,8.187500,>6,lidar_wave2,pavement,2person-pavement,2person-pavement_000804#1,workzone_wave2
C:\Users\jiahu\OneDrive\Documents\human_detect\work-zone-safety-rgbd-dataset\workzone_rgbd_dataset_wave2\images\2person-pavement_000819.png,2person-pavement_000819,2person-pavement,000819,rgb,2person-pavement_000819#1,358.341888,341.366638,429.975311,504.910400,7.562500,7.562500,>6,lidar_wave2,pavement,2person-pavement,2person-pavement_000819#1,workzone_wave2
C:\Users\jiahu\OneDrive\Documents\human_detect\work-zone-safety-rgbd-dataset\workzone_rgbd_dataset_wave2\images\2person-pavement_000820.png,2person-pavement_000820,2person-pavement,000820,rgb,2person-pavement_000820#1,369.898712,345.582825,439.857269,509.139313,7.535156,7.535156,>6,lidar_wave2,pavement,2person-pavement,2person-pavement_000820#1,workzone_wave2
C:\Users\jiahu\OneDrive\Documents\human_detect\work-zone-safety-rgbd-dataset\workzone_rgbd_dataset_wave2\images\2person-pavement_000837.png,2person-pavement_000837,2person-pavement,000837,rgb,2person-pavement_000837#1,790.777100,379.545227,922.712830,719.273071,2.926758,2.926758,<3,lidar_wave2,pavement,2person-pavement,2person-pavement_000837#1,workzone_wave2
C:\Users\jiahu\OneDrive\Documents\human_detect\work-zone-safety-rgbd-dataset\workzone_rgbd_dataset_wave2\images\2person-pavement_000840.png,2person-pavement_000840,2person-pavement,000840,rgb,2person-pavement_000840#1,598.993164,375.162231,721.928284,695.929565,3.564453,3.564453,3-6,lidar_wave2,pavement,2person-pavement,2person-pavement_000840#1,workzone_wave2
C:\Users\jiahu\OneDrive\Documents\human_detect\work-zone-safety-rgbd-dataset\workzone_rgbd_dataset_wave2\images\2person-pavement_000854.png,2person-pavement_000854,2person-pavement,000854,rgb,2person-pavement_000854#1,509.724823,369.614410,609.127625,618.190125,4.468750,4.468750,3-6,lidar_wave2,pavement,2person-pavement,2person-pavement_000854#1,workzone_wave2
C:\Users\jiahu\OneDrive\Documents\human_detect\work-zone-safety-rgbd-dataset\workzone_rgbd_dataset_wave2\images\2person-pavement_000866.png,2person-pavement_000866,2person-pavement,000866,rgb,2person-pavement_000866#1,515.315735,365.500580,633.745422,641.120056,4.183594,4.183594,3-6,lidar_wave2,pavement,2person-pavement,2person-pavement_000866#1,workzone_wave2
C:\Users\jiahu\OneDrive\Documents\human_detect\work-zone-safety-rgbd-dataset\workzone_rgbd_dataset_wave2\images\2person-pavement_000872.png,2person-pavement_000872,2person-pavement,000872,rgb,2person-pavement_000872#1,479.211761,382.931061,624.622864,658.497009,4.015625,4.015625,3-6,lidar_wave2,pavement,2person-pavement,2person-pavement_000872#1,workzone_wave2
C:\Users\jiahu\OneDrive\Documents\human_detect\work-zone-safety-rgbd-dataset\workzone_rgbd_dataset_wave2\images\2person-pavement_000889.png,2person-pavement_000889,2person-pavement,000889,rgb,2person-pavement_000889#1,110.857361,292.725220,199.520569,539.269958,6.558594,6.558594,>6,lidar_wave2,pavement,2person-pavement,2person-pavement_000889#1,workzone_wave2
C:\Users\jiahu\OneDrive\Documents\human_detect\work-zone-safety-rgbd-dataset\workzone_rgbd_dataset_wave2\images\2person-pavement_000889.png,2person-pavement_000889,2person-pavement,000889,rgb,2person-pavement_000889#2,504.325104,320.005829,621.233887,719.490601,2.503906,2.503906,<3,lidar_wave2,pavement,2person-pavement,2person-pavement_000889#2,workzone_wave2
C:\Users\jiahu\OneDrive\Documents\human_detect\work-zone-safety-rgbd-dataset\workzone_rgbd_dataset_wave2\images\2person-pavement_000892.png,2person-pavement_000892,2person-pavement,000892,rgb,2person-pavement_000892#1,201.050960,299.055206,304.740657,544.057434,5.101562,5.101562,3-6,lidar_wave2,pavement,2person-pavement,2person-pavement_000892#1,workzone_wave2
C:\Users\jiahu\OneDrive\Documents\human_detect\work-zone-safety-rgbd-dataset\workzone_rgbd_dataset_wave2\images\2person-pavement_000892.png,2person-pavement_000892,2person-pavement,000892,rgb,2person-pavement_000892#2,471.103088,321.959015,662.875305,719.460754,2.091797,2.091797,<3,lidar_wave2,pavement,2person-pavement,2person-pavement_000892#2,workzone_wave2
C:\Users\jiahu\OneDrive\Documents\human_detect\work-zone-safety-rgbd-dataset\workzone_rgbd_dataset_wave2\images\2person-pavement_000903.png,2person-pavement_000903,2person-pavement,000903,rgb,2person-pavement_000903#1,277.530090,296.489349,675.268860,719.487122,1.166992,1.166992,<3,lidar_wave2,pavement,2person-pavement,2person-pavement_000903#1,workzone_wave2
C:\Users\jiahu\OneDrive\Documents\human_detect\work-zone-safety-rgbd-dataset\workzone_rgbd_dataset_wave2\images\2person-pavement_000903.png,2person-pavement_000903,2person-pavement,000903,rgb,2person-pavement_000903#2,640.615417,303.004669,762.596985,630.355286,3.830078,3.830078,3-6,lidar_wave2,pavement,2person-pavement,2person-pavement_000903#2,workzone_wave2
C:\Users\jiahu\OneDrive\Documents\human_detect\work-zone-safety-rgbd-dataset\workzone_rgbd_dataset_wave2\images\2person-pavement_000912.png,2person-pavement_000912,2person-pavement,000912,rgb,2person-pavement_000912#1,175.350906,272.136108,509.655121,719.412231,1.162109,1.162109,<3,lidar_wave2,pavement,2person-pavement,2person-pavement_000912#1,workzone_wave2
C:\Users\jiahu\OneDrive\Documents\human_detect\work-zone-safety-rgbd-dataset\workzone_rgbd_dataset_wave2\images\2person-pavement_000927.png,2person-pavement_000927,2person-pavement,000927,rgb,2person-pavement_000927#1,742.096741,293.303619,869.622803,685.907227,3.226562,3.226562,3-6,lidar_wave2,pavement,2person-pavement,2person-pavement_000927#1,workzone_wave2
C:\Users\jiahu\OneDrive\Documents\human_detect\work-zone-safety-rgbd-dataset\workzone_rgbd_dataset_wave2\images\2person-pavement_000930.png,2person-pavement_000930,2person-pavement,000930,rgb,2person-pavement_000930#1,610.323669,296.619812,732.434875,644.493164,3.445312,3.445312,3-6,lidar_wave2,pavement,2person-pavement,2person-pavement_000930#1,workzone_wave2
C:\Users\jiahu\OneDrive\Documents\human_detect\work-zone-safety-rgbd-dataset\workzone_rgbd_dataset_wave2\images\2person-pavement_000948.png,2person-pavement_000948,2person-pavement,000948,rgb,2person-pavement_000948#1,558.953857,270.015289,732.829346,718.802551,2.648438,2.648438,<3,lidar_wave2,pavement,2person-pavement,2person-pavement_000948#1,workzone_wave2
C:\Users\jiahu\OneDrive\Documents\human_detect\work-zone-safety-rgbd-dataset\workzone_rgbd_dataset_wave2\images\2person-pavement_000951.png,2person-pavement_000951,2person-pavement,000951,rgb,2person-pavement_000951#1,577.783669,281.495270,699.946752,720.000000,2.400391,2.400391,<3,lidar_wave2,pavement,2person-pavement,2person-pavement_000951#1,workzone_wave2
C:\Users\jiahu\OneDrive\Documents\human_detect\work-zone-safety-rgbd-dataset\workzone_rgbd_dataset_wave2\images\2person-pavement_000961.png,2person-pavement_000961,2person-pavement,000961,rgb,2person-pavement_000961#1,566.697327,269.978943,736.253906,719.226196,1.483398,1.483398,<3,lidar_wave2,pavement,2person-pavement,2person-pavement_000961#1,workzone_wave2
C:\Users\jiahu\OneDrive\Documents\human_detect\work-zone-safety-rgbd-dataset\workzone_rgbd_dataset_wave2\images\2person-pavement_000970.png,2person-pavement_000970,2person-pavement,000970,rgb,2person-pavement_000970#1,367.649078,259.052124,699.108704,719.373779,0.979004,0.979004,<3,lidar_wave2,pavement,2person-pavement,2person-pavement_000970#1,workzone_wave2
C:\Users\jiahu\OneDrive\Documents\human_detect\work-zone-safety-rgbd-dataset\workzone_rgbd_dataset_wave2\images\2person-pavement_000989.png,2person-pavement_000989,2person-pavement,000989,rgb,2person-pavement_000989#1,339.646637,275.456635,721.133850,719.318726,1.287109,1.287109,<3,lidar_wave2,pavement,2person-pavement,2person-pavement_000989#1,workzone_wave2
C:\Users\jiahu\OneDrive\Documents\human_detect\work-zone-safety-rgbd-dataset\workzone_rgbd_dataset_wave2\images\2person-pavement_000990.png,2person-pavement_000990,2person-pavement,000990,rgb,2person-pavement_000990#1,368.735901,294.318878,692.674927,719.436829,1.455078,1.455078,<3,lidar_wave2,pavement,2person-pavement,2person-pavement_000990#1,workzone_wave2
C:\Users\jiahu\OneDrive\Documents\human_detect\work-zone-safety-rgbd-dataset\workzone_rgbd_dataset_wave2\images\2person-pavement_001003.png,2person-pavement_001003,2person-pavement,001003,rgb,2person-pavement_001003#1,502.254913,339.264374,612.079529,623.736877,4.359375,4.359375,3-6,lidar_wave2,pavement,2person-pavement,2person-pavement_001003#1,workzone_wave2
C:\Users\jiahu\OneDrive\Documents\human_detect\work-zone-safety-rgbd-dataset\workzone_rgbd_dataset_wave2\images\2person-pavement_001012.png,2person-pavement_001012,2person-pavement,001012,rgb,2person-pavement_001012#1,566.191101,328.224152,647.844971,542.421204,5.945312,5.945312,3-6,lidar_wave2,pavement,2person-pavement,2person-pavement_001012#1,workzone_wave2
C:\Users\jiahu\OneDrive\Documents\human_detect\work-zone-safety-rgbd-dataset\workzone_rgbd_dataset_wave2\images\2person-pavement_001022.png,2person-pavement_001022,2person-pavement,001022,rgb,2person-pavement_001022#1,573.579712,348.003418,631.123352,522.549133,6.875000,6.875000,>6,lidar_wave2,pavement,2person-pavement,2person-pavement_001022#1,workzone_wave2
C:\Users\jiahu\OneDrive\Documents\human_detect\work-zone-safety-rgbd-dataset\workzone_rgbd_dataset_wave2\images\2person-pavement_001039.png,2person-pavement_001039,2person-pavement,001039,rgb,2person-pavement_001039#1,107.424110,383.770569,274.822174,675.488342,3.900391,3.900391,3-6,lidar_wave2,pavement,2person-pavement,2person-pavement_001039#1,workzone_wave2
C:\Users\jiahu\OneDrive\Documents\human_detect\work-zone-safety-rgbd-dataset\workzone_rgbd_dataset_wave2\images\2person-pavement_001048.png,2person-pavement_001048,2person-pavement,001048,rgb,2person-pavement_001048#1,504.295807,384.150604,637.632996,682.485046,3.750000,3.750000,3-6,lidar_wave2,pavement,2person-pavement,2person-pavement_001048#1,workzone_wave2
C:\Users\jiahu\OneDrive\Documents\human_detect\work-zone-safety-rgbd-dataset\workzone_rgbd_dataset_wave2\images\2person-pavement_001054.png,2person-pavement_001054,2person-pavement,001054,rgb,2person-pavement_001054#1,472.962006,392.691833,590.334412,700.989990,3.785156,3.785156,3-6,lidar_wave2,pavement,2person-pavement,2person-pavement_001054#1,workzone_wave2
C:\Users\jiahu\OneDrive\Documents\human_detect\work-zone-safety-rgbd-dataset\workzone_rgbd_dataset_wave2\images\2person-pavement_001068.png,2person-pavement_001068,2person-pavement,001068,rgb,2person-pavement_001068#1,501.408630,393.533020,604.438660,706.804199,3.570312,3.570312,3-6,lidar_wave2,pavement,2person-pavement,2person-pavement_001068#1,workzone_wave2
C:\Users\jiahu\OneDrive\Documents\human_detect\work-zone-safety-rgbd-dataset\workzone_rgbd_dataset_wave2\images\2person-pavement_001073.png,2person-pavement_001073,2person-pavement,001073,rgb,2person-pavement_001073#1,514.487976,380.815552,616.725769,701.903870,3.429688,3.429688,3-6,lidar_wave2,pavement,2person-pavement,2person-pavement_001073#1,workzone_wave2
C:\Users\jiahu\OneDrive\Documents\human_detect\work-zone-safety-rgbd-dataset\workzone_rgbd_dataset_wave2\images\2person-pavement_001080.png,2person-pavement_001080,2person-pavement,001080,rgb,2person-pavement_001080#1,535.044067,388.573792,652.753174,718.643982,3.304688,3.304688,3-6,lidar_wave2,pavement,2person-pavement,2person-pavement_001080#1,workzone_wave2
C:\Users\jiahu\OneDrive\Documents\human_detect\work-zone-safety-rgbd-dataset\workzone_rgbd_dataset_wave2\images\2person-pavement_001097.png,2person-pavement_001097,2person-pavement,001097,rgb,2person-pavement_001097#1,623.694763,383.518097,753.209473,719.011780,2.771484,2.771484,<3,lidar_wave2,pavement,2person-pavement,2person-pavement_001097#1,workzone_wave2
C:\Users\jiahu\OneDrive\Documents\human_detect\work-zone-safety-rgbd-dataset\workzone_rgbd_dataset_wave2\images\2person-pavement_001101.png,2person-pavement_001101,2person-pavement,001101,rgb,2person-pavement_001101#1,557.589844,410.932251,698.663330,719.177490,2.818359,2.818359,<3,lidar_wave2,pavement,2person-pavement,2person-pavement_001101#1,workzone_wave2
C:\Users\jiahu\OneDrive\Documents\human_detect\work-zone-safety-rgbd-dataset\workzone_rgbd_dataset_wave2\images\2person-pavement_001118.png,2person-pavement_001118,2person-pavement,001118,rgb,2person-pavement_001118#1,602.575195,437.926208,751.372925,719.194580,2.410156,2.410156,<3,lidar_wave2,pavement,2person-pavement,2person-pavement_001118#1,workzone_wave2
C:\Users\jiahu\OneDrive\Documents\human_detect\work-zone-safety-rgbd-dataset\workzone_rgbd_dataset_wave2\images\2person-pavement_001129.png,2person-pavement_001129,2person-pavement,001129,rgb,2person-pavement_001129#1,602.623230,458.089325,769.583740,719.571045,2.183594,2.183594,<3,lidar_wave2,pavement,2person-pavement,2person-pavement_001129#1,workzone_wave2
C:\Users\jiahu\OneDrive\Documents\human_detect\work-zone-safety-rgbd-dataset\workzone_rgbd_dataset_wave2\images\2person-pavement_001130.png,2person-pavement_001130,2person-pavement,001130,rgb,2person-pavement_001130#1,596.898376,450.307251,765.107056,719.497559,2.154297,2.154297,<3,lidar_wave2,pavement,2person-pavement,2person-pavement_001130#1,workzone_wave2
C:\Users\jiahu\OneDrive\Documents\human_detect\work-zone-safety-rgbd-dataset\workzone_rgbd_dataset_wave2\images\2person-pavement_001140.png,2person-pavement_001140,2person-pavement,001140,rgb,2person-pavement_001140#1,547.676025,413.462799,723.457214,719.416992,2.033203,2.033203,<3,lidar_wave2,pavement,2person-pavement,2person-pavement_001140#1,workzone_wave2
C:\Users\jiahu\OneDrive\Documents\human_detect\work-zone-safety-rgbd-dataset\workzone_rgbd_dataset_wave2\images\2person-pavement_001152.png,2person-pavement_001152,2person-pavement,001152,rgb,2person-pavement_001152#1,536.989075,391.403687,748.065002,718.344543,1.541016,1.541016,<3,lidar_wave2,pavement,2person-pavement,2person-pavement_001152#1,workzone_wave2
C:\Users\jiahu\OneDrive\Documents\human_detect\work-zone-safety-rgbd-dataset\workzone_rgbd_dataset_wave2\images\2person-pavement_001162.png,2person-pavement_001162,2person-pavement,001162,rgb,2person-pavement_001162#1,536.959717,347.804962,815.059204,719.448669,1.136719,1.136719,<3,lidar_wave2,pavement,2person-pavement,2person-pavement_001162#1,workzone_wave2
C:\Users\jiahu\OneDrive\Documents\human_detect\work-zone-safety-rgbd-dataset\workzone_rgbd_dataset_wave2\images\2person-pavement_001171.png,2person-pavement_001171,2person-pavement,001171,rgb,2person-pavement_001171#1,537.039612,349.547180,863.068726,719.145020,0.981445,0.981445,<3,lidar_wave2,pavement,2person-pavement,2person-pavement_001171#1,workzone_wave2
C:\Users\jiahu\OneDrive\Documents\human_detect\work-zone-safety-rgbd-dataset\workzone_rgbd_dataset_wave2\images\2person-pavement_001186.png,2person-pavement_001186,2person-pavement,001186,rgb,2person-pavement_001186#1,559.034546,299.925110,855.178589,719.338318,1.031250,1.031250,<3,lidar_wave2,pavement,2person-pavement,2person-pavement_001186#1,workzone_wave2
C:\Users\jiahu\OneDrive\Documents\human_detect\work-zone-safety-rgbd-dataset\workzone_rgbd_dataset_wave2\images\2person-pavement_001193.png,2person-pavement_001193,2person-pavement,001193,rgb,2person-pavement_001193#1,486.597229,344.693726,685.145630,719.771912,1.644531,1.644531,<3,lidar_wave2,pavement,2person-pavement,2person-pavement_001193#1,workzone_wave2
C:\Users\jiahu\OneDrive\Documents\human_detect\work-zone-safety-rgbd-dataset\workzone_rgbd_dataset_wave2\images\2person-pavement_001200.png,2person-pavement_001200,2person-pavement,001200,rgb,2person-pavement_001200#1,568.543274,344.659607,711.950195,718.564453,2.539062,2.539062,<3,lidar_wave2,pavement,2person-pavement,2person-pavement_001200#1,workzone_wave2
C:\Users\jiahu\OneDrive\Documents\human_detect\work-zone-safety-rgbd-dataset\workzone_rgbd_dataset_wave2\images\2person-pavement_001217.png,2person-pavement_001217,2person-pavement,001217,rgb,2person-pavement_001217#1,546.477356,375.423462,707.591553,676.560242,3.625000,3.625000,3-6,lidar_wave2,pavement,2person-pavement,2person-pavement_001217#1,workzone_wave2
C:\Users\jiahu\OneDrive\Documents\human_detect\work-zone-safety-rgbd-dataset\workzone_rgbd_dataset_wave2\images\2person-pavement_001222.png,2person-pavement_001222,2person-pavement,001222,rgb,2person-pavement_001222#1,599.616089,367.172516,767.961426,674.929932,3.572266,3.572266,3-6,lidar_wave2,pavement,2person-pavement,2person-pavement_001222#1,workzone_wave2
C:\Users\jiahu\OneDrive\Documents\human_detect\work-zone-safety-rgbd-dataset\workzone_rgbd_dataset_wave2\images\2person-pavement_001238.png,2person-pavement_001238,2person-pavement,001238,rgb,2person-pavement_001238#1,779.495911,385.457703,941.042542,719.736511,3.199219,3.199219,3-6,lidar_wave2,pavement,2person-pavement,2person-pavement_001238#1,workzone_wave2
C:\Users\jiahu\OneDrive\Documents\human_detect\work-zone-safety-rgbd-dataset\workzone_rgbd_dataset_wave2\images\2person-pavement_001244.png,2person-pavement_001244,2person-pavement,001244,rgb,2person-pavement_001244#1,486.201691,265.674042,843.752075,719.226074,1.093750,1.093750,<3,lidar_wave2,pavement,2person-pavement,2person-pavement_001244#1,workzone_wave2
C:\Users\jiahu\OneDrive\Documents\human_detect\work-zone-safety-rgbd-dataset\workzone_rgbd_dataset_wave2\images\2person-pavement_001253.png,2person-pavement_001253,2person-pavement,001253,rgb,2person-pavement_001253#1,315.053772,308.632629,547.533997,719.438965,1.869141,1.869141,<3,lidar_wave2,pavement,2person-pavement,2person-pavement_001253#1,workzone_wave2
C:\Users\jiahu\OneDrive\Documents\human_detect\work-zone-safety-rgbd-dataset\workzone_rgbd_dataset_wave2\images\2person-pavement_001260.png,2person-pavement_001260,2person-pavement,001260,rgb,2person-pavement_001260#1,270.162048,324.444122,431.053467,718.426086,2.457031,2.457031,<3,lidar_wave2,pavement,2person-pavement,2person-pavement_001260#1,workzone_wave2
C:\Users\jiahu\OneDrive\Documents\human_detect\work-zone-safety-rgbd-dataset\workzone_rgbd_dataset_wave2\images\2person-pavement_001275.png,2person-pavement_001275,2person-pavement,001275,rgb,2person-pavement_001275#1,326.425781,360.244171,450.679962,655.015503,4.398438,4.398438,3-6,lidar_wave2,pavement,2person-pavement,2person-pavement_001275#1,workzone_wave2
C:\Users\jiahu\OneDrive\Documents\human_detect\work-zone-safety-rgbd-dataset\workzone_rgbd_dataset_wave2\images\2person-pavement_001281.png,2person-pavement_001281,2person-pavement,001281,rgb,2person-pavement_001281#1,330.052032,340.277252,404.026917,579.189148,5.332031,5.332031,3-6,lidar_wave2,pavement,2person-pavement,2person-pavement_001281#1,workzone_wave2
C:\Users\jiahu\OneDrive\Documents\human_detect\work-zone-safety-rgbd-dataset\workzone_rgbd_dataset_wave2\images\2person-pavement_001299.png,2person-pavement_001299,2person-pavement,001299,rgb,2person-pavement_001299#1,343.114838,309.111969,491.932343,719.763123,2.517578,2.517578,<3,lidar_wave2,pavement,2person-pavement,2person-pavement_001299#1,workzone_wave2
C:\Users\jiahu\OneDrive\Documents\human_detect\work-zone-safety-rgbd-dataset\workzone_rgbd_dataset_wave2\images\2person-pavement_001305.png,2person-pavement_001305,2person-pavement,001305,rgb,2person-pavement_001305#1,305.581970,297.288239,467.364441,719.685730,2.357422,2.357422,<3,lidar_wave2,pavement,2person-pavement,2person-pavement_001305#1,workzone_wave2
C:\Users\jiahu\OneDrive\Documents\human_detect\work-zone-safety-rgbd-dataset\workzone_rgbd_dataset_wave2\images\2person-pavement_001312.png,2person-pavement_001312,2person-pavement,001312,rgb,2person-pavement_001312#1,361.576996,293.689453,543.266479,718.469055,2.275391,2.275391,<3,lidar_wave2,pavement,2person-pavement,2person-pavement_001312#1,workzone_wave2
C:\Users\jiahu\OneDrive\Documents\human_detect\work-zone-safety-rgbd-dataset\workzone_rgbd_dataset_wave2\images\2person-pavement_001325.png,2person-pavement_001325,2person-pavement,001325,rgb,2person-pavement_001325#1,485.001251,323.202423,714.301453,720.000000,1.744141,1.744141,<3,lidar_wave2,pavement,2person-pavement,2person-pavement_001325#1,workzone_wave2
C:\Users\jiahu\OneDrive\Documents\human_detect\work-zone-safety-rgbd-dataset\workzone_rgbd_dataset_wave2\images\2person-pavement_001338.png,2person-pavement_001338,2person-pavement,001338,rgb,2person-pavement_001338#1,434.961090,332.497375,626.925720,719.440247,1.466797,1.466797,<3,lidar_wave2,pavement,2person-pavement,2person-pavement_001338#1,workzone_wave2
C:\Users\jiahu\OneDrive\Documents\human_detect\work-zone-safety-rgbd-dataset\workzone_rgbd_dataset_wave2\images\2person-pavement_001344.png,2person-pavement_001344,2person-pavement,001344,rgb,2person-pavement_001344#1,405.618805,343.620300,609.409851,719.082825,1.969727,1.969727,<3,lidar_wave2,pavement,2person-pavement,2person-pavement_001344#1,workzone_wave2
C:\Users\jiahu\OneDrive\Documents\human_detect\work-zone-safety-rgbd-dataset\workzone_rgbd_dataset_wave2\images\2person-pavement_001350.png,2person-pavement_001350,2person-pavement,001350,rgb,2person-pavement_001350#1,475.902954,320.223175,605.965942,696.121643,2.859375,2.859375,<3,lidar_wave2,pavement,2person-pavement,2person-pavement_001350#1,workzone_wave2
C:\Users\jiahu\OneDrive\Documents\human_detect\work-zone-safety-rgbd-dataset\workzone_rgbd_dataset_wave2\images\2person-pavement_001368.png,2person-pavement_001368,2person-pavement,001368,rgb,2person-pavement_001368#1,358.418404,371.707214,395.078567,442.954685,18.671875,18.671875,>6,lidar_wave2,pavement,2person-pavement,2person-pavement_001368#1,workzone_wave2
C:\Users\jiahu\OneDrive\Documents\human_detect\work-zone-safety-rgbd-dataset\workzone_rgbd_dataset_wave2\images\2person-pavement_001368.png,2person-pavement_001368,2person-pavement,001368,rgb,2person-pavement_001368#2,646.334351,401.807689,774.033802,666.065918,4.392578,4.392578,3-6,lidar_wave2,pavement,2person-pavement,2person-pavement_001368#2,workzone_wave2
C:\Users\jiahu\OneDrive\Documents\human_detect\work-zone-safety-rgbd-dataset\workzone_rgbd_dataset_wave2\images\2person-pavement_001373.png,2person-pavement_001373,2person-pavement,001373,rgb,2person-pavement_001373#1,403.180174,363.856284,440.173875,444.667301,18.562500,18.562500,>6,lidar_wave2,pavement,2person-pavement,2person-pavement_001373#1,workzone_wave2
C:\Users\jiahu\OneDrive\Documents\human_detect\work-zone-safety-rgbd-dataset\workzone_rgbd_dataset_wave2\images\2person-pavement_001373.png,2person-pavement_001373,2person-pavement,001373,rgb,2person-pavement_001373#2,699.349792,403.582672,785.850647,656.208679,4.550781,4.550781,3-6,lidar_wave2,pavement,2person-pavement,2person-pavement_001373#2,workzone_wave2
C:\Users\jiahu\OneDrive\Documents\human_detect\work-zone-safety-rgbd-dataset\workzone_rgbd_dataset_wave2\images\2person-pavement_001389.png,2person-pavement_001389,2person-pavement,001389,rgb,2person-pavement_001389#1,430.946426,375.649780,459.424255,448.046155,17.382812,17.382812,>6,lidar_wave2,pavement,2person-pavement,2person-pavement_001389#1,workzone_wave2
C:\Users\jiahu\OneDrive\Documents\human_detect\work-zone-safety-rgbd-dataset\workzone_rgbd_dataset_wave2\images\2person-pavement_001389.png,2person-pavement_001389,2person-pavement,001389,rgb,2person-pavement_001389#2,641.392273,397.293365,740.396729,641.015503,4.683594,4.683594,3-6,lidar_wave2,pavement,2person-pavement,2person-pavement_001389#2,workzone_wave2
C:\Users\jiahu\OneDrive\Documents\human_detect\work-zone-safety-rgbd-dataset\workzone_rgbd_dataset_wave2\images\2person-pavement_001395.png,2person-pavement_001395,2person-pavement,001395,rgb,2person-pavement_001395#1,484.554474,383.161591,506.096100,445.718292,18.265625,18.265625,>6,lidar_wave2,pavement,2person-pavement,2person-pavement_001395#1,workzone_wave2
C:\Users\jiahu\OneDrive\Documents\human_detect\work-zone-safety-rgbd-dataset\workzone_rgbd_dataset_wave2\images\2person-pavement_001395.png,2person-pavement_001395,2person-pavement,001395,rgb,2person-pavement_001395#2,699.340942,396.914337,784.481567,646.568542,4.507812,4.507812,3-6,lidar_wave2,pavement,2person-pavement,2person-pavement_001395#2,workzone_wave2
C:\Users\jiahu\OneDrive\Documents\human_detect\work-zone-safety-rgbd-dataset\workzone_rgbd_dataset_wave2\images\2person-pavement_001403.png,2person-pavement_001403,2person-pavement,001403,rgb,2person-pavement_001403#1,466.371277,384.271088,491.911377,451.253815,17.984375,17.984375,>6,lidar_wave2,pavement,2person-pavement,2person-pavement_001403#1,workzone_wave2
C:\Users\jiahu\OneDrive\Documents\human_detect\work-zone-safety-rgbd-dataset\workzone_rgbd_dataset_wave2\images\2person-pavement_001403.png,2person-pavement_001403,2person-pavement,001403,rgb,2person-pavement_001403#2,669.106995,414.791473,794.079895,669.326355,4.601562,4.601562,3-6,lidar_wave2,pavement,2person-pavement,2person-pavement_001403#2,workzone_wave2
C:\Users\jiahu\OneDrive\Documents\human_detect\work-zone-safety-rgbd-dataset\workzone_rgbd_dataset_wave2\images\2person-pavement_001415.png,2person-pavement_001415,2person-pavement,001415,rgb,2person-pavement_001415#1,432.841189,394.235718,479.712136,469.318041,17.859375,17.859375,>6,lidar_wave2,pavement,2person-pavement,2person-pavement_001415#1,workzone_wave2
C:\Users\jiahu\OneDrive\Documents\human_detect\work-zone-safety-rgbd-dataset\workzone_rgbd_dataset_wave2\images\2person-pavement_001415.png,2person-pavement_001415,2person-pavement,001415,rgb,2person-pavement_001415#2,696.216980,418.363403,804.391357,659.968506,4.867188,4.867188,3-6,lidar_wave2,pavement,2person-pavement,2person-pavement_001415#2,workzone_wave2
C:\Users\jiahu\OneDrive\Documents\human_detect\work-zone-safety-rgbd-dataset\workzone_rgbd_dataset_wave2\images\2person-pavement_001422.png,2person-pavement_001422,2person-pavement,001422,rgb,2person-pavement_001422#1,465.286445,371.571617,501.126594,452.191476,17.476562,17.476562,>6,lidar_wave2,pavement,2person-pavement,2person-pavement_001422#1,workzone_wave2
C:\Users\jiahu\OneDrive\Documents\human_detect\work-zone-safety-rgbd-dataset\workzone_rgbd_dataset_wave2\images\2person-pavement_001422.png,2person-pavement_001422,2person-pavement,001422,rgb,2person-pavement_001422#2,746.972534,383.024689,856.026489,623.281921,4.666016,4.666016,3-6,lidar_wave2,pavement,2person-pavement,2person-pavement_001422#2,workzone_wave2
C:\Users\jiahu\OneDrive\Documents\human_detect\work-zone-safety-rgbd-dataset\workzone_rgbd_dataset_wave2\images\2person-pavement_001435.png,2person-pavement_001435,2person-pavement,001435,rgb,2person-pavement_001435#1,396.163592,372.005923,434.870544,464.850525,,,>6,lidar_wave2,pavement,2person-pavement,2person-pavement_001435#1,workzone_wave2
C:\Users\jiahu\OneDrive\Documents\human_detect\work-zone-safety-rgbd-dataset\workzone_rgbd_dataset_wave2\images\2person-pavement_001435.png,2person-pavement_001435,2person-pavement,001435,rgb,2person-pavement_001435#2,759.677185,387.319550,884.114380,630.106873,4.671875,4.671875,3-6,lidar_wave2,pavement,2person-pavement,2person-pavement_001435#2,workzone_wave2
C:\Users\jiahu\OneDrive\Documents\human_detect\work-zone-safety-rgbd-dataset\workzone_rgbd_dataset_wave2\images\2person-pavement_001445.png,2person-pavement_001445,2person-pavement,001445,rgb,2person-pavement_001445#1,358.646997,369.671374,401.484943,478.803319,,,>6,lidar_wave2,pavement,2person-pavement,2person-pavement_001445#1,workzone_wave2
C:\Users\jiahu\OneDrive\Documents\human_detect\work-zone-safety-rgbd-dataset\workzone_rgbd_dataset_wave2\images\2person-pavement_001445.png,2person-pavement_001445,2person-pavement,001445,rgb,2person-pavement_001445#2,829.796326,401.363831,931.159485,642.792480,4.537109,4.537109,3-6,lidar_wave2,pavement,2person-pavement,2person-pavement_001445#2,workzone_wave2
C:\Users\jiahu\OneDrive\Documents\human_detect\work-zone-safety-rgbd-dataset\workzone_rgbd_dataset_wave2\images\2person-pavement_001455.png,2person-pavement_001455,2person-pavement,001455,rgb,2person-pavement_001455#1,420.727386,382.271301,464.879150,486.762451,,,>6,lidar_wave2,pavement,2person-pavement,2person-pavement_001455#1,workzone_wave2
C:\Users\jiahu\OneDrive\Documents\human_detect\work-zone-safety-rgbd-dataset\workzone_rgbd_dataset_wave2\images\2person-pavement_001467.png,2person-pavement_001467,2person-pavement,001467,rgb,2person-pavement_001467#1,444.072327,369.586121,506.823120,500.685516,8.718750,8.718750,>6,lidar_wave2,pavement,2person-pavement,2person-pavement_001467#1,workzone_wave2
C:\Users\jiahu\OneDrive\Documents\human_detect\work-zone-safety-rgbd-dataset\workzone_rgbd_dataset_wave2\images\2person-pavement_001479.png,2person-pavement_001479,2person-pavement,001479,rgb,2person-pavement_001479#1,473.699982,359.092194,552.251831,547.951904,6.500000,6.500000,>6,lidar_wave2,pavement,2person-pavement,2person-pavement_001479#1,workzone_wave2
C:\Users\jiahu\OneDrive\Documents\human_detect\work-zone-safety-rgbd-dataset\workzone_rgbd_dataset_wave2\images\2person-pavement_001481.png,2person-pavement_001481,2person-pavement,001481,rgb,2person-pavement_001481#1,493.993225,348.872864,563.587097,550.360291,6.171875,6.171875,>6,lidar_wave2,pavement,2person-pavement,2person-pavement_001481#1,workzone_wave2
C:\Users\jiahu\OneDrive\Documents\human_detect\work-zone-safety-rgbd-dataset\workzone_rgbd_dataset_wave2\images\2person-pavement_001499.png,2person-pavement_001499,2person-pavement,001499,rgb,2person-pavement_001499#1,545.444336,325.814667,770.438843,719.431274,2.486328,2.486328,<3,lidar_wave2,pavement,2person-pavement,2person-pavement_001499#1,workzone_wave2
C:\Users\jiahu\OneDrive\Documents\human_detect\work-zone-safety-rgbd-dataset\workzone_rgbd_dataset_wave2\images\2person-pavement_001500.png,2person-pavement_001500,2person-pavement,001500,rgb,2person-pavement_001500#1,548.820740,328.039398,797.785095,720.000000,2.298828,2.298828,<3,lidar_wave2,pavement,2person-pavement,2person-pavement_001500#1,workzone_wave2
C:\Users\jiahu\OneDrive\Documents\human_detect\work-zone-safety-rgbd-dataset\workzone_rgbd_dataset_wave2\images\2person-pavement_001549.png,2person-pavement_001549,2person-pavement,001549,rgb,2person-pavement_001549#1,371.382477,355.183472,512.718018,640.319702,4.324219,4.324219,3-6,lidar_wave2,pavement,2person-pavement,2person-pavement_001549#1,workzone_wave2
C:\Users\jiahu\OneDrive\Documents\human_detect\work-zone-safety-rgbd-dataset\workzone_rgbd_dataset_wave2\images\2person-pavement_001549.png,2person-pavement_001549,2person-pavement,001549,rgb,2person-pavement_001549#2,537.098694,395.282684,606.899963,527.854492,8.476562,8.476562,>6,lidar_wave2,pavement,2person-pavement,2person-pavement_001549#2,workzone_wave2
C:\Users\jiahu\OneDrive\Documents\human_detect\work-zone-safety-rgbd-dataset\workzone_rgbd_dataset_wave2\images\2person-pavement_001557.png,2person-pavement_001557,2person-pavement,001557,rgb,2person-pavement_001557#1,405.861603,332.397308,494.417084,634.915466,4.121094,4.121094,3-6,lidar_wave2,pavement,2person-pavement,2person-pavement_001557#1,workzone_wave2
C:\Users\jiahu\OneDrive\Documents\human_detect\work-zone-safety-rgbd-dataset\workzone_rgbd_dataset_wave2\images\2person-pavement_001557.png,2person-pavement_001557,2person-pavement,001557,rgb,2person-pavement_001557#2,476.057831,368.117981,533.333557,531.865051,6.859375,6.859375,>6,lidar_wave2,pavement,2person-pavement,2person-pavement_001557#2,workzone_wave2
C:\Users\jiahu\OneDrive\Documents\human_detect\work-zone-safety-rgbd-dataset\workzone_rgbd_dataset_wave2\images\2person-pavement_001564.png,2person-pavement_001564,2person-pavement,001564,rgb,2person-pavement_001564#1,400.559418,328.685669,540.084290,654.028748,3.976562,3.976562,3-6,lidar_wave2,pavement,2person-pavement,2person-pavement_001564#1,workzone_wave2
C:\Users\jiahu\OneDrive\Documents\human_detect\work-zone-safety-rgbd-dataset\workzone_rgbd_dataset_wave2\images\2person-pavement_001578.png,2person-pavement_001578,2person-pavement,001578,rgb,2person-pavement_001578#1,472.975708,357.414268,536.066040,654.065636,3.953125,3.953125,3-6,lidar_wave2,pavement,2person-pavement,2person-pavement_001578#1,workzone_wave2
C:\Users\jiahu\OneDrive\Documents\human_detect\work-zone-safety-rgbd-dataset\workzone_rgbd_dataset_wave2\images\2person-pavement_001578.png,2person-pavement_001578,2person-pavement,001578,rgb,2person-pavement_001578#2,514.195923,330.798889,620.818970,687.959534,3.525391,3.525391,3-6,lidar_wave2,pavement,2person-pavement,2person-pavement_001578#2,workzone_wave2
C:\Users\jiahu\OneDrive\Documents\human_detect\work-zone-safety-rgbd-dataset\workzone_rgbd_dataset_wave2\images\2person-pavement_001588.png,2person-pavement_001588,2person-pavement,001588,rgb,2person-pavement_001588#1,347.668701,358.385376,545.843262,719.726868,2.398438,2.398438,<3,lidar_wave2,pavement,2person-pavement,2person-pavement_001588#1,workzone_wave2
C:\Users\jiahu\OneDrive\Documents\human_detect\work-zone-safety-rgbd-dataset\workzone_rgbd_dataset_wave2\images\2person-pavement_001588.png,2person-pavement_001588,2person-pavement,001588,rgb,2person-pavement_001588#2,509.400879,327.810608,628.266174,719.456726,2.925781,2.925781,<3,lidar_wave2,pavement,2person-pavement,2person-pavement_001588#2,workzone_wave2
C:\Users\jiahu\OneDrive\Documents\human_detect\work-zone-safety-rgbd-dataset\workzone_rgbd_dataset_wave2\images\2person-pavement_001599.png,2person-pavement_001599,2person-pavement,001599,rgb,2person-pavement_001599#1,326.294952,319.637421,518.515015,719.435181,2.595703,2.595703,<3,lidar_wave2,pavement,2person-pavement,2person-pavement_001599#1,workzone_wave2
C:\Users\jiahu\OneDrive\Documents\human_detect\work-zone-safety-rgbd-dataset\workzone_rgbd_dataset_wave2\images\2person-pavement_001599.png,2person-pavement_001599,2person-pavement,001599,rgb,2person-pavement_001599#2,646.011841,351.619934,959.830811,719.099060,0.792969,0.792969,<3,lidar_wave2,pavement,2person-pavement,2person-pavement_001599#2,workzone_wave2
C:\Users\jiahu\OneDrive\Documents\human_detect\work-zone-safety-rgbd-dataset\workzone_rgbd_dataset_wave2\images\2person-pavement_001600.png,2person-pavement_001600,2person-pavement,001600,rgb,2person-pavement_001600#1,311.249451,310.757629,511.245941,719.138672,2.673828,2.673828,<3,lidar_wave2,pavement,2person-pavement,2person-pavement_001600#1,workzone_wave2
C:\Users\jiahu\OneDrive\Documents\human_detect\work-zone-safety-rgbd-dataset\workzone_rgbd_dataset_wave2\images\2person-pavement_001600.png,2person-pavement_001600,2person-pavement,001600,rgb,2person-pavement_001600#2,755.033813,390.968170,959.688416,719.133057,0.701416,0.701416,<3,lidar_wave2,pavement,2person-pavement,2person-pavement_001600#2,workzone_wave2
C:\Users\jiahu\OneDrive\Documents\human_detect\work-zone-safety-rgbd-dataset\workzone_rgbd_dataset_wave2\images\2person-pavement_001617.png,2person-pavement_001617,2person-pavement,001617,rgb,2person-pavement_001617#1,352.380341,314.233246,541.504578,719.286682,2.660156,2.660156,<3,lidar_wave2,pavement,2person-pavement,2person-pavement_001617#1,workzone_wave2
C:\Users\jiahu\OneDrive\Documents\human_detect\work-zone-safety-rgbd-dataset\workzone_rgbd_dataset_wave2\images\2person-pavement_001629.png,2person-pavement_001629,2person-pavement,001629,rgb,2person-pavement_001629#1,340.623016,281.948639,530.764709,719.578491,2.533203,2.533203,<3,lidar_wave2,pavement,2person-pavement,2person-pavement_001629#1,workzone_wave2
C:\Users\jiahu\OneDrive\Documents\human_detect\work-zone-safety-rgbd-dataset\workzone_rgbd_dataset_wave2\images\2person-pavement_001635.png,2person-pavement_001635,2person-pavement,001635,rgb,2person-pavement_001635#1,320.086761,281.281219,497.588013,719.132812,2.445312,2.445312,<3,lidar_wave2,pavement,2person-pavement,2person-pavement_001635#1,workzone_wave2
C:\Users\jiahu\OneDrive\Documents\human_detect\work-zone-safety-rgbd-dataset\workzone_rgbd_dataset_wave2\images\2person-pavement_001646.png,2person-pavement_001646,2person-pavement,001646,rgb,2person-pavement_001646#1,244.131271,267.095551,478.873657,719.146362,2.296875,2.296875,<3,lidar_wave2,pavement,2person-pavement,2person-pavement_001646#1,workzone_wave2
C:\Users\jiahu\OneDrive\Documents\human_detect\work-zone-safety-rgbd-dataset\workzone_rgbd_dataset_wave2\images\2person-pavement_001656.png,2person-pavement_001656,2person-pavement,001656,rgb,2person-pavement_001656#1,342.480865,275.120575,572.427979,719.731323,2.193359,2.193359,<3,lidar_wave2,pavement,2person-pavement,2person-pavement_001656#1,workzone_wave2
C:\Users\jiahu\OneDrive\Documents\human_detect\work-zone-safety-rgbd-dataset\workzone_rgbd_dataset_wave2\images\2person-pavement_001669.png,2person-pavement_001669,2person-pavement,001669,rgb,2person-pavement_001669#1,365.352081,223.853119,580.308533,718.903564,2.138672,2.138672,<3,lidar_wave2,pavement,2person-pavement,2person-pavement_001669#1,workzone_wave2
C:\Users\jiahu\OneDrive\Documents\human_detect\work-zone-safety-rgbd-dataset\workzone_rgbd_dataset_wave2\images\2person-pavement_001673.png,2person-pavement_001673,2person-pavement,001673,rgb,2person-pavement_001673#1,376.610138,249.218903,553.305054,718.308105,2.312500,2.312500,<3,lidar_wave2,pavement,2person-pavement,2person-pavement_001673#1,workzone_wave2
C:\Users\jiahu\OneDrive\Documents\human_detect\work-zone-safety-rgbd-dataset\workzone_rgbd_dataset_wave2\images\2person-pavement_001680.png,2person-pavement_001680,2person-pavement,001680,rgb,2person-pavement_001680#1,357.272217,270.199310,513.476746,651.488220,3.250000,3.250000,3-6,lidar_wave2,pavement,2person-pavement,2person-pavement_001680#1,workzone_wave2
C:\Users\jiahu\OneDrive\Documents\human_detect\work-zone-safety-rgbd-dataset\workzone_rgbd_dataset_wave2\images\2person-pavement_001691.png,2person-pavement_001691,2person-pavement,001691,rgb,2person-pavement_001691#1,321.518738,275.163574,437.188324,550.142090,4.658203,4.658203,3-6,lidar_wave2,pavement,2person-pavement,2person-pavement_001691#1,workzone_wave2
C:\Users\jiahu\OneDrive\Documents\human_detect\work-zone-safety-rgbd-dataset\workzone_rgbd_dataset_wave2\images\2person-pavement_001703.png,2person-pavement_001703,2person-pavement,001703,rgb,2person-pavement_001703#1,616.671253,348.484185,724.774292,602.657043,4.570312,4.570312,3-6,lidar_wave2,pavement,2person-pavement,2person-pavement_001703#1,workzone_wave2
C:\Users\jiahu\OneDrive\Documents\human_detect\work-zone-safety-rgbd-dataset\workzone_rgbd_dataset_wave2\images\2person-pavement_001718.png,2person-pavement_001718,2person-pavement,001718,rgb,2person-pavement_001718#1,524.037292,326.192230,628.952148,626.029541,3.857422,3.857422,3-6,lidar_wave2,pavement,2person-pavement,2person-pavement_001718#1,workzone_wave2
C:\Users\jiahu\OneDrive\Documents\human_detect\work-zone-safety-rgbd-dataset\workzone_rgbd_dataset_wave2\images\2person-pavement_001720.png,2person-pavement_001720,2person-pavement,001720,rgb,2person-pavement_001720#1,565.932861,323.903778,671.746765,647.827148,3.539062,3.539062,3-6,lidar_wave2,pavement,2person-pavement,2person-pavement_001720#1,workzone_wave2
C:\Users\jiahu\OneDrive\Documents\human_detect\work-zone-safety-rgbd-dataset\workzone_rgbd_dataset_wave2\images\2person-pavement_001736.png,2person-pavement_001736,2person-pavement,001736,rgb,2person-pavement_001736#1,571.281982,294.471222,770.270020,719.227661,1.583008,1.583008,<3,lidar_wave2,pavement,2person-pavement,2person-pavement_001736#1,workzone_wave2
C:\Users\jiahu\OneDrive\Documents\human_detect\work-zone-safety-rgbd-dataset\workzone_rgbd_dataset_wave2\images\2person-pavement_001740.png,2person-pavement_001740,2person-pavement,001740,rgb,2person-pavement_001740#1,600.571289,240.125153,959.215576,719.200562,1.108398,1.108398,<3,lidar_wave2,pavement,2person-pavement,2person-pavement_001740#1,workzone_wave2
C:\Users\jiahu\OneDrive\Documents\human_detect\work-zone-safety-rgbd-dataset\workzone_rgbd_dataset_wave2\images\2person-pavement_001750.png,2person-pavement_001750,2person-pavement,001750,rgb,2person-pavement_001750#1,565.749451,261.952820,875.382263,719.115906,1.096680,1.096680,<3,lidar_wave2,pavement,2person-pavement,2person-pavement_001750#1,workzone_wave2
C:\Users\jiahu\OneDrive\Documents\human_detect\work-zone-safety-rgbd-dataset\workzone_rgbd_dataset_wave2\images\2person-pavement_001760.png,2person-pavement_001760,2person-pavement,001760,rgb,2person-pavement_001760#1,488.833740,347.411530,668.378967,719.649658,2.326172,2.326172,<3,lidar_wave2,pavement,2person-pavement,2person-pavement_001760#1,workzone_wave2
C:\Users\jiahu\OneDrive\Documents\human_detect\work-zone-safety-rgbd-dataset\workzone_rgbd_dataset_wave2\images\2person-pavement_001774.png,2person-pavement_001774,2person-pavement,001774,rgb,2person-pavement_001774#1,649.765564,331.895508,736.515625,595.218811,4.453125,4.453125,3-6,lidar_wave2,pavement,2person-pavement,2person-pavement_001774#1,workzone_wave2
C:\Users\jiahu\OneDrive\Documents\human_detect\work-zone-safety-rgbd-dataset\workzone_rgbd_dataset_wave2\images\2person-pavement_001787.png,2person-pavement_001787,2person-pavement,001787,rgb,2person-pavement_001787#1,561.928406,349.052704,651.993225,550.318115,5.371094,5.371094,3-6,lidar_wave2,pavement,2person-pavement,2person-pavement_001787#1,workzone_wave2
C:\Users\jiahu\OneDrive\Documents\human_detect\work-zone-safety-rgbd-dataset\workzone_rgbd_dataset_wave2\images\2person-pavement_001792.png,2person-pavement_001792,2person-pavement,001792,rgb,2person-pavement_001792#1,543.238281,381.774170,622.118103,585.890869,5.496094,5.496094,3-6,lidar_wave2,pavement,2person-pavement,2person-pavement_001792#1,workzone_wave2
C:\Users\jiahu\OneDrive\Documents\human_detect\work-zone-safety-rgbd-dataset\workzone_rgbd_dataset_wave2\images\2person-pavement_001801.png,2person-pavement_001801,2person-pavement,001801,rgb,2person-pavement_001801#1,373.875214,376.148010,454.549377,581.730469,5.566406,5.566406,3-6,lidar_wave2,pavement,2person-pavement,2person-pavement_001801#1,workzone_wave2
C:\Users\jiahu\OneDrive\Documents\human_detect\work-zone-safety-rgbd-dataset\workzone_rgbd_dataset_wave2\images\2person-pavement_001812.png,2person-pavement_001812,2person-pavement,001812,rgb,2person-pavement_001812#1,322.367889,365.814911,404.306213,573.491455,5.414062,5.414062,3-6,lidar_wave2,pavement,2person-pavement,2person-pavement_001812#1,workzone_wave2
C:\Users\jiahu\OneDrive\Documents\human_detect\work-zone-safety-rgbd-dataset\workzone_rgbd_dataset_wave2\images\2person-pavement_001827.png,2person-pavement_001827,2person-pavement,001827,rgb,2person-pavement_001827#1,328.949829,376.400574,418.958038,596.744019,5.019531,5.019531,3-6,lidar_wave2,pavement,2person-pavement,2person-pavement_001827#1,workzone_wave2
C:\Users\jiahu\OneDrive\Documents\human_detect\work-zone-safety-rgbd-dataset\workzone_rgbd_dataset_wave2\images\2person-pavement_001832.png,2person-pavement_001832,2person-pavement,001832,rgb,2person-pavement_001832#1,406.404266,363.290497,515.603149,587.971985,4.359375,4.359375,3-6,lidar_wave2,pavement,2person-pavement,2person-pavement_001832#1,workzone_wave2
C:\Users\jiahu\OneDrive\Documents\human_detect\work-zone-safety-rgbd-dataset\workzone_rgbd_dataset_wave2\images\2person-pavement_001845.png,2person-pavement_001845,2person-pavement,001845,rgb,2person-pavement_001845#1,426.950684,346.585693,588.212769,655.111633,3.769531,3.769531,3-6,lidar_wave2,pavement,2person-pavement,2person-pavement_001845#1,workzone_wave2
C:\Users\jiahu\OneDrive\Documents\human_detect\work-zone-safety-rgbd-dataset\workzone_rgbd_dataset_wave2\images\2person-pavement_001857.png,2person-pavement_001857,2person-pavement,001857,rgb,2person-pavement_001857#1,68.098156,324.839447,90.616774,377.305204,19.921875,19.921875,>6,lidar_wave2,pavement,2person-pavement,2person-pavement_001857#1,workzone_wave2
C:\Users\jiahu\OneDrive\Documents\human_detect\work-zone-safety-rgbd-dataset\workzone_rgbd_dataset_wave2\images\2person-pavement_001857.png,2person-pavement_001857,2person-pavement,001857,rgb,2person-pavement_001857#2,393.435455,332.144897,671.443542,718.805054,2.255859,2.255859,<3,lidar_wave2,pavement,2person-pavement,2person-pavement_001857#2,workzone_wave2
C:\Users\jiahu\OneDrive\Documents\human_detect\work-zone-safety-rgbd-dataset\workzone_rgbd_dataset_wave2\images\2person-pavement_001861.png,2person-pavement_001861,2person-pavement,001861,rgb,2person-pavement_001861#1,473.889313,342.779938,742.457214,719.400146,1.727051,1.727051,<3,lidar_wave2,pavement,2person-pavement,2person-pavement_001861#1,workzone_wave2
C:\Users\jiahu\OneDrive\Documents\human_detect\work-zone-safety-rgbd-dataset\workzone_rgbd_dataset_wave2\images\2person-pavement_001889.png,2person-pavement_001889,2person-pavement,001889,rgb,2person-pavement_001889#1,428.850769,342.848389,576.371338,719.595398,2.383789,2.383789,<3,lidar_wave2,pavement,2person-pavement,2person-pavement_001889#1,workzone_wave2
C:\Users\jiahu\OneDrive\Documents\human_detect\work-zone-safety-rgbd-dataset\workzone_rgbd_dataset_wave2\images\2person-pavement_001889.png,2person-pavement_001889,2person-pavement,001889,rgb,2person-pavement_001889#2,584.875549,337.351776,609.186584,409.318817,17.453125,17.453125,>6,lidar_wave2,pavement,2person-pavement,2person-pavement_001889#2,workzone_wave2
C:\Users\jiahu\OneDrive\Documents\human_detect\work-zone-safety-rgbd-dataset\workzone_rgbd_dataset_wave2\images\2person-pavement_001894.png,2person-pavement_001894,2person-pavement,001894,rgb,2person-pavement_001894#1,406.341461,300.010254,556.561829,718.572510,2.656250,2.656250,<3,lidar_wave2,pavement,2person-pavement,2person-pavement_001894#1,workzone_wave2
C:\Users\jiahu\OneDrive\Documents\human_detect\work-zone-safety-rgbd-dataset\workzone_rgbd_dataset_wave2\images\2person-pavement_001904.png,2person-pavement_001904,2person-pavement,001904,rgb,2person-pavement_001904#1,402.138042,343.588470,435.397087,429.534332,,,>6,lidar_wave2,pavement,2person-pavement,2person-pavement_001904#1,workzone_wave2
C:\Users\jiahu\OneDrive\Documents\human_detect\work-zone-safety-rgbd-dataset\workzone_rgbd_dataset_wave2\images\2person-pavement_001904.png,2person-pavement_001904,2person-pavement,001904,rgb,2person-pavement_001904#2,495.017578,345.545380,657.418579,718.309998,2.564453,2.564453,<3,lidar_wave2,pavement,2person-pavement,2person-pavement_001904#2,workzone_wave2
C:\Users\jiahu\OneDrive\Documents\human_detect\work-zone-safety-rgbd-dataset\workzone_rgbd_dataset_wave2\images\2person-pavement_001911.png,2person-pavement_001911,2person-pavement,001911,rgb,2person-pavement_001911#1,394.467205,296.154337,437.508887,405.856689,15.843750,15.843750,>6,lidar_wave2,pavement,2person-pavement,2person-pavement_001911#1,workzone_wave2
C:\Users\jiahu\OneDrive\Documents\human_detect\work-zone-safety-rgbd-dataset\workzone_rgbd_dataset_wave2\images\2person-pavement_001911.png,2person-pavement_001911,2person-pavement,001911,rgb,2person-pavement_001911#2,683.215942,291.676666,873.527161,719.387939,2.204102,2.204102,<3,lidar_wave2,pavement,2person-pavement,2person-pavement_001911#2,workzone_wave2
C:\Users\jiahu\OneDrive\Documents\human_detect\work-zone-safety-rgbd-dataset\workzone_rgbd_dataset_wave2\images\2person-pavement_001929.png,2person-pavement_001929,2person-pavement,001929,rgb,2person-pavement_001929#1,462.186951,322.776428,505.785828,447.558502,,,>6,lidar_wave2,pavement,2person-pavement,2person-pavement_001929#1,workzone_wave2
C:\Users\jiahu\OneDrive\Documents\human_detect\work-zone-safety-rgbd-dataset\workzone_rgbd_dataset_wave2\images\2person-pavement_001936.png,2person-pavement_001936,2person-pavement,001936,rgb,2person-pavement_001936#1,469.007355,323.743744,517.700317,466.357727,8.531250,8.531250,>6,lidar_wave2,pavement,2person-pavement,2person-pavement_001936#1,workzone_wave2
C:\Users\jiahu\OneDrive\Documents\human_detect\work-zone-safety-rgbd-dataset\workzone_rgbd_dataset_wave2\images\2person-pavement_001947.png,2person-pavement_001947,2person-pavement,001947,rgb,2person-pavement_001947#1,456.199341,320.257233,528.952454,524.794067,6.113281,6.113281,>6,lidar_wave2,pavement,2person-pavement,2person-pavement_001947#1,workzone_wave2
C:\Users\jiahu\OneDrive\Documents\human_detect\work-zone-safety-rgbd-dataset\workzone_rgbd_dataset_wave2\images\2person-pavement_001959.png,2person-pavement_001959,2person-pavement,001959,rgb,2person-pavement_001959#1,452.207520,307.385406,603.056213,692.747253,3.435547,3.435547,3-6,lidar_wave2,pavement,2person-pavement,2person-pavement_001959#1,workzone_wave2
C:\Users\jiahu\OneDrive\Documents\human_detect\work-zone-safety-rgbd-dataset\workzone_rgbd_dataset_wave2\images\2person-pavement_001969.png,2person-pavement_001969,2person-pavement,001969,rgb,2person-pavement_001969#1,576.562378,267.268433,882.433472,719.584167,1.712891,1.712891,<3,lidar_wave2,pavement,2person-pavement,2person-pavement_001969#1,workzone_wave2
C:\Users\jiahu\OneDrive\Documents\human_detect\work-zone-safety-rgbd-dataset\workzone_rgbd_dataset_wave2\images\2person-pavement_001970.png,2person-pavement_001970,2person-pavement,001970,rgb,2person-pavement_001970#1,612.765869,259.508423,959.612000,719.416321,1.535156,1.535156,<3,lidar_wave2,pavement,2person-pavement,2person-pavement_001970#1,workzone_wave2
C:\Users\jiahu\OneDrive\Documents\human_detect\work-zone-safety-rgbd-dataset\workzone_rgbd_dataset_wave2\images\2person-pavement_001994.png,2person-pavement_001994,2person-pavement,001994,rgb,2person-pavement_001994#1,761.871460,394.812012,959.355103,718.080872,2.154297,2.154297,<3,lidar_wave2,pavement,2person-pavement,2person-pavement_001994#1,workzone_wave2
C:\Users\jiahu\OneDrive\Documents\human_detect\work-zone-safety-rgbd-dataset\workzone_rgbd_dataset_wave2\images\2person-pavement_002009.png,2person-pavement_002009,2person-pavement,002009,rgb,2person-pavement_002009#1,387.275116,342.207214,520.911621,718.947144,3.324219,3.324219,3-6,lidar_wave2,pavement,2person-pavement,2person-pavement_002009#1,workzone_wave2
C:\Users\jiahu\OneDrive\Documents\human_detect\work-zone-safety-rgbd-dataset\workzone_rgbd_dataset_wave2\images\2person-pavement_002009.png,2person-pavement_002009,2person-pavement,002009,rgb,2person-pavement_002009#2,561.341003,388.941467,601.798279,505.103851,10.492188,10.492188,>6,lidar_wave2,pavement,2person-pavement,2person-pavement_002009#2,workzone_wave2
C:\Users\jiahu\OneDrive\Documents\human_detect\work-zone-safety-rgbd-dataset\workzone_rgbd_dataset_wave2\images\2person-pavement_002009.png,2person-pavement_002009,2person-pavement,002009,rgb,2person-pavement_002009#3,674.859253,396.913971,690.102966,435.368134,18.750000,18.750000,>6,lidar_wave2,pavement,2person-pavement,2person-pavement_002009#3,workzone_wave2
C:\Users\jiahu\OneDrive\Documents\human_detect\work-zone-safety-rgbd-dataset\workzone_rgbd_dataset_wave2\images\2person-pavement_002014.png,2person-pavement_002014,2person-pavement,002014,rgb,2person-pavement_002014#1,356.425720,345.353088,484.778534,719.287048,3.294922,3.294922,3-6,lidar_wave2,pavement,2person-pavement,2person-pavement_002014#1,workzone_wave2
C:\Users\jiahu\OneDrive\Documents\human_detect\work-zone-safety-rgbd-dataset\workzone_rgbd_dataset_wave2\images\2person-pavement_002014.png,2person-pavement_002014,2person-pavement,002014,rgb,2person-pavement_002014#2,512.787956,390.235497,553.877739,507.432702,9.984375,9.984375,>6,lidar_wave2,pavement,2person-pavement,2person-pavement_002014#2,workzone_wave2
C:\Users\jiahu\OneDrive\Documents\human_detect\work-zone-safety-rgbd-dataset\workzone_rgbd_dataset_wave2\images\2person-pavement_002014.png,2person-pavement_002014,2person-pavement,002014,rgb,2person-pavement_002014#3,604.516367,382.118258,624.134424,438.681997,18.593750,18.593750,>6,lidar_wave2,pavement,2person-pavement,2person-pavement_002014#3,workzone_wave2
C:\Users\jiahu\OneDrive\Documents\human_detect\work-zone-safety-rgbd-dataset\workzone_rgbd_dataset_wave2\images\2person-pavement_002029.png,2person-pavement_002029,2person-pavement,002029,rgb,2person-pavement_002029#1,328.908783,264.760925,464.377625,659.012085,3.208984,3.208984,3-6,lidar_wave2,pavement,2person-pavement,2person-pavement_002029#1,workzone_wave2
C:\Users\jiahu\OneDrive\Documents\human_detect\work-zone-safety-rgbd-dataset\workzone_rgbd_dataset_wave2\images\2person-pavement_002029.png,2person-pavement_002029,2person-pavement,002029,rgb,2person-pavement_002029#2,512.310791,312.585480,554.268311,439.846985,8.609375,8.609375,>6,lidar_wave2,pavement,2person-pavement,2person-pavement_002029#2,workzone_wave2
C:\Users\jiahu\OneDrive\Documents\human_detect\work-zone-safety-rgbd-dataset\workzone_rgbd_dataset_wave2\images\2person-pavement_002029.png,2person-pavement_002029,2person-pavement,002029,rgb,2person-pavement_002029#3,571.500067,316.087297,595.213690,360.688493,18.859375,18.859375,>6,lidar_wave2,pavement,2person-pavement,2person-pavement_002029#3,workzone_wave2
C:\Users\jiahu\OneDrive\Documents\human_detect\work-zone-safety-rgbd-dataset\workzone_rgbd_dataset_wave2\images\2person-pavement_002030.png,2person-pavement_002030,2person-pavement,002030,rgb,2person-pavement_002030#1,323.019867,266.721954,461.606720,664.366028,3.181641,3.181641,3-6,lidar_wave2,pavement,2person-pavement,2person-pavement_002030#1,workzone_wave2
C:\Users\jiahu\OneDrive\Documents\human_detect\work-zone-safety-rgbd-dataset\workzone_rgbd_dataset_wave2\images\2person-pavement_002030.png,2person-pavement_002030,2person-pavement,002030,rgb,2person-pavement_002030#2,516.520935,316.768372,556.366699,443.309601,8.539062,8.539062,>6,lidar_wave2,pavement,2person-pavement,2person-pavement_002030#2,workzone_wave2
C:\Users\jiahu\OneDrive\Documents\human_detect\work-zone-safety-rgbd-dataset\workzone_rgbd_dataset_wave2\images\2person-pavement_002030.png,2person-pavement_002030,2person-pavement,002030,rgb,2person-pavement_002030#3,576.192993,320.460388,593.658203,367.361938,18.117188,18.117188,>6,lidar_wave2,pavement,2person-pavement,2person-pavement_002030#3,workzone_wave2
C:\Users\jiahu\OneDrive\Documents\human_detect\work-zone-safety-rgbd-dataset\workzone_rgbd_dataset_wave2\images\2person-pavement_002040.png,2person-pavement_002040,2person-pavement,002040,rgb,2person-pavement_002040#1,305.390900,299.492065,434.879883,719.544128,2.988281,2.988281,<3,lidar_wave2,pavement,2person-pavement,2person-pavement_002040#1,workzone_wave2
C:\Users\jiahu\OneDrive\Documents\human_detect\work-zone-safety-rgbd-dataset\workzone_rgbd_dataset_wave2\images\2person-pavement_002040.png,2person-pavement_002040,2person-pavement,002040,rgb,2person-pavement_002040#2,509.956055,355.697876,555.843567,485.790466,8.109375,8.109375,>6,lidar_wave2,pavement,2person-pavement,2person-pavement_002040#2,workzone_wave2
C:\Users\jiahu\OneDrive\Documents\human_detect\work-zone-safety-rgbd-dataset\workzone_rgbd_dataset_wave2\images\2person-pavement_002040.png,2person-pavement_002040,2person-pavement,002040,rgb,2person-pavement_002040#3,570.285973,347.251153,598.090620,413.975286,18.359375,18.359375,>6,lidar_wave2,pavement,2person-pavement,2person-pavement_002040#3,workzone_wave2
C:\Users\jiahu\OneDrive\Documents\human_detect\work-zone-safety-rgbd-dataset\workzone_rgbd_dataset_wave2\images\2person-pavement_002050.png,2person-pavement_002050,2person-pavement,002050,rgb,2person-pavement_002050#1,297.931549,278.748688,443.464722,713.000671,2.816406,2.816406,<3,lidar_wave2,pavement,2person-pavement,2person-pavement_002050#1,workzone_wave2
C:\Users\jiahu\OneDrive\Documents\human_detect\work-zone-safety-rgbd-dataset\workzone_rgbd_dataset_wave2\images\2person-pavement_002050.png,2person-pavement_002050,2person-pavement,002050,rgb,2person-pavement_002050#2,488.119383,337.331330,552.671093,486.169445,7.398438,7.398438,>6,lidar_wave2,pavement,2person-pavement,2person-pavement_002050#2,workzone_wave2
C:\Users\jiahu\OneDrive\Documents\human_detect\work-zone-safety-rgbd-dataset\workzone_rgbd_dataset_wave2\images\2person-pavement_002050.png,2person-pavement_002050,2person-pavement,002050,rgb,2person-pavement_002050#3,587.508945,347.297882,634.612030,419.427208,18.546875,18.546875,>6,lidar_wave2,pavement,2person-pavement,2person-pavement_002050#3,workzone_wave2
C:\Users\jiahu\OneDrive\Documents\human_detect\work-zone-safety-rgbd-dataset\workzone_rgbd_dataset_wave2\images\2person-pavement_002065.png,2person-pavement_002065,2person-pavement,002065,rgb,2person-pavement_002065#1,345.499786,262.479966,518.329529,717.890336,2.521484,2.521484,<3,lidar_wave2,pavement,2person-pavement,2person-pavement_002065#1,workzone_wave2
C:\Users\jiahu\OneDrive\Documents\human_detect\work-zone-safety-rgbd-dataset\workzone_rgbd_dataset_wave2\images\2person-pavement_002065.png,2person-pavement_002065,2person-pavement,002065,rgb,2person-pavement_002065#2,505.857880,337.541321,576.647888,504.749023,6.361328,6.361328,>6,lidar_wave2,pavement,2person-pavement,2person-pavement_002065#2,workzone_wave2
C:\Users\jiahu\OneDrive\Documents\human_detect\work-zone-safety-rgbd-dataset\workzone_rgbd_dataset_wave2\images\2person-pavement_002065.png,2person-pavement_002065,2person-pavement,002065,rgb,2person-pavement_002065#3,746.328613,353.717377,776.517578,433.252075,,,>6,lidar_wave2,pavement,2person-pavement,2person-pavement_002065#3,workzone_wave2
C:\Users\jiahu\OneDrive\Documents\human_detect\work-zone-safety-rgbd-dataset\workzone_rgbd_dataset_wave2\images\2person-pavement_002070.png,2person-pavement_002070,2person-pavement,002070,rgb,2person-pavement_002070#1,403.845886,286.564270,561.372986,718.700562,2.384766,2.384766,<3,lidar_wave2,pavement,2person-pavement,2person-pavement_002070#1,workzone_wave2
C:\Users\jiahu\OneDrive\Documents\human_detect\work-zone-safety-rgbd-dataset\workzone_rgbd_dataset_wave2\images\2person-pavement_002070.png,2person-pavement_002070,2person-pavement,002070,rgb,2person-pavement_002070#2,776.697327,388.607025,815.833923,474.209198,,,>6,lidar_wave2,pavement,2person-pavement,2person-pavement_002070#2,workzone_wave2
C:\Users\jiahu\OneDrive\Documents\human_detect\work-zone-safety-rgbd-dataset\workzone_rgbd_dataset_wave2\images\2person-pavement_002087.png,2person-pavement_002087,2person-pavement,002087,rgb,2person-pavement_002087#1,115.555992,346.466522,287.197754,689.023621,3.345703,3.345703,3-6,lidar_wave2,pavement,2person-pavement,2person-pavement_002087#1,workzone_wave2
C:\Users\jiahu\OneDrive\Documents\human_detect\work-zone-safety-rgbd-dataset\workzone_rgbd_dataset_wave2\images\2person-pavement_002087.png,2person-pavement_002087,2person-pavement,002087,rgb,2person-pavement_002087#2,355.181427,269.107727,550.404175,719.122253,2.050781,2.050781,<3,lidar_wave2,pavement,2person-pavement,2person-pavement_002087#2,workzone_wave2
C:\Users\jiahu\OneDrive\Documents\human_detect\work-zone-safety-rgbd-dataset\workzone_rgbd_dataset_wave2\images\2person-pavement_002087.png,2person-pavement_002087,2person-pavement,002087,rgb,2person-pavement_002087#3,843.812317,361.975372,893.392883,482.534668,,,>6,lidar_wave2,pavement,2person-pavement,2person-pavement_002087#3,workzone_wave2
C:\Users\jiahu\OneDrive\Documents\human_detect\work-zone-safety-rgbd-dataset\workzone_rgbd_dataset_wave2\images\2person-pavement_002093.png,2person-pavement_002093,2person-pavement,002093,rgb,2person-pavement_002093#1,2.872261,333.872406,209.819916,719.127869,2.437500,2.437500,<3,lidar_wave2,pavement,2person-pavement,2person-pavement_002093#1,workzone_wave2
C:\Users\jiahu\OneDrive\Documents\human_detect\work-zone-safety-rgbd-dataset\workzone_rgbd_dataset_wave2\images\2person-pavement_002093.png,2person-pavement_002093,2person-pavement,002093,rgb,2person-pavement_002093#2,441.925781,279.637604,631.281372,719.549194,1.998047,1.998047,<3,lidar_wave2,pavement,2person-pavement,2person-pavement_002093#2,workzone_wave2
C:\Users\jiahu\OneDrive\Documents\human_detect\work-zone-safety-rgbd-dataset\workzone_rgbd_dataset_wave2\images\2person-pavement_002107.png,2person-pavement_002107,2person-pavement,002107,rgb,2person-pavement_002107#1,243.616653,276.988617,493.494995,719.239319,1.704102,1.704102,<3,lidar_wave2,pavement,2person-pavement,2person-pavement_002107#1,workzone_wave2
C:\Users\jiahu\OneDrive\Documents\human_detect\work-zone-safety-rgbd-dataset\workzone_rgbd_dataset_wave2\images\2person-pavement_002110.png,2person-pavement_002110,2person-pavement,002110,rgb,2person-pavement_002110#1,198.303131,289.126831,464.600555,719.387146,1.637695,1.637695,<3,lidar_wave2,pavement,2person-pavement,2person-pavement_002110#1,workzone_wave2
C:\Users\jiahu\OneDrive\Documents\human_detect\work-zone-safety-rgbd-dataset\workzone_rgbd_dataset_wave2\images\2person-pavement_002122.png,2person-pavement_002122,2person-pavement,002122,rgb,2person-pavement_002122#1,348.474884,255.473984,640.780762,719.149536,1.311523,1.311523,<3,lidar_wave2,pavement,2person-pavement,2person-pavement_002122#1,workzone_wave2
C:\Users\jiahu\OneDrive\Documents\human_detect\work-zone-safety-rgbd-dataset\workzone_rgbd_dataset_wave2\images\2person-pavement_002132.png,2person-pavement_002132,2person-pavement,002132,rgb,2person-pavement_002132#1,545.827148,251.638275,959.482239,719.090393,0.895020,0.895020,<3,lidar_wave2,pavement,2person-pavement,2person-pavement_002132#1,workzone_wave2
C:\Users\jiahu\OneDrive\Documents\human_detect\work-zone-safety-rgbd-dataset\workzone_rgbd_dataset_wave2\images\2person-pavement_002159.png,2person-pavement_002159,2person-pavement,002159,rgb,2person-pavement_002159#1,243.639907,342.918595,423.831344,719.618546,2.056641,2.056641,<3,lidar_wave2,pavement,2person-pavement,2person-pavement_002159#1,workzone_wave2
C:\Users\jiahu\OneDrive\Documents\human_detect\work-zone-safety-rgbd-dataset\workzone_rgbd_dataset_wave2\images\2person-pavement_002159.png,2person-pavement_002159,2person-pavement,002159,rgb,2person-pavement_002159#2,752.066262,429.192843,808.800591,569.914178,,,>6,lidar_wave2,pavement,2person-pavement,2person-pavement_002159#2,workzone_wave2
C:\Users\jiahu\OneDrive\Documents\human_detect\work-zone-safety-rgbd-dataset\workzone_rgbd_dataset_wave2\images\2person-pavement_002162.png,2person-pavement_002162,2person-pavement,002162,rgb,2person-pavement_002162#1,251.389114,319.413269,376.456909,718.586853,2.388672,2.388672,<3,lidar_wave2,pavement,2person-pavement,2person-pavement_002162#1,workzone_wave2
C:\Users\jiahu\OneDrive\Documents\human_detect\work-zone-safety-rgbd-dataset\workzone_rgbd_dataset_wave2\images\2person-pavement_002162.png,2person-pavement_002162,2person-pavement,002162,rgb,2person-pavement_002162#2,777.984628,414.149223,828.110862,545.701880,,,>6,lidar_wave2,pavement,2person-pavement,2person-pavement_002162#2,workzone_wave2
C:\Users\jiahu\OneDrive\Documents\human_detect\work-zone-safety-rgbd-dataset\workzone_rgbd_dataset_wave2\images\2person-pavement_002179.png,2person-pavement_002179,2person-pavement,002179,rgb,2person-pavement_002179#1,149.447845,290.199066,340.272491,719.274170,2.611328,2.611328,<3,lidar_wave2,pavement,2person-pavement,2person-pavement_002179#1,workzone_wave2
C:\Users\jiahu\OneDrive\Documents\human_detect\work-zone-safety-rgbd-dataset\workzone_rgbd_dataset_wave2\images\2person-pavement_002179.png,2person-pavement_002179,2person-pavement,002179,rgb,2person-pavement_002179#2,850.287048,399.281708,893.650085,501.789093,,,>6,lidar_wave2,pavement,2person-pavement,2person-pavement_002179#2,workzone_wave2
C:\Users\jiahu\OneDrive\Documents\human_detect\work-zone-safety-rgbd-dataset\workzone_rgbd_dataset_wave2\images\2person-pavement_002184.png,2person-pavement_002184,2person-pavement,002184,rgb,2person-pavement_002184#1,60.545677,242.041306,281.218597,718.576111,2.242188,2.242188,<3,lidar_wave2,pavement,2person-pavement,2person-pavement_002184#1,workzone_wave2
C:\Users\jiahu\OneDrive\Documents\human_detect\work-zone-safety-rgbd-dataset\workzone_rgbd_dataset_wave2\images\2person-pavement_002184.png,2person-pavement_002184,2person-pavement,002184,rgb,2person-pavement_002184#2,749.314148,373.415894,780.152222,462.074188,,,>6,lidar_wave2,pavement,2person-pavement,2person-pavement_002184#2,workzone_wave2
C:\Users\jiahu\OneDrive\Documents\human_detect\work-zone-safety-rgbd-dataset\workzone_rgbd_dataset_wave2\images\2person-pavement_002193.png,2person-pavement_002193,2person-pavement,002193,rgb,2person-pavement_002193#1,0.689734,192.323625,266.676101,717.855729,1.492188,1.492188,<3,lidar_wave2,pavement,2person-pavement,2person-pavement_002193#1,workzone_wave2
C:\Users\jiahu\OneDrive\Documents\human_detect\work-zone-safety-rgbd-dataset\workzone_rgbd_dataset_wave2\images\2person-pavement_002193.png,2person-pavement_002193,2person-pavement,002193,rgb,2person-pavement_002193#2,578.773560,374.069275,609.875854,456.406311,,,>6,lidar_wave2,pavement,2person-pavement,2person-pavement_002193#2,workzone_wave2
C:\Users\jiahu\OneDrive\Documents\human_detect\work-zone-safety-rgbd-dataset\workzone_rgbd_dataset_wave2\images\2person-pavement_002205.png,2person-pavement_002205,2person-pavement,002205,rgb,2person-pavement_002205#1,184.150452,116.012695,614.714539,718.896606,0.661133,0.661133,<3,lidar_wave2,pavement,2person-pavement,2person-pavement_002205#1,workzone_wave2
C:\Users\jiahu\OneDrive\Documents\human_detect\work-zone-safety-rgbd-dataset\workzone_rgbd_dataset_wave2\images\2person-pavement_002219.png,2person-pavement_002219,2person-pavement,002219,rgb,2person-pavement_002219#1,475.802399,136.906738,739.159485,719.703979,1.516602,1.516602,<3,lidar_wave2,pavement,2person-pavement,2person-pavement_002219#1,workzone_wave2
C:\Users\jiahu\OneDrive\Documents\human_detect\work-zone-safety-rgbd-dataset\workzone_rgbd_dataset_wave2\images\2person-pavement_002224.png,2person-pavement_002224,2person-pavement,002224,rgb,2person-pavement_002224#1,480.228058,187.784821,781.011536,718.761536,1.645508,1.645508,<3,lidar_wave2,pavement,2person-pavement,2person-pavement_002224#1,workzone_wave2
C:\Users\jiahu\OneDrive\Documents\human_detect\work-zone-safety-rgbd-dataset\workzone_rgbd_dataset_wave2\images\2person-pavement_002236.png,2person-pavement_002236,2person-pavement,002236,rgb,2person-pavement_002236#1,345.465115,320.716220,421.526718,499.811693,7.445312,7.445312,>6,lidar_wave2,pavement,2person-pavement,2person-pavement_002236#1,workzone_wave2
C:\Users\jiahu\OneDrive\Documents\human_detect\work-zone-safety-rgbd-dataset\workzone_rgbd_dataset_wave2\images\2person-pavement_002236.png,2person-pavement_002236,2person-pavement,002236,rgb,2person-pavement_002236#2,440.153046,239.634338,726.235168,718.538330,1.731445,1.731445,<3,lidar_wave2,pavement,2person-pavement,2person-pavement_002236#2,workzone_wave2
C:\Users\jiahu\OneDrive\Documents\human_detect\work-zone-safety-rgbd-dataset\workzone_rgbd_dataset_wave2\images\2person-pavement_002242.png,2person-pavement_002242,2person-pavement,002242,rgb,2person-pavement_002242#1,320.684906,300.247650,382.296021,469.178192,5.976562,5.976562,3-6,lidar_wave2,pavement,2person-pavement,2person-pavement_002242#1,workzone_wave2
C:\Users\jiahu\OneDrive\Documents\human_detect\work-zone-safety-rgbd-dataset\workzone_rgbd_dataset_wave2\images\2person-pavement_002242.png,2person-pavement_002242,2person-pavement,002242,rgb,2person-pavement_002242#2,527.109070,213.507401,768.281494,718.778687,1.699219,1.699219,<3,lidar_wave2,pavement,2person-pavement,2person-pavement_002242#2,workzone_wave2
C:\Users\jiahu\OneDrive\Documents\human_detect\work-zone-safety-rgbd-dataset\workzone_rgbd_dataset_wave2\images\2person-pavement_002254.png,2person-pavement_002254,2person-pavement,002254,rgb,2person-pavement_002254#1,270.117035,278.172638,341.179993,478.130402,5.462891,5.462891,3-6,lidar_wave2,pavement,2person-pavement,2person-pavement_002254#1,workzone_wave2
C:\Users\jiahu\OneDrive\Documents\human_detect\work-zone-safety-rgbd-dataset\workzone_rgbd_dataset_wave2\images\2person-pavement_002254.png,2person-pavement_002254,2person-pavement,002254,rgb,2person-pavement_002254#2,737.206604,193.264771,959.355652,718.395874,1.555176,1.555176,<3,lidar_wave2,pavement,2person-pavement,2person-pavement_002254#2,workzone_wave2
C:\Users\jiahu\OneDrive\Documents\human_detect\work-zone-safety-rgbd-dataset\workzone_rgbd_dataset_wave2\images\2person-pavement_002267.png,2person-pavement_002267,2person-pavement,002267,rgb,2person-pavement_002267#1,338.965332,297.461700,411.294281,508.006714,5.111328,5.111328,3-6,lidar_wave2,pavement,2person-pavement,2person-pavement_002267#1,workzone_wave2
C:\Users\jiahu\OneDrive\Documents\human_detect\work-zone-safety-rgbd-dataset\workzone_rgbd_dataset_wave2\images\2person-pavement_002270.png,2person-pavement_002270,2person-pavement,002270,rgb,2person-pavement_002270#1,314.853455,322.172424,385.760468,544.014038,4.972656,4.972656,3-6,lidar_wave2,pavement,2person-pavement,2person-pavement_002270#1,workzone_wave2
C:\Users\jiahu\OneDrive\Documents\human_detect\work-zone-safety-rgbd-dataset\workzone_rgbd_dataset_wave2\images\2person-pavement_002288.png,2person-pavement_002288,2person-pavement,002288,rgb,2person-pavement_002288#1,250.171524,302.560089,361.270569,573.172913,3.287109,3.287109,3-6,lidar_wave2,pavement,2person-pavement,2person-pavement_002288#1,workzone_wave2
C:\Users\jiahu\OneDrive\Documents\human_detect\work-zone-safety-rgbd-dataset\workzone_rgbd_dataset_wave2\images\2person-pavement_002290.png,2person-pavement_002290,2person-pavement,002290,rgb,2person-pavement_002290#1,287.973267,318.253876,394.635864,597.664551,3.626953,3.626953,3-6,lidar_wave2,pavement,2person-pavement,2person-pavement_002290#1,workzone_wave2
C:\Users\jiahu\OneDrive\Documents\human_detect\work-zone-safety-rgbd-dataset\workzone_rgbd_dataset_wave2\images\2person-pavement_002309.png,2person-pavement_002309,2person-pavement,002309,rgb,2person-pavement_002309#1,187.082138,298.476593,408.179535,719.360229,2.335938,2.335938,<3,lidar_wave2,pavement,2person-pavement,2person-pavement_002309#1,workzone_wave2
C:\Users\jiahu\OneDrive\Documents\human_detect\work-zone-safety-rgbd-dataset\workzone_rgbd_dataset_wave2\images\2person-pavement_002311.png,2person-pavement_002311,2person-pavement,002311,rgb,2person-pavement_002311#1,166.415161,274.477753,390.862549,719.545410,2.283203,2.283203,<3,lidar_wave2,pavement,2person-pavement,2person-pavement_002311#1,workzone_wave2
C:\Users\jiahu\OneDrive\Documents\human_detect\work-zone-safety-rgbd-dataset\workzone_rgbd_dataset_wave2\images\2person-pavement_002326.png,2person-pavement_002326,2person-pavement,002326,rgb,2person-pavement_002326#1,88.098236,268.523865,279.850220,719.445251,2.152344,2.152344,<3,lidar_wave2,pavement,2person-pavement,2person-pavement_002326#1,workzone_wave2
C:\Users\jiahu\OneDrive\Documents\human_detect\work-zone-safety-rgbd-dataset\workzone_rgbd_dataset_wave2\images\2person-pavement_002326.png,2person-pavement_002326,2person-pavement,002326,rgb,2person-pavement_002326#2,758.514404,281.204132,863.272705,587.691833,3.894531,3.894531,3-6,lidar_wave2,pavement,2person-pavement,2person-pavement_002326#2,workzone_wave2
C:\Users\jiahu\OneDrive\Documents\human_detect\work-zone-safety-rgbd-dataset\workzone_rgbd_dataset_wave2\images\2person-pavement_002336.png,2person-pavement_002336,2person-pavement,002336,rgb,2person-pavement_002336#1,151.465057,315.563873,279.220490,708.728210,3.019531,3.019531,3-6,lidar_wave2,pavement,2person-pavement,2person-pavement_002336#1,workzone_wave2
C:\Users\jiahu\OneDrive\Documents\human_detect\work-zone-safety-rgbd-dataset\workzone_rgbd_dataset_wave2\images\2person-pavement_002336.png,2person-pavement_002336,2person-pavement,002336,rgb,2person-pavement_002336#2,750.442383,335.280792,830.228760,552.233093,5.746094,5.746094,3-6,lidar_wave2,pavement,2person-pavement,2person-pavement_002336#2,workzone_wave2
C:\Users\jiahu\OneDrive\Documents\human_detect\work-zone-safety-rgbd-dataset\workzone_rgbd_dataset_wave2\images\2person-pavement_002340.png,2person-pavement_002340,2person-pavement,002340,rgb,2person-pavement_002340#1,208.526871,305.507660,316.752869,614.096497,3.580078,3.580078,3-6,lidar_wave2,pavement,2person-pavement,2person-pavement_002340#1,workzone_wave2
C:\Users\jiahu\OneDrive\Documents\human_detect\work-zone-safety-rgbd-dataset\workzone_rgbd_dataset_wave2\images\2person-pavement_002340.png,2person-pavement_002340,2person-pavement,002340,rgb,2person-pavement_002340#2,760.405334,305.146973,843.145935,497.533539,,,>6,lidar_wave2,pavement,2person-pavement,2person-pavement_002340#2,workzone_wave2
C:\Users\jiahu\OneDrive\Documents\human_detect\work-zone-safety-rgbd-dataset\workzone_rgbd_dataset_wave2\images\2person-pavement_002352.png,2person-pavement_002352,2person-pavement,002352,rgb,2person-pavement_002352#1,230.097610,279.322906,310.448944,491.801788,5.244141,5.244141,3-6,lidar_wave2,pavement,2person-pavement,2person-pavement_002352#1,workzone_wave2
C:\Users\jiahu\OneDrive\Documents\human_detect\work-zone-safety-rgbd-dataset\workzone_rgbd_dataset_wave2\images\2person-pavement_002352.png,2person-pavement_002352,2person-pavement,002352,rgb,2person-pavement_002352#2,705.424255,278.885193,764.833374,426.275116,8.695312,8.695312,>6,lidar_wave2,pavement,2person-pavement,2person-pavement_002352#2,workzone_wave2
C:\Users\jiahu\OneDrive\Documents\human_detect\work-zone-safety-rgbd-dataset\workzone_rgbd_dataset_wave2\images\2person-pavement_002377.png,2person-pavement_002377,2person-pavement,002377,rgb,2person-pavement_002377#1,354.650629,427.917558,420.722367,600.919527,,,>6,lidar_wave2,pavement,2person-pavement,2person-pavement_002377#1,workzone_wave2
C:\Users\jiahu\OneDrive\Documents\human_detect\work-zone-safety-rgbd-dataset\workzone_rgbd_dataset_wave2\images\2person-pavement_002377.png,2person-pavement_002377,2person-pavement,002377,rgb,2person-pavement_002377#2,682.762320,435.813368,744.819000,564.624440,,,>6,lidar_wave2,pavement,2person-pavement,2person-pavement_002377#2,workzone_wave2
C:\Users\jiahu\OneDrive\Documents\human_detect\work-zone-safety-rgbd-dataset\workzone_rgbd_dataset_wave2\images\2person-pavement_002386.png,2person-pavement_002386,2person-pavement,002386,rgb,2person-pavement_002386#1,339.901245,418.850372,391.042969,585.912292,6.488281,6.488281,>6,lidar_wave2,pavement,2person-pavement,2person-pavement_002386#1,workzone_wave2
C:\Users\jiahu\OneDrive\Documents\human_detect\work-zone-safety-rgbd-dataset\workzone_rgbd_dataset_wave2\images\2person-pavement_002386.png,2person-pavement_002386,2person-pavement,002386,rgb,2person-pavement_002386#2,646.810147,421.769369,702.596985,551.588746,10.667969,10.667969,>6,lidar_wave2,pavement,2person-pavement,2person-pavement_002386#2,workzone_wave2
C:\Users\jiahu\OneDrive\Documents\human_detect\work-zone-safety-rgbd-dataset\workzone_rgbd_dataset_wave2\images\2person-pavement_002395.png,2person-pavement_002395,2person-pavement,002395,rgb,2person-pavement_002395#1,320.988678,418.750122,386.635284,602.704285,5.718750,5.718750,3-6,lidar_wave2,pavement,2person-pavement,2person-pavement_002395#1,workzone_wave2
C:\Users\jiahu\OneDrive\Documents\human_detect\work-zone-safety-rgbd-dataset\workzone_rgbd_dataset_wave2\images\2person-pavement_002395.png,2person-pavement_002395,2person-pavement,002395,rgb,2person-pavement_002395#2,645.570374,430.220292,696.061157,549.177506,,,>6,lidar_wave2,pavement,2person-pavement,2person-pavement_002395#2,workzone_wave2
C:\Users\jiahu\OneDrive\Documents\human_detect\work-zone-safety-rgbd-dataset\workzone_rgbd_dataset_wave2\images\2person-pavement_002409.png,2person-pavement_002409,2person-pavement,002409,rgb,2person-pavement_002409#1,338.299996,415.986025,435.605355,651.226534,6.466797,6.466797,>6,lidar_wave2,pavement,2person-pavement,2person-pavement_002409#1,workzone_wave2
C:\Users\jiahu\OneDrive\Documents\human_detect\work-zone-safety-rgbd-dataset\workzone_rgbd_dataset_wave2\images\2person-pavement_002409.png,2person-pavement_002409,2person-pavement,002409,rgb,2person-pavement_002409#2,642.411493,421.830235,702.581938,580.521468,8.078125,8.078125,>6,lidar_wave2,pavement,2person-pavement,2person-pavement_002409#2,workzone_wave2
C:\Users\jiahu\OneDrive\Documents\human_detect\work-zone-safety-rgbd-dataset\workzone_rgbd_dataset_wave2\images\2person-pavement_002417.png,2person-pavement_002417,2person-pavement,002417,rgb,2person-pavement_002417#1,344.858002,383.942963,439.636871,661.398621,3.914062,3.914062,3-6,lidar_wave2,pavement,2person-pavement,2person-pavement_002417#1,workzone_wave2
C:\Users\jiahu\OneDrive\Documents\human_detect\work-zone-safety-rgbd-dataset\workzone_rgbd_dataset_wave2\images\2person-pavement_002417.png,2person-pavement_002417,2person-pavement,002417,rgb,2person-pavement_002417#2,650.027649,381.491394,723.853943,540.842224,7.882812,7.882812,>6,lidar_wave2,pavement,2person-pavement,2person-pavement_002417#2,workzone_wave2
C:\Users\jiahu\OneDrive\Documents\human_detect\work-zone-safety-rgbd-dataset\workzone_rgbd_dataset_wave2\images\2person-pavement_002427.png,2person-pavement_002427,2person-pavement,002427,rgb,2person-pavement_002427#1,222.386948,365.526459,371.875885,719.495911,2.646484,2.646484,<3,lidar_wave2,pavement,2person-pavement,2person-pavement_002427#1,workzone_wave2
C:\Users\jiahu\OneDrive\Documents\human_detect\work-zone-safety-rgbd-dataset\workzone_rgbd_dataset_wave2\images\2person-pavement_002427.png,2person-pavement_002427,2person-pavement,002427,rgb,2person-pavement_002427#2,635.872253,373.727692,715.129456,573.282532,5.972656,5.972656,3-6,lidar_wave2,pavement,2person-pavement,2person-pavement_002427#2,workzone_wave2
C:\Users\jiahu\OneDrive\Documents\human_detect\work-zone-safety-rgbd-dataset\workzone_rgbd_dataset_wave2\images\2person-pavement_002430.png,2person-pavement_002430,2person-pavement,002430,rgb,2person-pavement_002430#1,193.414856,369.376648,351.155090,719.427490,2.238281,2.238281,<3,lidar_wave2,pavement,2person-pavement,2person-pavement_002430#1,workzone_wave2
C:\Users\jiahu\OneDrive\Documents\human_detect\work-zone-safety-rgbd-dataset\workzone_rgbd_dataset_wave2\images\2person-pavement_002430.png,2person-pavement_002430,2person-pavement,002430,rgb,2person-pavement_002430#2,666.331970,360.057129,754.821899,587.040527,5.640625,5.640625,3-6,lidar_wave2,pavement,2person-pavement,2person-pavement_002430#2,workzone_wave2
C:\Users\jiahu\OneDrive\Documents\human_detect\work-zone-safety-rgbd-dataset\workzone_rgbd_dataset_wave2\images\2person-pavement_002454.png,2person-pavement_002454,2person-pavement,002454,rgb,2person-pavement_002454#1,738.684998,326.131714,958.232483,719.540466,1.679199,1.679199,<3,lidar_wave2,pavement,2person-pavement,2person-pavement_002454#1,workzone_wave2
C:\Users\jiahu\OneDrive\Documents\human_detect\work-zone-safety-rgbd-dataset\workzone_rgbd_dataset_wave2\images\2person-pavement_002467.png,2person-pavement_002467,2person-pavement,002467,rgb,2person-pavement_002467#1,723.377380,322.374298,959.258240,719.120972,0.959229,0.959229,<3,lidar_wave2,pavement,2person-pavement,2person-pavement_002467#1,workzone_wave2
C:\Users\jiahu\OneDrive\Documents\human_detect\work-zone-safety-rgbd-dataset\workzone_rgbd_dataset_wave2\images\2person-pavement_002470.png,2person-pavement_002470,2person-pavement,002470,rgb,2person-pavement_002470#1,503.523193,346.394958,760.343140,719.487732,1.097656,1.097656,<3,lidar_wave2,pavement,2person-pavement,2person-pavement_002470#1,workzone_wave2
C:\Users\jiahu\OneDrive\Documents\human_detect\work-zone-safety-rgbd-dataset\workzone_rgbd_dataset_wave2\images\2person-pavement_002488.png,2person-pavement_002488,2person-pavement,002488,rgb,2person-pavement_002488#1,487.204285,336.193268,605.677551,712.830017,3.285156,3.285156,3-6,lidar_wave2,pavement,2person-pavement,2person-pavement_002488#1,workzone_wave2
C:\Users\jiahu\OneDrive\Documents\human_detect\work-zone-safety-rgbd-dataset\workzone_rgbd_dataset_wave2\images\2person-pavement_002498.png,2person-pavement_002498,2person-pavement,002498,rgb,2person-pavement_002498#1,463.063660,353.575653,587.851868,694.728149,3.546875,3.546875,3-6,lidar_wave2,pavement,2person-pavement,2person-pavement_002498#1,workzone_wave2
C:\Users\jiahu\OneDrive\Documents\human_detect\work-zone-safety-rgbd-dataset\workzone_rgbd_dataset_wave2\images\2person-pavement_002506.png,2person-pavement_002506,2person-pavement,002506,rgb,2person-pavement_002506#1,355.377136,370.854553,489.499237,717.248352,3.517578,3.517578,3-6,lidar_wave2,pavement,2person-pavement,2person-pavement_002506#1,workzone_wave2
C:\Users\jiahu\OneDrive\Documents\human_detect\work-zone-safety-rgbd-dataset\workzone_rgbd_dataset_wave2\images\2person-pavement_002519.png,2person-pavement_002519,2person-pavement,002519,rgb,2person-pavement_002519#1,284.060699,376.475067,453.011017,719.647156,3.000977,3.000977,3-6,lidar_wave2,pavement,2person-pavement,2person-pavement_002519#1,workzone_wave2
C:\Users\jiahu\OneDrive\Documents\human_detect\work-zone-safety-rgbd-dataset\workzone_rgbd_dataset_wave2\images\2person-pavement_002519.png,2person-pavement_002519,2person-pavement,002519,rgb,2person-pavement_002519#2,803.586365,455.957825,896.443909,672.587158,,,3-6,lidar_wave2,pavement,2person-pavement,2person-pavement_002519#2,workzone_wave2
C:\Users\jiahu\OneDrive\Documents\human_detect\work-zone-safety-rgbd-dataset\workzone_rgbd_dataset_wave2\images\2person-pavement_002527.png,2person-pavement_002527,2person-pavement,002527,rgb,2person-pavement_002527#1,281.070221,369.377716,421.724060,718.512268,2.775391,2.775391,<3,lidar_wave2,pavement,2person-pavement,2person-pavement_002527#1,workzone_wave2
C:\Users\jiahu\OneDrive\Documents\human_detect\work-zone-safety-rgbd-dataset\workzone_rgbd_dataset_wave2\images\2person-pavement_002527.png,2person-pavement_002527,2person-pavement,002527,rgb,2person-pavement_002527#2,645.689270,419.812958,735.240479,634.280640,3.945312,3.945312,3-6,lidar_wave2,pavement,2person-pavement,2person-pavement_002527#2,workzone_wave2
C:\Users\jiahu\OneDrive\Documents\human_detect\work-zone-safety-rgbd-dataset\workzone_rgbd_dataset_wave2\images\2person-pavement_002538.png,2person-pavement_002538,2person-pavement,002538,rgb,2person-pavement_002538#1,305.477081,379.565826,460.725677,719.477417,2.520508,2.520508,<3,lidar_wave2,pavement,2person-pavement,2person-pavement_002538#1,workzone_wave2
C:\Users\jiahu\OneDrive\Documents\human_detect\work-zone-safety-rgbd-dataset\workzone_rgbd_dataset_wave2\images\2person-pavement_002538.png,2person-pavement_002538,2person-pavement,002538,rgb,2person-pavement_002538#2,655.104736,437.367828,733.876526,655.949890,4.574219,4.574219,3-6,lidar_wave2,pavement,2person-pavement,2person-pavement_002538#2,workzone_wave2
C:\Users\jiahu\OneDrive\Documents\human_detect\work-zone-safety-rgbd-dataset\workzone_rgbd_dataset_wave2\images\2person-pavement_002549.png,2person-pavement_002549,2person-pavement,002549,rgb,2person-pavement_002549#1,235.575073,370.787689,398.540314,719.464050,2.437500,2.437500,<3,lidar_wave2,pavement,2person-pavement,2person-pavement_002549#1,workzone_wave2
C:\Users\jiahu\OneDrive\Documents\human_detect\work-zone-safety-rgbd-dataset\workzone_rgbd_dataset_wave2\images\2person-pavement_002549.png,2person-pavement_002549,2person-pavement,002549,rgb,2person-pavement_002549#2,647.523254,434.906708,749.275635,652.364014,4.937500,4.937500,3-6,lidar_wave2,pavement,2person-pavement,2person-pavement_002549#2,workzone_wave2
C:\Users\jiahu\OneDrive\Documents\human_detect\work-zone-safety-rgbd-dataset\workzone_rgbd_dataset_wave2\images\2person-pavement_002554.png,2person-pavement_002554,2person-pavement,002554,rgb,2person-pavement_002554#1,285.426392,372.745514,455.551514,719.489929,2.743164,2.743164,<3,lidar_wave2,pavement,2person-pavement,2person-pavement_002554#1,workzone_wave2
C:\Users\jiahu\OneDrive\Documents\human_detect\work-zone-safety-rgbd-dataset\workzone_rgbd_dataset_wave2\images\2person-pavement_002554.png,2person-pavement_002554,2person-pavement,002554,rgb,2person-pavement_002554#2,686.295227,433.198883,779.493896,645.517151,4.054688,4.054688,3-6,lidar_wave2,pavement,2person-pavement,2person-pavement_002554#2,workzone_wave2
C:\Users\jiahu\OneDrive\Documents\human_detect\work-zone-safety-rgbd-dataset\workzone_rgbd_dataset_wave2\images\2person-pavement_002560.png,2person-pavement_002560,2person-pavement,002560,rgb,2person-pavement_002560#1,353.388672,382.000092,461.200653,719.778809,2.974609,2.974609,<3,lidar_wave2,pavement,2person-pavement,2person-pavement_002560#1,workzone_wave2
C:\Users\jiahu\OneDrive\Documents\human_detect\work-zone-safety-rgbd-dataset\workzone_rgbd_dataset_wave2\images\2person-pavement_002560.png,2person-pavement_002560,2person-pavement,002560,rgb,2person-pavement_002560#2,734.770386,438.293335,846.179626,644.458740,4.523438,4.523438,3-6,lidar_wave2,pavement,2person-pavement,2person-pavement_002560#2,workzone_wave2
C:\Users\jiahu\OneDrive\Documents\human_detect\work-zone-safety-rgbd-dataset\workzone_rgbd_dataset_wave2\images\2person-pavement_002579.png,2person-pavement_002579,2person-pavement,002579,rgb,2person-pavement_002579#1,521.093872,371.592407,636.795105,668.910095,4.222656,4.222656,3-6,lidar_wave2,pavement,2person-pavement,2person-pavement_002579#1,workzone_wave2
C:\Users\jiahu\OneDrive\Documents\human_detect\work-zone-safety-rgbd-dataset\workzone_rgbd_dataset_wave2\images\2person-pavement_002579.png,2person-pavement_002579,2person-pavement,002579,rgb,2person-pavement_002579#2,836.118713,437.368286,954.653870,636.291382,6.945312,6.945312,>6,lidar_wave2,pavement,2person-pavement,2person-pavement_002579#2,workzone_wave2
C:\Users\jiahu\OneDrive\Documents\human_detect\work-zone-safety-rgbd-dataset\workzone_rgbd_dataset_wave2\images\2person-pavement_002588.png,2person-pavement_002588,2person-pavement,002588,rgb,2person-pavement_002588#1,649.792297,377.119537,788.542480,677.215454,4.126953,4.126953,3-6,lidar_wave2,pavement,2person-pavement,2person-pavement_002588#1,workzone_wave2
C:\Users\jiahu\OneDrive\Documents\human_detect\work-zone-safety-rgbd-dataset\workzone_rgbd_dataset_wave2\images\2person-pavement_002590.png,2person-pavement_002590,2person-pavement,002590,rgb,2person-pavement_002590#1,713.053772,366.625214,848.038757,658.145569,4.156250,4.156250,3-6,lidar_wave2,pavement,2person-pavement,2person-pavement_002590#1,workzone_wave2
C:\Users\jiahu\OneDrive\Documents\human_detect\work-zone-safety-rgbd-dataset\workzone_rgbd_dataset_wave2\images\2person-pavement_002606.png,2person-pavement_002606,2person-pavement,002606,rgb,2person-pavement_002606#1,541.444031,368.733246,606.794373,583.543701,5.662109,5.662109,3-6,lidar_wave2,pavement,2person-pavement,2person-pavement_002606#1,workzone_wave2
C:\Users\jiahu\OneDrive\Documents\human_detect\work-zone-safety-rgbd-dataset\workzone_rgbd_dataset_wave2\images\2person-pavement_002606.png,2person-pavement_002606,2person-pavement,002606,rgb,2person-pavement_002606#2,665.069519,394.045258,737.345398,606.402344,5.601562,5.601562,3-6,lidar_wave2,pavement,2person-pavement,2person-pavement_002606#2,workzone_wave2
C:\Users\jiahu\OneDrive\Documents\human_detect\work-zone-safety-rgbd-dataset\workzone_rgbd_dataset_wave2\images\2person-pavement_002610.png,2person-pavement_002610,2person-pavement,002610,rgb,2person-pavement_002610#1,501.414276,343.241730,578.962891,551.180847,6.050781,6.050781,>6,lidar_wave2,pavement,2person-pavement,2person-pavement_002610#1,workzone_wave2
C:\Users\jiahu\OneDrive\Documents\human_detect\work-zone-safety-rgbd-dataset\workzone_rgbd_dataset_wave2\images\2person-pavement_002610.png,2person-pavement_002610,2person-pavement,002610,rgb,2person-pavement_002610#2,588.926880,372.717499,663.030945,565.062805,5.761719,5.761719,3-6,lidar_wave2,pavement,2person-pavement,2person-pavement_002610#2,workzone_wave2
C:\Users\jiahu\OneDrive\Documents\human_detect\work-zone-safety-rgbd-dataset\workzone_rgbd_dataset_wave2\images\2person-pavement_002628.png,2person-pavement_002628,2person-pavement,002628,rgb,2person-pavement_002628#1,463.037564,351.737614,537.807675,590.955754,6.359375,6.359375,>6,lidar_wave2,pavement,2person-pavement,2person-pavement_002628#1,workzone_wave2
C:\Users\jiahu\OneDrive\Documents\human_detect\work-zone-safety-rgbd-dataset\workzone_rgbd_dataset_wave2\images\2person-pavement_002628.png,2person-pavement_002628,2person-pavement,002628,rgb,2person-pavement_002628#2,483.636587,362.507120,617.021597,711.676767,3.410156,3.410156,3-6,lidar_wave2,pavement,2person-pavement,2person-pavement_002628#2,workzone_wave2
C:\Users\jiahu\OneDrive\Documents\human_detect\work-zone-safety-rgbd-dataset\workzone_rgbd_dataset_wave2\images\2person-pavement_002638.png,2person-pavement_002638,2person-pavement,002638,rgb,2person-pavement_002638#1,408.658630,354.212585,601.751587,719.714905,2.035156,2.035156,<3,lidar_wave2,pavement,2person-pavement,2person-pavement_002638#1,workzone_wave2
C:\Users\jiahu\OneDrive\Documents\human_detect\work-zone-safety-rgbd-dataset\workzone_rgbd_dataset_wave2\images\2person-pavement_002638.png,2person-pavement_002638,2person-pavement,002638,rgb,2person-pavement_002638#2,548.611084,324.092529,621.037109,635.996216,3.927734,3.927734,3-6,lidar_wave2,pavement,2person-pavement,2person-pavement_002638#2,workzone_wave2
C:\Users\jiahu\OneDrive\Documents\human_detect\work-zone-safety-rgbd-dataset\workzone_rgbd_dataset_wave2\images\2person-pavement_002646.png,2person-pavement_002646,2person-pavement,002646,rgb,2person-pavement_002646#1,253.214951,336.309082,482.107086,719.184448,1.180664,1.180664,<3,lidar_wave2,pavement,2person-pavement,2person-pavement_002646#1,workzone_wave2
C:\Users\jiahu\OneDrive\Documents\human_detect\work-zone-safety-rgbd-dataset\workzone_rgbd_dataset_wave2\images\2person-pavement_002646.png,2person-pavement_002646,2person-pavement,002646,rgb,2person-pavement_002646#2,553.913147,323.618713,717.135559,719.049988,2.925781,2.925781,<3,lidar_wave2,pavement,2person-pavement,2person-pavement_002646#2,workzone_wave2
C:\Users\jiahu\OneDrive\Documents\human_detect\work-zone-safety-rgbd-dataset\workzone_rgbd_dataset_wave2\images\2person-pavement_002652.png,2person-pavement_002652,2person-pavement,002652,rgb,2person-pavement_002652#1,0.302582,337.481873,309.718872,719.373779,0.916992,0.916992,<3,lidar_wave2,pavement,2person-pavement,2person-pavement_002652#1,workzone_wave2
C:\Users\jiahu\OneDrive\Documents\human_detect\work-zone-safety-rgbd-dataset\workzone_rgbd_dataset_wave2\images\2person-pavement_002652.png,2person-pavement_002652,2person-pavement,002652,rgb,2person-pavement_002652#2,519.563416,334.619385,711.093384,718.871704,2.382812,2.382812,<3,lidar_wave2,pavement,2person-pavement,2person-pavement_002652#2,workzone_wave2
C:\Users\jiahu\OneDrive\Documents\human_detect\work-zone-safety-rgbd-dataset\workzone_rgbd_dataset_wave2\images\2person-pavement_002662.png,2person-pavement_002662,2person-pavement,002662,rgb,2person-pavement_002662#1,0.688820,352.151001,198.570740,719.437866,0.851562,0.851562,<3,lidar_wave2,pavement,2person-pavement,2person-pavement_002662#1,workzone_wave2
C:\Users\jiahu\OneDrive\Documents\human_detect\work-zone-safety-rgbd-dataset\workzone_rgbd_dataset_wave2\images\2person-pavement_002662.png,2person-pavement_002662,2person-pavement,002662,rgb,2person-pavement_002662#2,471.518372,323.021210,727.543274,719.308472,1.729492,1.729492,<3,lidar_wave2,pavement,2person-pavement,2person-pavement_002662#2,workzone_wave2
C:\Users\jiahu\OneDrive\Documents\human_detect\work-zone-safety-rgbd-dataset\workzone_rgbd_dataset_wave2\images\2person-pavement_002678.png,2person-pavement_002678,2person-pavement,002678,rgb,2person-pavement_002678#1,371.060089,337.513550,509.343933,719.606689,2.888672,2.888672,<3,lidar_wave2,pavement,2person-pavement,2person-pavement_002678#1,workzone_wave2
C:\Users\jiahu\OneDrive\Documents\human_detect\work-zone-safety-rgbd-dataset\workzone_rgbd_dataset_wave2\images\2person-pavement_002678.png,2person-pavement_002678,2person-pavement,002678,rgb,2person-pavement_002678#2,501.149963,381.382599,691.070251,719.528015,1.756836,1.756836,<3,lidar_wave2,pavement,2person-pavement,2person-pavement_002678#2,workzone_wave2
C:\Users\jiahu\OneDrive\Documents\human_detect\work-zone-safety-rgbd-dataset\workzone_rgbd_dataset_wave2\images\2person-pavement_002683.png,2person-pavement_002683,2person-pavement,002683,rgb,2person-pavement_002683#1,335.174011,347.832916,480.108398,697.333435,3.628906,3.628906,3-6,lidar_wave2,pavement,2person-pavement,2person-pavement_002683#1,workzone_wave2
C:\Users\jiahu\OneDrive\Documents\human_detect\work-zone-safety-rgbd-dataset\workzone_rgbd_dataset_wave2\images\2person-pavement_002683.png,2person-pavement_002683,2person-pavement,002683,rgb,2person-pavement_002683#2,570.674011,403.039398,776.553772,719.434387,2.402344,2.402344,<3,lidar_wave2,pavement,2person-pavement,2person-pavement_002683#2,workzone_wave2
C:\Users\jiahu\OneDrive\Documents\human_detect\work-zone-safety-rgbd-dataset\workzone_rgbd_dataset_wave2\images\2person-pavement_002694.png,2person-pavement_002694,2person-pavement,002694,rgb,2person-pavement_002694#1,339.359528,334.793793,427.827026,561.540771,5.359375,5.359375,3-6,lidar_wave2,pavement,2person-pavement,2person-pavement_002694#1,workzone_wave2
C:\Users\jiahu\OneDrive\Documents\human_detect\work-zone-safety-rgbd-dataset\workzone_rgbd_dataset_wave2\images\2person-pavement_002694.png,2person-pavement_002694,2person-pavement,002694,rgb,2person-pavement_002694#2,643.213806,368.382111,749.492432,630.304504,4.160156,4.160156,3-6,lidar_wave2,pavement,2person-pavement,2person-pavement_002694#2,workzone_wave2
C:\Users\jiahu\OneDrive\Documents\human_detect\work-zone-safety-rgbd-dataset\workzone_rgbd_dataset_wave2\images\2person-pavement_002702.png,2person-pavement_002702,2person-pavement,002702,rgb,2person-pavement_002702#1,397.151581,351.233124,474.955200,540.885071,6.464844,6.464844,>6,lidar_wave2,pavement,2person-pavement,2person-pavement_002702#1,workzone_wave2
C:\Users\jiahu\OneDrive\Documents\human_detect\work-zone-safety-rgbd-dataset\workzone_rgbd_dataset_wave2\images\2person-pavement_002702.png,2person-pavement_002702,2person-pavement,002702,rgb,2person-pavement_002702#2,709.354126,380.854218,799.477173,605.181885,5.003906,5.003906,3-6,lidar_wave2,pavement,2person-pavement,2person-pavement_002702#2,workzone_wave2
C:\Users\jiahu\OneDrive\Documents\human_detect\work-zone-safety-rgbd-dataset\workzone_rgbd_dataset_wave2\images\2person-pavement_002713.png,2person-pavement_002713,2person-pavement,002713,rgb,2person-pavement_002713#1,315.987885,369.776184,391.784485,543.559387,7.076172,7.076172,>6,lidar_wave2,pavement,2person-pavement,2person-pavement_002713#1,workzone_wave2
C:\Users\jiahu\OneDrive\Documents\human_detect\work-zone-safety-rgbd-dataset\workzone_rgbd_dataset_wave2\images\2person-pavement_002713.png,2person-pavement_002713,2person-pavement,002713,rgb,2person-pavement_002713#2,651.915894,396.024994,729.645508,586.994934,6.003906,6.003906,>6,lidar_wave2,pavement,2person-pavement,2person-pavement_002713#2,workzone_wave2
C:\Users\jiahu\OneDrive\Documents\human_detect\work-zone-safety-rgbd-dataset\workzone_rgbd_dataset_wave2\images\2person-pavement_002722.png,2person-pavement_002722,2person-pavement,002722,rgb,2person-pavement_002722#1,164.266205,345.592163,233.639603,526.979370,6.808594,6.808594,>6,lidar_wave2,pavement,2person-pavement,2person-pavement_002722#1,workzone_wave2
C:\Users\jiahu\OneDrive\Documents\human_detect\work-zone-safety-rgbd-dataset\workzone_rgbd_dataset_wave2\images\2person-pavement_002722.png,2person-pavement_002722,2person-pavement,002722,rgb,2person-pavement_002722#2,494.744873,376.841583,580.870239,549.851318,6.585938,6.585938,>6,lidar_wave2,pavement,2person-pavement,2person-pavement_002722#2,workzone_wave2
C:\Users\jiahu\OneDrive\Documents\human_detect\work-zone-safety-rgbd-dataset\workzone_rgbd_dataset_wave2\images\2person-pavement_002733.png,2person-pavement_002733,2person-pavement,002733,rgb,2person-pavement_002733#1,165.113617,335.653290,230.962097,503.844727,7.281250,7.281250,>6,lidar_wave2,pavement,2person-pavement,2person-pavement_002733#1,workzone_wave2
C:\Users\jiahu\OneDrive\Documents\human_detect\work-zone-safety-rgbd-dataset\workzone_rgbd_dataset_wave2\images\2person-pavement_002733.png,2person-pavement_002733,2person-pavement,002733,rgb,2person-pavement_002733#2,486.798431,362.045654,551.117126,516.028076,7.058594,7.058594,>6,lidar_wave2,pavement,2person-pavement,2person-pavement_002733#2,workzone_wave2
C:\Users\jiahu\OneDrive\Documents\human_detect\work-zone-safety-rgbd-dataset\workzone_rgbd_dataset_wave2\images\2person-pavement_002744.png,2person-pavement_002744,2person-pavement,002744,rgb,2person-pavement_002744#1,200.091064,356.860779,266.755859,528.477356,7.328125,7.328125,>6,lidar_wave2,pavement,2person-pavement,2person-pavement_002744#1,workzone_wave2
C:\Users\jiahu\OneDrive\Documents\human_detect\work-zone-safety-rgbd-dataset\workzone_rgbd_dataset_wave2\images\2person-pavement_002744.png,2person-pavement_002744,2person-pavement,002744,rgb,2person-pavement_002744#2,530.046997,382.372650,598.252441,549.242859,6.847656,6.847656,>6,lidar_wave2,pavement,2person-pavement,2person-pavement_002744#2,workzone_wave2
C:\Users\jiahu\OneDrive\Documents\human_detect\work-zone-safety-rgbd-dataset\workzone_rgbd_dataset_wave2\images\2person-pavement_002749.png,2person-pavement_002749,2person-pavement,002749,rgb,2person-pavement_002749#1,187.199005,385.180756,269.302490,563.983582,7.183594,7.183594,>6,lidar_wave2,pavement,2person-pavement,2person-pavement_002749#1,workzone_wave2
C:\Users\jiahu\OneDrive\Documents\human_detect\work-zone-safety-rgbd-dataset\workzone_rgbd_dataset_wave2\images\2person-pavement_002749.png,2person-pavement_002749,2person-pavement,002749,rgb,2person-pavement_002749#2,538.920044,428.641296,603.177979,604.673767,6.507812,6.507812,>6,lidar_wave2,pavement,2person-pavement,2person-pavement_002749#2,workzone_wave2
C:\Users\jiahu\OneDrive\Documents\human_detect\work-zone-safety-rgbd-dataset\workzone_rgbd_dataset_wave2\images\2person-pavement_002760.png,2person-pavement_002760,2person-pavement,002760,rgb,2person-pavement_002760#1,194.581970,377.614502,282.393219,567.762756,6.494141,6.494141,>6,lidar_wave2,pavement,2person-pavement,2person-pavement_002760#1,workzone_wave2
C:\Users\jiahu\OneDrive\Documents\human_detect\work-zone-safety-rgbd-dataset\workzone_rgbd_dataset_wave2\images\2person-pavement_002760.png,2person-pavement_002760,2person-pavement,002760,rgb,2person-pavement_002760#2,529.216736,418.364502,602.071899,610.010803,5.992188,5.992188,3-6,lidar_wave2,pavement,2person-pavement,2person-pavement_002760#2,workzone_wave2
C:\Users\jiahu\OneDrive\Documents\human_detect\work-zone-safety-rgbd-dataset\workzone_rgbd_dataset_wave2\images\2person-pavement_002772.png,2person-pavement_002772,2person-pavement,002772,rgb,2person-pavement_002772#1,194.288727,354.013550,272.449860,558.962769,7.406250,7.406250,>6,lidar_wave2,pavement,2person-pavement,2person-pavement_002772#1,workzone_wave2
C:\Users\jiahu\OneDrive\Documents\human_detect\work-zone-safety-rgbd-dataset\workzone_rgbd_dataset_wave2\images\2person-pavement_002772.png,2person-pavement_002772,2person-pavement,002772,rgb,2person-pavement_002772#2,466.477570,395.698151,546.428162,608.058167,5.343750,5.343750,3-6,lidar_wave2,pavement,2person-pavement,2person-pavement_002772#2,workzone_wave2
C:\Users\jiahu\OneDrive\Documents\human_detect\work-zone-safety-rgbd-dataset\workzone_rgbd_dataset_wave2\images\2person-pavement_002785.png,2person-pavement_002785,2person-pavement,002785,rgb,2person-pavement_002785#1,259.081604,336.683044,327.587677,593.621765,4.773438,4.773438,3-6,lidar_wave2,pavement,2person-pavement,2person-pavement_002785#1,workzone_wave2
C:\Users\jiahu\OneDrive\Documents\human_detect\work-zone-safety-rgbd-dataset\workzone_rgbd_dataset_wave2\images\2person-pavement_002785.png,2person-pavement_002785,2person-pavement,002785,rgb,2person-pavement_002785#2,467.329102,379.660278,572.471375,634.187134,4.578125,4.578125,3-6,lidar_wave2,pavement,2person-pavement,2person-pavement_002785#2,workzone_wave2
C:\Users\jiahu\OneDrive\Documents\human_detect\work-zone-safety-rgbd-dataset\workzone_rgbd_dataset_wave2\images\2person-pavement_002797.png,2person-pavement_002797,2person-pavement,002797,rgb,2person-pavement_002797#1,273.413666,286.144714,419.660645,672.665955,3.205078,3.205078,3-6,lidar_wave2,pavement,2person-pavement,2person-pavement_002797#1,workzone_wave2
C:\Users\jiahu\OneDrive\Documents\human_detect\work-zone-safety-rgbd-dataset\workzone_rgbd_dataset_wave2\images\2person-pavement_002797.png,2person-pavement_002797,2person-pavement,002797,rgb,2person-pavement_002797#2,542.033936,354.727661,670.373718,634.009827,4.132812,4.132812,3-6,lidar_wave2,pavement,2person-pavement,2person-pavement_002797#2,workzone_wave2
C:\Users\jiahu\OneDrive\Documents\human_detect\work-zone-safety-rgbd-dataset\workzone_rgbd_dataset_wave2\images\2person-pavement_002808.png,2person-pavement_002808,2person-pavement,002808,rgb,2person-pavement_002808#1,88.724716,255.128372,245.210312,720.000000,1.790039,1.790039,<3,lidar_wave2,pavement,2person-pavement,2person-pavement_002808#1,workzone_wave2
C:\Users\jiahu\OneDrive\Documents\human_detect\work-zone-safety-rgbd-dataset\workzone_rgbd_dataset_wave2\images\2person-pavement_002808.png,2person-pavement_002808,2person-pavement,002808,rgb,2person-pavement_002808#2,600.584656,362.971985,727.401123,669.889893,3.718750,3.718750,3-6,lidar_wave2,pavement,2person-pavement,2person-pavement_002808#2,workzone_wave2
C:\Users\jiahu\OneDrive\Documents\human_detect\work-zone-safety-rgbd-dataset\workzone_rgbd_dataset_wave2\images\2person-pavement_002809.png,2person-pavement_002809,2person-pavement,002809,rgb,2person-pavement_002809#1,0.605833,238.698349,191.694824,719.438416,1.735352,1.735352,<3,lidar_wave2,pavement,2person-pavement,2person-pavement_002809#1,workzone_wave2
C:\Users\jiahu\OneDrive\Documents\human_detect\work-zone-safety-rgbd-dataset\workzone_rgbd_dataset_wave2\images\2person-pavement_002809.png,2person-pavement_002809,2person-pavement,002809,rgb,2person-pavement_002809#2,604.348999,368.233063,706.538086,670.210205,3.648438,3.648438,3-6,lidar_wave2,pavement,2person-pavement,2person-pavement_002809#2,workzone_wave2
C:\Users\jiahu\OneDrive\Documents\human_detect\work-zone-safety-rgbd-dataset\workzone_rgbd_dataset_wave2\images\2person-pavement_002828.png,2person-pavement_002828,2person-pavement,002828,rgb,2person-pavement_002828#1,433.948334,359.165009,603.554871,719.481262,2.244141,2.244141,<3,lidar_wave2,pavement,2person-pavement,2person-pavement_002828#1,workzone_wave2
C:\Users\jiahu\OneDrive\Documents\human_detect\work-zone-safety-rgbd-dataset\workzone_rgbd_dataset_wave2\images\2person-pavement_002838.png,2person-pavement_002838,2person-pavement,002838,rgb,2person-pavement_002838#1,432.166718,339.181824,629.866760,719.430420,1.377930,1.377930,<3,lidar_wave2,pavement,2person-pavement,2person-pavement_002838#1,workzone_wave2
C:\Users\jiahu\OneDrive\Documents\human_detect\work-zone-safety-rgbd-dataset\workzone_rgbd_dataset_wave2\images\2person-pavement_002846.png,2person-pavement_002846,2person-pavement,002846,rgb,2person-pavement_002846#1,292.666473,303.169220,560.158081,719.427612,1.100586,1.100586,<3,lidar_wave2,pavement,2person-pavement,2person-pavement_002846#1,workzone_wave2
C:\Users\jiahu\OneDrive\Documents\human_detect\work-zone-safety-rgbd-dataset\workzone_rgbd_dataset_wave2\images\2person-pavement_002858.png,2person-pavement_002858,2person-pavement,002858,rgb,2person-pavement_002858#1,258.390564,296.759491,353.105530,522.351257,5.558594,5.558594,3-6,lidar_wave2,pavement,2person-pavement,2person-pavement_002858#1,workzone_wave2
C:\Users\jiahu\OneDrive\Documents\human_detect\work-zone-safety-rgbd-dataset\workzone_rgbd_dataset_wave2\images\2person-pavement_002858.png,2person-pavement_002858,2person-pavement,002858,rgb,2person-pavement_002858#2,766.130981,357.314209,959.200378,719.182434,1.775391,1.775391,<3,lidar_wave2,pavement,2person-pavement,2person-pavement_002858#2,workzone_wave2
C:\Users\jiahu\OneDrive\Documents\human_detect\work-zone-safety-rgbd-dataset\workzone_rgbd_dataset_wave2\images\2person-pavement_002866.png,2person-pavement_002866,2person-pavement,002866,rgb,2person-pavement_002866#1,321.491669,269.773041,376.786407,455.411499,6.394531,6.394531,>6,lidar_wave2,pavement,2person-pavement,2person-pavement_002866#1,workzone_wave2
C:\Users\jiahu\OneDrive\Documents\human_detect\work-zone-safety-rgbd-dataset\workzone_rgbd_dataset_wave2\images\2person-pavement_002866.png,2person-pavement_002866,2person-pavement,002866,rgb,2person-pavement_002866#2,685.105042,318.981689,852.119934,719.757080,2.775391,2.775391,<3,lidar_wave2,pavement,2person-pavement,2person-pavement_002866#2,workzone_wave2
C:\Users\jiahu\OneDrive\Documents\human_detect\work-zone-safety-rgbd-dataset\workzone_rgbd_dataset_wave2\images\2person-pavement_002873.png,2person-pavement_002873,2person-pavement,002873,rgb,2person-pavement_002873#1,263.093170,263.834930,330.823517,451.298431,6.609375,6.609375,>6,lidar_wave2,pavement,2person-pavement,2person-pavement_002873#1,workzone_wave2
C:\Users\jiahu\OneDrive\Documents\human_detect\work-zone-safety-rgbd-dataset\workzone_rgbd_dataset_wave2\images\2person-pavement_002873.png,2person-pavement_002873,2person-pavement,002873,rgb,2person-pavement_002873#2,601.971497,307.887177,725.358765,629.590820,3.406250,3.406250,3-6,lidar_wave2,pavement,2person-pavement,2person-pavement_002873#2,workzone_wave2
C:\Users\jiahu\OneDrive\Documents\human_detect\work-zone-safety-rgbd-dataset\workzone_rgbd_dataset_wave2\images\2person-pavement_002885.png,2person-pavement_002885,2person-pavement,002885,rgb,2person-pavement_002885#1,287.567902,306.873413,357.496887,515.214905,5.990234,5.990234,3-6,lidar_wave2,pavement,2person-pavement,2person-pavement_002885#1,workzone_wave2
C:\Users\jiahu\OneDrive\Documents\human_detect\work-zone-safety-rgbd-dataset\workzone_rgbd_dataset_wave2\images\2person-pavement_002885.png,2person-pavement_002885,2person-pavement,002885,rgb,2person-pavement_002885#2,611.266907,346.388275,730.865356,670.457520,3.476562,3.476562,3-6,lidar_wave2,pavement,2person-pavement,2person-pavement_002885#2,workzone_wave2
C:\Users\jiahu\OneDrive\Documents\human_detect\work-zone-safety-rgbd-dataset\workzone_rgbd_dataset_wave2\images\2person-pavement_002893.png,2person-pavement_002893,2person-pavement,002893,rgb,2person-pavement_002893#1,255.726746,324.698181,363.791840,558.527588,5.398438,5.398438,3-6,lidar_wave2,pavement,2person-pavement,2person-pavement_002893#1,workzone_wave2
C:\Users\jiahu\OneDrive\Documents\human_detect\work-zone-safety-rgbd-dataset\workzone_rgbd_dataset_wave2\images\2person-pavement_002893.png,2person-pavement_002893,2person-pavement,002893,rgb,2person-pavement_002893#2,587.098877,363.798920,708.966003,718.783081,3.283203,3.283203,3-6,lidar_wave2,pavement,2person-pavement,2person-pavement_002893#2,workzone_wave2
C:\Users\jiahu\OneDrive\Documents\human_detect\work-zone-safety-rgbd-dataset\workzone_rgbd_dataset_wave2\images\2person-pavement_002904.png,2person-pavement_002904,2person-pavement,002904,rgb,2person-pavement_002904#1,302.914429,323.154144,393.349437,613.614560,4.222656,4.222656,3-6,lidar_wave2,pavement,2person-pavement,2person-pavement_002904#1,workzone_wave2
C:\Users\jiahu\OneDrive\Documents\human_detect\work-zone-safety-rgbd-dataset\workzone_rgbd_dataset_wave2\images\2person-pavement_002904.png,2person-pavement_002904,2person-pavement,002904,rgb,2person-pavement_002904#2,570.254333,366.214874,697.663513,719.604553,2.849609,2.849609,<3,lidar_wave2,pavement,2person-pavement,2person-pavement_002904#2,workzone_wave2
C:\Users\jiahu\OneDrive\Documents\human_detect\work-zone-safety-rgbd-dataset\workzone_rgbd_dataset_wave2\images\2person-pavement_002910.png,2person-pavement_002910,2person-pavement,002910,rgb,2person-pavement_002910#1,360.257294,313.998566,466.454163,673.238159,3.511719,3.511719,3-6,lidar_wave2,pavement,2person-pavement,2person-pavement_002910#1,workzone_wave2
C:\Users\jiahu\OneDrive\Documents\human_detect\work-zone-safety-rgbd-dataset\workzone_rgbd_dataset_wave2\images\2person-pavement_002910.png,2person-pavement_002910,2person-pavement,002910,rgb,2person-pavement_002910#2,567.269165,356.888947,714.069763,719.445923,2.517578,2.517578,<3,lidar_wave2,pavement,2person-pavement,2person-pavement_002910#2,workzone_wave2
C:\Users\jiahu\OneDrive\Documents\human_detect\work-zone-safety-rgbd-dataset\workzone_rgbd_dataset_wave2\images\2person-pavement_002919.png,2person-pavement_002919,2person-pavement,002919,rgb,2person-pavement_002919#1,396.858852,282.197659,548.436289,719.933708,2.089844,2.089844,<3,lidar_wave2,pavement,2person-pavement,2person-pavement_002919#1,workzone_wave2
C:\Users\jiahu\OneDrive\Documents\human_detect\work-zone-safety-rgbd-dataset\workzone_rgbd_dataset_wave2\images\2person-pavement_002919.png,2person-pavement_002919,2person-pavement,002919,rgb,2person-pavement_002919#2,568.084666,351.903015,721.808482,720.000000,2.205078,2.205078,<3,lidar_wave2,pavement,2person-pavement,2person-pavement_002919#2,workzone_wave2
C:\Users\jiahu\OneDrive\Documents\human_detect\work-zone-safety-rgbd-dataset\workzone_rgbd_dataset_wave2\images\2person-pavement_002932.png,2person-pavement_002932,2person-pavement,002932,rgb,2person-pavement_002932#1,380.791168,308.524231,536.412048,719.081116,1.955078,1.955078,<3,lidar_wave2,pavement,2person-pavement,2person-pavement_002932#1,workzone_wave2
C:\Users\jiahu\OneDrive\Documents\human_detect\work-zone-safety-rgbd-dataset\workzone_rgbd_dataset_wave2\images\2person-pavement_002947.png,2person-pavement_002947,2person-pavement,002947,rgb,2person-pavement_002947#1,396.163513,286.164795,561.559570,718.899414,1.712402,1.712402,<3,lidar_wave2,pavement,2person-pavement,2person-pavement_002947#1,workzone_wave2
C:\Users\jiahu\OneDrive\Documents\human_detect\work-zone-safety-rgbd-dataset\workzone_rgbd_dataset_wave2\images\2person-pavement_002952.png,2person-pavement_002952,2person-pavement,002952,rgb,2person-pavement_002952#1,398.245789,320.688599,655.682800,719.537170,1.769531,1.769531,<3,lidar_wave2,pavement,2person-pavement,2person-pavement_002952#1,workzone_wave2
C:\Users\jiahu\OneDrive\Documents\human_detect\work-zone-safety-rgbd-dataset\workzone_rgbd_dataset_wave2\images\2person-pavement_002964.png,2person-pavement_002964,2person-pavement,002964,rgb,2person-pavement_002964#1,328.530182,320.232788,589.579468,719.464478,1.805664,1.805664,<3,lidar_wave2,pavement,2person-pavement,2person-pavement_002964#1,workzone_wave2
C:\Users\jiahu\OneDrive\Documents\human_detect\work-zone-safety-rgbd-dataset\workzone_rgbd_dataset_wave2\images\2person-pavement_002976.png,2person-pavement_002976,2person-pavement,002976,rgb,2person-pavement_002976#1,415.981384,324.860107,647.017151,719.701050,1.801758,1.801758,<3,lidar_wave2,pavement,2person-pavement,2person-pavement_002976#1,workzone_wave2
C:\Users\jiahu\OneDrive\Documents\human_detect\work-zone-safety-rgbd-dataset\workzone_rgbd_dataset_wave2\images\2person-pavement_002983.png,2person-pavement_002983,2person-pavement,002983,rgb,2person-pavement_002983#1,378.606415,323.637756,590.376892,719.472656,1.817383,1.817383,<3,lidar_wave2,pavement,2person-pavement,2person-pavement_002983#1,workzone_wave2
C:\Users\jiahu\OneDrive\Documents\human_detect\work-zone-safety-rgbd-dataset\workzone_rgbd_dataset_wave2\images\2person-pavement_002990.png,2person-pavement_002990,2person-pavement,002990,rgb,2person-pavement_002990#1,443.461121,304.707550,612.162781,719.671204,2.224609,2.224609,<3,lidar_wave2,pavement,2person-pavement,2person-pavement_002990#1,workzone_wave2
C:\Users\jiahu\OneDrive\Documents\human_detect\work-zone-safety-rgbd-dataset\workzone_rgbd_dataset_wave2\images\2person-pavement_003001.png,2person-pavement_003001,2person-pavement,003001,rgb,2person-pavement_003001#1,439.746735,323.739716,576.623901,662.296570,3.263672,3.263672,3-6,lidar_wave2,pavement,2person-pavement,2person-pavement_003001#1,workzone_wave2
C:\Users\jiahu\OneDrive\Documents\human_detect\work-zone-safety-rgbd-dataset\workzone_rgbd_dataset_wave2\images\2person-pavement_003018.png,2person-pavement_003018,2person-pavement,003018,rgb,2person-pavement_003018#1,402.001099,335.784210,482.021118,570.621155,4.796875,4.796875,3-6,lidar_wave2,pavement,2person-pavement,2person-pavement_003018#1,workzone_wave2
C:\Users\jiahu\OneDrive\Documents\human_detect\work-zone-safety-rgbd-dataset\workzone_rgbd_dataset_wave2\images\2person-pavement_003019.png,2person-pavement_003019,2person-pavement,003019,rgb,2person-pavement_003019#1,388.807892,336.466278,473.616852,570.483093,4.914062,4.914062,3-6,lidar_wave2,pavement,2person-pavement,2person-pavement_003019#1,workzone_wave2
C:\Users\jiahu\OneDrive\Documents\human_detect\work-zone-safety-rgbd-dataset\workzone_rgbd_dataset_wave2\images\2person-pavement_003029.png,2person-pavement_003029,2person-pavement,003029,rgb,2person-pavement_003029#1,360.152344,348.732239,429.899414,546.334778,5.617188,5.617188,3-6,lidar_wave2,pavement,2person-pavement,2person-pavement_003029#1,workzone_wave2
C:\Users\jiahu\OneDrive\Documents\human_detect\work-zone-safety-rgbd-dataset\workzone_rgbd_dataset_wave2\images\3people-garage_000009.png,3people-garage_000009,3people-garage,000009,rgb,3people-garage_000009#1,263.700012,302.734253,381.375580,718.673218,3.042969,3.042969,3-6,lidar_wave2,garage,3people-garage,3people-garage_000009#1,workzone_wave2
C:\Users\jiahu\OneDrive\Documents\human_detect\work-zone-safety-rgbd-dataset\workzone_rgbd_dataset_wave2\images\3people-garage_000013.png,3people-garage_000013,3people-garage,000013,rgb,3people-garage_000013#1,291.481415,312.369629,431.789154,700.710876,3.255859,3.255859,3-6,lidar_wave2,garage,3people-garage,3people-garage_000013#1,workzone_wave2
C:\Users\jiahu\OneDrive\Documents\human_detect\work-zone-safety-rgbd-dataset\workzone_rgbd_dataset_wave2\images\3people-garage_000022.png,3people-garage_000022,3people-garage,000022,rgb,3people-garage_000022#1,350.284119,321.853729,467.027252,651.536011,3.814453,3.814453,3-6,lidar_wave2,garage,3people-garage,3people-garage_000022#1,workzone_wave2
C:\Users\jiahu\OneDrive\Documents\human_detect\work-zone-safety-rgbd-dataset\workzone_rgbd_dataset_wave2\images\3people-garage_000039.png,3people-garage_000039,3people-garage,000039,rgb,3people-garage_000039#1,404.132523,334.703007,497.607634,588.182220,4.914062,4.914062,3-6,lidar_wave2,garage,3people-garage,3people-garage_000039#1,workzone_wave2
C:\Users\jiahu\OneDrive\Documents\human_detect\work-zone-safety-rgbd-dataset\workzone_rgbd_dataset_wave2\images\3people-garage_000039.png,3people-garage_000039,3people-garage,000039,rgb,3people-garage_000039#2,816.181641,188.724380,959.309326,719.219788,1.041016,1.041016,<3,lidar_wave2,garage,3people-garage,3people-garage_000039#2,workzone_wave2
C:\Users\jiahu\OneDrive\Documents\human_detect\work-zone-safety-rgbd-dataset\workzone_rgbd_dataset_wave2\images\3people-garage_000048.png,3people-garage_000048,3people-garage,000048,rgb,3people-garage_000048#1,436.779785,339.203827,529.172119,568.518066,5.503906,5.503906,3-6,lidar_wave2,garage,3people-garage,3people-garage_000048#1,workzone_wave2
C:\Users\jiahu\OneDrive\Documents\human_detect\work-zone-safety-rgbd-dataset\workzone_rgbd_dataset_wave2\images\3people-garage_000048.png,3people-garage_000048,3people-garage,000048,rgb,3people-garage_000048#2,614.907593,274.382446,814.162598,719.476685,2.091797,2.091797,<3,lidar_wave2,garage,3people-garage,3people-garage_000048#2,workzone_wave2
C:\Users\jiahu\OneDrive\Documents\human_detect\work-zone-safety-rgbd-dataset\workzone_rgbd_dataset_wave2\images\3people-garage_000055.png,3people-garage_000055,3people-garage,000055,rgb,3people-garage_000055#1,5.692039,286.686401,238.445343,719.571777,1.270508,1.270508,<3,lidar_wave2,garage,3people-garage,3people-garage_000055#1,workzone_wave2
C:\Users\jiahu\OneDrive\Documents\human_detect\work-zone-safety-rgbd-dataset\workzone_rgbd_dataset_wave2\images\3people-garage_000055.png,3people-garage_000055,3people-garage,000055,rgb,3people-garage_000055#2,478.749786,339.732605,546.885132,555.397522,5.820312,5.820312,3-6,lidar_wave2,garage,3people-garage,3people-garage_000055#2,workzone_wave2
C:\Users\jiahu\OneDrive\Documents\human_detect\work-zone-safety-rgbd-dataset\workzone_rgbd_dataset_wave2\images\3people-garage_000055.png,3people-garage_000055,3people-garage,000055,rgb,3people-garage_000055#3,535.704956,305.538300,689.524536,719.548157,2.716797,2.716797,<3,lidar_wave2,garage,3people-garage,3people-garage_000055#3,workzone_wave2
C:\Users\jiahu\OneDrive\Documents\human_detect\work-zone-safety-rgbd-dataset\workzone_rgbd_dataset_wave2\images\3people-garage_000060.png,3people-garage_000060,3people-garage,000060,rgb,3people-garage_000060#1,188.040436,299.364075,447.560608,719.465759,1.620117,1.620117,<3,lidar_wave2,garage,3people-garage,3people-garage_000060#1,workzone_wave2
C:\Users\jiahu\OneDrive\Documents\human_detect\work-zone-safety-rgbd-dataset\workzone_rgbd_dataset_wave2\images\3people-garage_000060.png,3people-garage_000060,3people-garage,000060,rgb,3people-garage_000060#2,487.298748,335.494108,556.056574,535.253207,6.296875,6.296875,>6,lidar_wave2,garage,3people-garage,3people-garage_000060#2,workzone_wave2
C:\Users\jiahu\OneDrive\Documents\human_detect\work-zone-safety-rgbd-dataset\workzone_rgbd_dataset_wave2\images\3people-garage_000060.png,3people-garage_000060,3people-garage,000060,rgb,3people-garage_000060#3,498.960137,316.647455,626.960350,715.357232,3.257812,3.257812,3-6,lidar_wave2,garage,3people-garage,3people-garage_000060#3,workzone_wave2
C:\Users\jiahu\OneDrive\Documents\human_detect\work-zone-safety-rgbd-dataset\workzone_rgbd_dataset_wave2\images\3people-garage_000079.png,3people-garage_000079,3people-garage,000079,rgb,3people-garage_000079#1,403.796722,346.351624,468.930084,573.623108,5.246094,5.246094,3-6,lidar_wave2,garage,3people-garage,3people-garage_000079#1,workzone_wave2
C:\Users\jiahu\OneDrive\Documents\human_detect\work-zone-safety-rgbd-dataset\workzone_rgbd_dataset_wave2\images\3people-garage_000079.png,3people-garage_000079,3people-garage,000079,rgb,3people-garage_000079#2,443.261078,347.034241,553.665039,713.528076,3.214844,3.214844,3-6,lidar_wave2,garage,3people-garage,3people-garage_000079#2,workzone_wave2
C:\Users\jiahu\OneDrive\Documents\human_detect\work-zone-safety-rgbd-dataset\workzone_rgbd_dataset_wave2\images\3people-garage_000079.png,3people-garage_000079,3people-garage,000079,rgb,3people-garage_000079#3,557.704529,348.050537,624.104919,521.357849,7.343750,7.343750,>6,lidar_wave2,garage,3people-garage,3people-garage_000079#3,workzone_wave2
C:\Users\jiahu\OneDrive\Documents\human_detect\work-zone-safety-rgbd-dataset\workzone_rgbd_dataset_wave2\images\3people-garage_000085.png,3people-garage_000085,3people-garage,000085,rgb,3people-garage_000085#1,393.638397,350.690369,459.140167,566.209412,5.816406,5.816406,3-6,lidar_wave2,garage,3people-garage,3people-garage_000085#1,workzone_wave2
C:\Users\jiahu\OneDrive\Documents\human_detect\work-zone-safety-rgbd-dataset\workzone_rgbd_dataset_wave2\images\3people-garage_000085.png,3people-garage_000085,3people-garage,000085,rgb,3people-garage_000085#2,443.124695,354.525818,539.689575,661.841858,3.815430,3.815430,3-6,lidar_wave2,garage,3people-garage,3people-garage_000085#2,workzone_wave2
C:\Users\jiahu\OneDrive\Documents\human_detect\work-zone-safety-rgbd-dataset\workzone_rgbd_dataset_wave2\images\3people-garage_000085.png,3people-garage_000085,3people-garage,000085,rgb,3people-garage_000085#3,564.390198,343.957703,622.861633,514.047485,7.371094,7.371094,>6,lidar_wave2,garage,3people-garage,3people-garage_000085#3,workzone_wave2
C:\Users\jiahu\OneDrive\Documents\human_detect\work-zone-safety-rgbd-dataset\workzone_rgbd_dataset_wave2\images\3people-garage_000090.png,3people-garage_000090,3people-garage,000090,rgb,3people-garage_000090#1,400.922424,350.490051,455.069458,539.411682,6.441406,6.441406,>6,lidar_wave2,garage,3people-garage,3people-garage_000090#1,workzone_wave2
C:\Users\jiahu\OneDrive\Documents\human_detect\work-zone-safety-rgbd-dataset\workzone_rgbd_dataset_wave2\images\3people-garage_000090.png,3people-garage_000090,3people-garage,000090,rgb,3people-garage_000090#2,423.597499,375.918740,517.990234,629.440796,4.207031,4.207031,3-6,lidar_wave2,garage,3people-garage,3people-garage_000090#2,workzone_wave2
C:\Users\jiahu\OneDrive\Documents\human_detect\work-zone-safety-rgbd-dataset\workzone_rgbd_dataset_wave2\images\3people-garage_000090.png,3people-garage_000090,3people-garage,000090,rgb,3people-garage_000090#3,574.248474,360.184845,618.259094,512.304077,7.419922,7.419922,>6,lidar_wave2,garage,3people-garage,3people-garage_000090#3,workzone_wave2
C:\Users\jiahu\OneDrive\Documents\human_detect\work-zone-safety-rgbd-dataset\workzone_rgbd_dataset_wave2\images\3people-garage_000108.png,3people-garage_000108,3people-garage,000108,rgb,3people-garage_000108#1,335.363098,355.429504,388.498749,501.943726,8.250000,8.250000,>6,lidar_wave2,garage,3people-garage,3people-garage_000108#1,workzone_wave2
C:\Users\jiahu\OneDrive\Documents\human_detect\work-zone-safety-rgbd-dataset\workzone_rgbd_dataset_wave2\images\3people-garage_000108.png,3people-garage_000108,3people-garage,000108,rgb,3people-garage_000108#2,403.615540,360.967621,465.621277,562.080750,5.816406,5.816406,3-6,lidar_wave2,garage,3people-garage,3people-garage_000108#2,workzone_wave2
C:\Users\jiahu\OneDrive\Documents\human_detect\work-zone-safety-rgbd-dataset\workzone_rgbd_dataset_wave2\images\3people-garage_000108.png,3people-garage_000108,3people-garage,000108,rgb,3people-garage_000108#3,526.909607,350.844727,590.655029,527.134644,6.964844,6.964844,>6,lidar_wave2,garage,3people-garage,3people-garage_000108#3,workzone_wave2
C:\Users\jiahu\OneDrive\Documents\human_detect\work-zone-safety-rgbd-dataset\workzone_rgbd_dataset_wave2\images\3people-garage_000116.png,3people-garage_000116,3people-garage,000116,rgb,3people-garage_000116#1,282.255341,356.305115,344.574646,498.415833,8.687500,8.687500,>6,lidar_wave2,garage,3people-garage,3people-garage_000116#1,workzone_wave2
C:\Users\jiahu\OneDrive\Documents\human_detect\work-zone-safety-rgbd-dataset\workzone_rgbd_dataset_wave2\images\3people-garage_000116.png,3people-garage_000116,3people-garage,000116,rgb,3people-garage_000116#2,393.846771,361.858154,452.389893,540.775330,6.507812,6.507812,>6,lidar_wave2,garage,3people-garage,3people-garage_000116#2,workzone_wave2
C:\Users\jiahu\OneDrive\Documents\human_detect\work-zone-safety-rgbd-dataset\workzone_rgbd_dataset_wave2\images\3people-garage_000116.png,3people-garage_000116,3people-garage,000116,rgb,3people-garage_000116#3,486.991974,348.146210,561.346619,537.895996,6.648438,6.648438,>6,lidar_wave2,garage,3people-garage,3people-garage_000116#3,workzone_wave2
C:\Users\jiahu\OneDrive\Documents\human_detect\work-zone-safety-rgbd-dataset\workzone_rgbd_dataset_wave2\images\3people-garage_000124.png,3people-garage_000124,3people-garage,000124,rgb,3people-garage_000124#1,226.332916,360.613403,285.164062,494.278931,9.187500,9.187500,>6,lidar_wave2,garage,3people-garage,3people-garage_000124#1,workzone_wave2
C:\Users\jiahu\OneDrive\Documents\human_detect\work-zone-safety-rgbd-dataset\workzone_rgbd_dataset_wave2\images\3people-garage_000124.png,3people-garage_000124,3people-garage,000124,rgb,3people-garage_000124#2,384.240143,372.172913,437.105164,526.833679,7.273438,7.273438,>6,lidar_wave2,garage,3people-garage,3people-garage_000124#2,workzone_wave2
C:\Users\jiahu\OneDrive\Documents\human_detect\work-zone-safety-rgbd-dataset\workzone_rgbd_dataset_wave2\images\3people-garage_000124.png,3people-garage_000124,3people-garage,000124,rgb,3people-garage_000124#3,443.260529,345.917175,502.855682,545.612366,6.378906,6.378906,>6,lidar_wave2,garage,3people-garage,3people-garage_000124#3,workzone_wave2
C:\Users\jiahu\OneDrive\Documents\human_detect\work-zone-safety-rgbd-dataset\workzone_rgbd_dataset_wave2\images\3people-garage_000139.png,3people-garage_000139,3people-garage,000139,rgb,3people-garage_000139#1,177.316147,358.985687,232.298645,493.839111,9.785156,9.785156,>6,lidar_wave2,garage,3people-garage,3people-garage_000139#1,workzone_wave2
C:\Users\jiahu\OneDrive\Documents\human_detect\work-zone-safety-rgbd-dataset\workzone_rgbd_dataset_wave2\images\3people-garage_000139.png,3people-garage_000139,3people-garage,000139,rgb,3people-garage_000139#2,334.067810,347.415161,384.332642,544.024170,6.261719,6.261719,>6,lidar_wave2,garage,3people-garage,3people-garage_000139#2,workzone_wave2
C:\Users\jiahu\OneDrive\Documents\human_detect\work-zone-safety-rgbd-dataset\workzone_rgbd_dataset_wave2\images\3people-garage_000139.png,3people-garage_000139,3people-garage,000139,rgb,3people-garage_000139#3,410.078888,364.855194,459.085785,502.230103,8.800781,8.800781,>6,lidar_wave2,garage,3people-garage,3people-garage_000139#3,workzone_wave2
C:\Users\jiahu\OneDrive\Documents\human_detect\work-zone-safety-rgbd-dataset\workzone_rgbd_dataset_wave2\images\3people-garage_000143.png,3people-garage_000143,3people-garage,000143,rgb,3people-garage_000143#1,179.606735,357.283356,230.815475,492.527435,9.445312,9.445312,>6,lidar_wave2,garage,3people-garage,3people-garage_000143#1,workzone_wave2
C:\Users\jiahu\OneDrive\Documents\human_detect\work-zone-safety-rgbd-dataset\workzone_rgbd_dataset_wave2\images\3people-garage_000143.png,3people-garage_000143,3people-garage,000143,rgb,3people-garage_000143#2,295.454987,346.194855,375.411346,547.376953,6.027344,6.027344,>6,lidar_wave2,garage,3people-garage,3people-garage_000143#2,workzone_wave2
C:\Users\jiahu\OneDrive\Documents\human_detect\work-zone-safety-rgbd-dataset\workzone_rgbd_dataset_wave2\images\3people-garage_000143.png,3people-garage_000143,3people-garage,000143,rgb,3people-garage_000143#3,433.054352,369.610504,483.370087,497.072784,8.679688,8.679688,>6,lidar_wave2,garage,3people-garage,3people-garage_000143#3,workzone_wave2
C:\Users\jiahu\OneDrive\Documents\human_detect\work-zone-safety-rgbd-dataset\workzone_rgbd_dataset_wave2\images\3people-garage_000152.png,3people-garage_000152,3people-garage,000152,rgb,3people-garage_000152#1,154.731570,358.243744,204.897875,495.733154,9.085938,9.085938,>6,lidar_wave2,garage,3people-garage,3people-garage_000152#1,workzone_wave2
C:\Users\jiahu\OneDrive\Documents\human_detect\work-zone-safety-rgbd-dataset\workzone_rgbd_dataset_wave2\images\3people-garage_000152.png,3people-garage_000152,3people-garage,000152,rgb,3people-garage_000152#2,232.490799,346.678925,294.296478,548.344788,6.136719,6.136719,>6,lidar_wave2,garage,3people-garage,3people-garage_000152#2,workzone_wave2
C:\Users\jiahu\OneDrive\Documents\human_detect\work-zone-safety-rgbd-dataset\workzone_rgbd_dataset_wave2\images\3people-garage_000152.png,3people-garage_000152,3people-garage,000152,rgb,3people-garage_000152#3,494.069763,368.658722,530.274902,494.183746,9.046875,9.046875,>6,lidar_wave2,garage,3people-garage,3people-garage_000152#3,workzone_wave2
C:\Users\jiahu\OneDrive\Documents\human_detect\work-zone-safety-rgbd-dataset\workzone_rgbd_dataset_wave2\images\3people-garage_000162.png,3people-garage_000162,3people-garage,000162,rgb,3people-garage_000162#1,188.372330,350.153900,253.324051,534.349915,6.812500,6.812500,>6,lidar_wave2,garage,3people-garage,3people-garage_000162#1,workzone_wave2
C:\Users\jiahu\OneDrive\Documents\human_detect\work-zone-safety-rgbd-dataset\workzone_rgbd_dataset_wave2\images\3people-garage_000162.png,3people-garage_000162,3people-garage,000162,rgb,3people-garage_000162#2,545.114685,373.628632,596.048523,499.892120,8.796875,8.796875,>6,lidar_wave2,garage,3people-garage,3people-garage_000162#2,workzone_wave2
C:\Users\jiahu\OneDrive\Documents\human_detect\work-zone-safety-rgbd-dataset\workzone_rgbd_dataset_wave2\images\3people-garage_000172.png,3people-garage_000172,3people-garage,000172,rgb,3people-garage_000172#1,192.702484,353.988007,252.939148,515.869080,7.505859,7.505859,>6,lidar_wave2,garage,3people-garage,3people-garage_000172#1,workzone_wave2
C:\Users\jiahu\OneDrive\Documents\human_detect\work-zone-safety-rgbd-dataset\workzone_rgbd_dataset_wave2\images\3people-garage_000172.png,3people-garage_000172,3people-garage,000172,rgb,3people-garage_000172#2,592.182312,372.171844,636.144836,512.964478,7.744141,7.744141,>6,lidar_wave2,garage,3people-garage,3people-garage_000172#2,workzone_wave2
C:\Users\jiahu\OneDrive\Documents\human_detect\work-zone-safety-rgbd-dataset\workzone_rgbd_dataset_wave2\images\3people-garage_000182.png,3people-garage_000182,3people-garage,000182,rgb,3people-garage_000182#1,215.855255,359.595978,268.166931,499.947784,8.664062,8.664062,>6,lidar_wave2,garage,3people-garage,3people-garage_000182#1,workzone_wave2
C:\Users\jiahu\OneDrive\Documents\human_detect\work-zone-safety-rgbd-dataset\workzone_rgbd_dataset_wave2\images\3people-garage_000182.png,3people-garage_000182,3people-garage,000182,rgb,3people-garage_000182#2,662.559692,365.558807,719.139648,525.646057,7.328125,7.328125,>6,lidar_wave2,garage,3people-garage,3people-garage_000182#2,workzone_wave2
C:\Users\jiahu\OneDrive\Documents\human_detect\work-zone-safety-rgbd-dataset\workzone_rgbd_dataset_wave2\images\3people-garage_000190.png,3people-garage_000190,3people-garage,000190,rgb,3people-garage_000190#1,227.535797,358.993591,285.119720,494.937042,9.171875,9.171875,>6,lidar_wave2,garage,3people-garage,3people-garage_000190#1,workzone_wave2
C:\Users\jiahu\OneDrive\Documents\human_detect\work-zone-safety-rgbd-dataset\workzone_rgbd_dataset_wave2\images\3people-garage_000190.png,3people-garage_000190,3people-garage,000190,rgb,3people-garage_000190#2,719.971985,369.278412,803.795288,531.009033,6.632812,6.632812,>6,lidar_wave2,garage,3people-garage,3people-garage_000190#2,workzone_wave2
C:\Users\jiahu\OneDrive\Documents\human_detect\work-zone-safety-rgbd-dataset\workzone_rgbd_dataset_wave2\images\3people-garage_000206.png,3people-garage_000206,3people-garage,000206,rgb,3people-garage_000206#1,266.421417,357.288940,328.208527,509.408661,8.171875,8.171875,>6,lidar_wave2,garage,3people-garage,3people-garage_000206#1,workzone_wave2
C:\Users\jiahu\OneDrive\Documents\human_detect\work-zone-safety-rgbd-dataset\workzone_rgbd_dataset_wave2\images\3people-garage_000206.png,3people-garage_000206,3people-garage,000206,rgb,3people-garage_000206#2,873.910950,368.462341,943.533192,534.960857,6.628906,6.628906,>6,lidar_wave2,garage,3people-garage,3people-garage_000206#2,workzone_wave2
C:\Users\jiahu\OneDrive\Documents\human_detect\work-zone-safety-rgbd-dataset\workzone_rgbd_dataset_wave2\images\3people-garage_000212.png,3people-garage_000212,3people-garage,000212,rgb,3people-garage_000212#1,291.179932,355.183533,347.991699,521.414368,7.914062,7.914062,>6,lidar_wave2,garage,3people-garage,3people-garage_000212#1,workzone_wave2
C:\Users\jiahu\OneDrive\Documents\human_detect\work-zone-safety-rgbd-dataset\workzone_rgbd_dataset_wave2\images\3people-garage_000212.png,3people-garage_000212,3people-garage,000212,rgb,3people-garage_000212#2,901.342163,362.296448,959.729004,531.567932,6.376953,6.376953,>6,lidar_wave2,garage,3people-garage,3people-garage_000212#2,workzone_wave2
C:\Users\jiahu\OneDrive\Documents\human_detect\work-zone-safety-rgbd-dataset\workzone_rgbd_dataset_wave2\images\3people-garage_000224.png,3people-garage_000224,3people-garage,000224,rgb,3people-garage_000224#1,335.777069,351.583679,397.097260,532.744019,6.861328,6.861328,>6,lidar_wave2,garage,3people-garage,3people-garage_000224#1,workzone_wave2
C:\Users\jiahu\OneDrive\Documents\human_detect\work-zone-safety-rgbd-dataset\workzone_rgbd_dataset_wave2\images\3people-garage_000224.png,3people-garage_000224,3people-garage,000224,rgb,3people-garage_000224#2,912.341492,361.832916,959.718933,520.474487,7.187500,7.187500,>6,lidar_wave2,garage,3people-garage,3people-garage_000224#2,workzone_wave2
C:\Users\jiahu\OneDrive\Documents\human_detect\work-zone-safety-rgbd-dataset\workzone_rgbd_dataset_wave2\images\3people-garage_000235.png,3people-garage_000235,3people-garage,000235,rgb,3people-garage_000235#1,375.354919,346.684021,444.774628,557.531616,6.019531,6.019531,>6,lidar_wave2,garage,3people-garage,3people-garage_000235#1,workzone_wave2
C:\Users\jiahu\OneDrive\Documents\human_detect\work-zone-safety-rgbd-dataset\workzone_rgbd_dataset_wave2\images\3people-garage_000235.png,3people-garage_000235,3people-garage,000235,rgb,3people-garage_000235#2,848.334595,366.748749,916.563171,508.136017,7.894531,7.894531,>6,lidar_wave2,garage,3people-garage,3people-garage_000235#2,workzone_wave2
C:\Users\jiahu\OneDrive\Documents\human_detect\work-zone-safety-rgbd-dataset\workzone_rgbd_dataset_wave2\images\3people-garage_000245.png,3people-garage_000245,3people-garage,000245,rgb,3people-garage_000245#1,0.173538,220.192383,231.557556,719.800964,1.377930,1.377930,<3,lidar_wave2,garage,3people-garage,3people-garage_000245#1,workzone_wave2
C:\Users\jiahu\OneDrive\Documents\human_detect\work-zone-safety-rgbd-dataset\workzone_rgbd_dataset_wave2\images\3people-garage_000245.png,3people-garage_000245,3people-garage,000245,rgb,3people-garage_000245#2,416.025146,341.306213,499.969757,577.518127,5.255859,5.255859,3-6,lidar_wave2,garage,3people-garage,3people-garage_000245#2,workzone_wave2
C:\Users\jiahu\OneDrive\Documents\human_detect\work-zone-safety-rgbd-dataset\workzone_rgbd_dataset_wave2\images\3people-garage_000245.png,3people-garage_000245,3people-garage,000245,rgb,3people-garage_000245#3,774.925598,369.132904,822.606995,502.435181,8.062500,8.062500,>6,lidar_wave2,garage,3people-garage,3people-garage_000245#3,workzone_wave2
C:\Users\jiahu\OneDrive\Documents\human_detect\work-zone-safety-rgbd-dataset\workzone_rgbd_dataset_wave2\images\3people-garage_000250.png,3people-garage_000250,3people-garage,000250,rgb,3people-garage_000250#1,256.530701,235.720596,503.853149,719.368652,1.232422,1.232422,<3,lidar_wave2,garage,3people-garage,3people-garage_000250#1,workzone_wave2
C:\Users\jiahu\OneDrive\Documents\human_detect\work-zone-safety-rgbd-dataset\workzone_rgbd_dataset_wave2\images\3people-garage_000250.png,3people-garage_000250,3people-garage,000250,rgb,3people-garage_000250#2,440.256683,337.203369,541.933472,595.898682,4.914062,4.914062,3-6,lidar_wave2,garage,3people-garage,3people-garage_000250#2,workzone_wave2
C:\Users\jiahu\OneDrive\Documents\human_detect\work-zone-safety-rgbd-dataset\workzone_rgbd_dataset_wave2\images\3people-garage_000250.png,3people-garage_000250,3people-garage,000250,rgb,3people-garage_000250#3,740.440796,365.960754,778.830505,503.809967,8.300781,8.300781,>6,lidar_wave2,garage,3people-garage,3people-garage_000250#3,workzone_wave2
C:\Users\jiahu\OneDrive\Documents\human_detect\work-zone-safety-rgbd-dataset\workzone_rgbd_dataset_wave2\images\3people-garage_000268.png,3people-garage_000268,3people-garage,000268,rgb,3people-garage_000268#1,549.054993,312.447601,678.662537,707.957031,3.333984,3.333984,3-6,lidar_wave2,garage,3people-garage,3people-garage_000268#1,workzone_wave2
C:\Users\jiahu\OneDrive\Documents\human_detect\work-zone-safety-rgbd-dataset\workzone_rgbd_dataset_wave2\images\3people-garage_000273.png,3people-garage_000273,3people-garage,000273,rgb,3people-garage_000273#1,587.835449,302.142303,776.668091,718.909607,2.833984,2.833984,<3,lidar_wave2,garage,3people-garage,3people-garage_000273#1,workzone_wave2
C:\Users\jiahu\OneDrive\Documents\human_detect\work-zone-safety-rgbd-dataset\workzone_rgbd_dataset_wave2\images\3people-garage_000285.png,3people-garage_000285,3people-garage,000285,rgb,3people-garage_000285#1,506.324158,367.229919,554.461670,519.251465,7.339844,7.339844,>6,lidar_wave2,garage,3people-garage,3people-garage_000285#1,workzone_wave2
C:\Users\jiahu\OneDrive\Documents\human_detect\work-zone-safety-rgbd-dataset\workzone_rgbd_dataset_wave2\images\3people-garage_000285.png,3people-garage_000285,3people-garage,000285,rgb,3people-garage_000285#2,829.028870,258.189423,959.295227,719.273865,1.917969,1.917969,<3,lidar_wave2,garage,3people-garage,3people-garage_000285#2,workzone_wave2
C:\Users\jiahu\OneDrive\Documents\human_detect\work-zone-safety-rgbd-dataset\workzone_rgbd_dataset_wave2\images\3people-garage_000295.png,3people-garage_000295,3people-garage,000295,rgb,3people-garage_000295#1,422.311646,366.995178,497.782959,533.257690,6.792969,6.792969,>6,lidar_wave2,garage,3people-garage,3people-garage_000295#1,workzone_wave2
C:\Users\jiahu\OneDrive\Documents\human_detect\work-zone-safety-rgbd-dataset\workzone_rgbd_dataset_wave2\images\3people-garage_000308.png,3people-garage_000308,3people-garage,000308,rgb,3people-garage_000308#1,328.798859,372.933014,405.717621,548.864197,6.492188,6.492188,>6,lidar_wave2,garage,3people-garage,3people-garage_000308#1,workzone_wave2
C:\Users\jiahu\OneDrive\Documents\human_detect\work-zone-safety-rgbd-dataset\workzone_rgbd_dataset_wave2\images\3people-garage_000308.png,3people-garage_000308,3people-garage,000308,rgb,3people-garage_000308#2,347.949371,199.636871,650.525024,719.126831,1.147461,1.147461,<3,lidar_wave2,garage,3people-garage,3people-garage_000308#2,workzone_wave2
C:\Users\jiahu\OneDrive\Documents\human_detect\work-zone-safety-rgbd-dataset\workzone_rgbd_dataset_wave2\images\3people-garage_000308.png,3people-garage_000308,3people-garage,000308,rgb,3people-garage_000308#3,839.992126,336.086884,952.618469,594.092712,4.835938,4.835938,3-6,lidar_wave2,garage,3people-garage,3people-garage_000308#3,workzone_wave2
C:\Users\jiahu\OneDrive\Documents\human_detect\work-zone-safety-rgbd-dataset\workzone_rgbd_dataset_wave2\images\3people-garage_000316.png,3people-garage_000316,3people-garage,000316,rgb,3people-garage_000316#1,0.455177,167.455261,223.988678,718.626038,1.078125,1.078125,<3,lidar_wave2,garage,3people-garage,3people-garage_000316#1,workzone_wave2
C:\Users\jiahu\OneDrive\Documents\human_detect\work-zone-safety-rgbd-dataset\workzone_rgbd_dataset_wave2\images\3people-garage_000316.png,3people-garage_000316,3people-garage,000316,rgb,3people-garage_000316#2,279.702789,364.461212,338.124329,540.701233,6.382812,6.382812,>6,lidar_wave2,garage,3people-garage,3people-garage_000316#2,workzone_wave2
C:\Users\jiahu\OneDrive\Documents\human_detect\work-zone-safety-rgbd-dataset\workzone_rgbd_dataset_wave2\images\3people-garage_000316.png,3people-garage_000316,3people-garage,000316,rgb,3people-garage_000316#3,750.307495,342.415507,885.861553,562.809998,5.562500,5.562500,3-6,lidar_wave2,garage,3people-garage,3people-garage_000316#3,workzone_wave2
C:\Users\jiahu\OneDrive\Documents\human_detect\work-zone-safety-rgbd-dataset\workzone_rgbd_dataset_wave2\images\3people-garage_000320.png,3people-garage_000320,3people-garage,000320,rgb,3people-garage_000320#1,276.363831,365.423096,341.041077,537.079163,6.781250,6.781250,>6,lidar_wave2,garage,3people-garage,3people-garage_000320#1,workzone_wave2
C:\Users\jiahu\OneDrive\Documents\human_detect\work-zone-safety-rgbd-dataset\workzone_rgbd_dataset_wave2\images\3people-garage_000320.png,3people-garage_000320,3people-garage,000320,rgb,3people-garage_000320#2,719.577759,345.243134,785.679565,547.443237,5.816406,5.816406,3-6,lidar_wave2,garage,3people-garage,3people-garage_000320#2,workzone_wave2
C:\Users\jiahu\OneDrive\Documents\human_detect\work-zone-safety-rgbd-dataset\workzone_rgbd_dataset_wave2\images\3people-garage_000338.png,3people-garage_000338,3people-garage,000338,rgb,3people-garage_000338#1,370.370392,371.876251,429.961334,512.265747,7.976562,7.976562,>6,lidar_wave2,garage,3people-garage,3people-garage_000338#1,workzone_wave2
C:\Users\jiahu\OneDrive\Documents\human_detect\work-zone-safety-rgbd-dataset\workzone_rgbd_dataset_wave2\images\3people-garage_000338.png,3people-garage_000338,3people-garage,000338,rgb,3people-garage_000338#2,521.009766,350.843872,585.212646,525.351257,6.699219,6.699219,>6,lidar_wave2,garage,3people-garage,3people-garage_000338#2,workzone_wave2
C:\Users\jiahu\OneDrive\Documents\human_detect\work-zone-safety-rgbd-dataset\workzone_rgbd_dataset_wave2\images\3people-garage_000349.png,3people-garage_000349,3people-garage,000349,rgb,3people-garage_000349#1,405.695435,358.318939,474.778198,516.956543,7.738281,7.738281,>6,lidar_wave2,garage,3people-garage,3people-garage_000349#1,workzone_wave2
C:\Users\jiahu\OneDrive\Documents\human_detect\work-zone-safety-rgbd-dataset\workzone_rgbd_dataset_wave2\images\3people-garage_000349.png,3people-garage_000349,3people-garage,000349,rgb,3people-garage_000349#2,457.641724,370.805145,518.949829,504.511597,8.507812,8.507812,>6,lidar_wave2,garage,3people-garage,3people-garage_000349#2,workzone_wave2
C:\Users\jiahu\OneDrive\Documents\human_detect\work-zone-safety-rgbd-dataset\workzone_rgbd_dataset_wave2\images\3people-garage_000353.png,3people-garage_000353,3people-garage,000353,rgb,3people-garage_000353#1,379.219208,355.250153,425.733032,509.597260,7.855469,7.855469,>6,lidar_wave2,garage,3people-garage,3people-garage_000353#1,workzone_wave2
C:\Users\jiahu\OneDrive\Documents\human_detect\work-zone-safety-rgbd-dataset\workzone_rgbd_dataset_wave2\images\3people-garage_000353.png,3people-garage_000353,3people-garage,000353,rgb,3people-garage_000353#2,494.799805,369.953644,532.219788,506.458588,8.281250,8.281250,>6,lidar_wave2,garage,3people-garage,3people-garage_000353#2,workzone_wave2
C:\Users\jiahu\OneDrive\Documents\human_detect\work-zone-safety-rgbd-dataset\workzone_rgbd_dataset_wave2\images\3people-garage_000368.png,3people-garage_000368,3people-garage,000368,rgb,3people-garage_000368#1,49.807529,310.029999,217.943939,692.904236,3.246094,3.246094,3-6,lidar_wave2,garage,3people-garage,3people-garage_000368#1,workzone_wave2
C:\Users\jiahu\OneDrive\Documents\human_detect\work-zone-safety-rgbd-dataset\workzone_rgbd_dataset_wave2\images\3people-garage_000368.png,3people-garage_000368,3people-garage,000368,rgb,3people-garage_000368#2,288.377289,354.003571,343.482330,497.822479,8.367188,8.367188,>6,lidar_wave2,garage,3people-garage,3people-garage_000368#2,workzone_wave2
C:\Users\jiahu\OneDrive\Documents\human_detect\work-zone-safety-rgbd-dataset\workzone_rgbd_dataset_wave2\images\3people-garage_000368.png,3people-garage_000368,3people-garage,000368,rgb,3people-garage_000368#3,617.110291,376.615540,659.427124,516.956787,7.968750,7.968750,>6,lidar_wave2,garage,3people-garage,3people-garage_000368#3,workzone_wave2
C:\Users\jiahu\OneDrive\Documents\human_detect\work-zone-safety-rgbd-dataset\workzone_rgbd_dataset_wave2\images\3people-garage_000371.png,3people-garage_000371,3people-garage,000371,rgb,3people-garage_000371#1,118.567314,319.659210,303.974640,689.859985,3.441406,3.441406,3-6,lidar_wave2,garage,3people-garage,3people-garage_000371#1,workzone_wave2
C:\Users\jiahu\OneDrive\Documents\human_detect\work-zone-safety-rgbd-dataset\workzone_rgbd_dataset_wave2\images\3people-garage_000371.png,3people-garage_000371,3people-garage,000371,rgb,3people-garage_000371#2,294.000397,354.496826,339.105499,495.694061,8.445312,8.445312,>6,lidar_wave2,garage,3people-garage,3people-garage_000371#2,workzone_wave2
C:\Users\jiahu\OneDrive\Documents\human_detect\work-zone-safety-rgbd-dataset\workzone_rgbd_dataset_wave2\images\3people-garage_000371.png,3people-garage_000371,3people-garage,000371,rgb,3people-garage_000371#3,634.484314,375.806061,707.948547,517.862122,7.515625,7.515625,>6,lidar_wave2,garage,3people-garage,3people-garage_000371#3,workzone_wave2
C:\Users\jiahu\OneDrive\Documents\human_detect\work-zone-safety-rgbd-dataset\workzone_rgbd_dataset_wave2\images\3people-garage_000382.png,3people-garage_000382,3people-garage,000382,rgb,3people-garage_000382#1,268.346008,354.192963,328.865387,515.075317,8.093750,8.093750,>6,lidar_wave2,garage,3people-garage,3people-garage_000382#1,workzone_wave2
C:\Users\jiahu\OneDrive\Documents\human_detect\work-zone-safety-rgbd-dataset\workzone_rgbd_dataset_wave2\images\3people-garage_000382.png,3people-garage_000382,3people-garage,000382,rgb,3people-garage_000382#2,326.206512,331.849457,443.072388,624.519836,4.367188,4.367188,3-6,lidar_wave2,garage,3people-garage,3people-garage_000382#2,workzone_wave2
C:\Users\jiahu\OneDrive\Documents\human_detect\work-zone-safety-rgbd-dataset\workzone_rgbd_dataset_wave2\images\3people-garage_000382.png,3people-garage_000382,3people-garage,000382,rgb,3people-garage_000382#3,735.848385,363.400043,800.609657,536.710733,6.777344,6.777344,>6,lidar_wave2,garage,3people-garage,3people-garage_000382#3,workzone_wave2
C:\Users\jiahu\OneDrive\Documents\human_detect\work-zone-safety-rgbd-dataset\workzone_rgbd_dataset_wave2\images\3people-garage_000394.png,3people-garage_000394,3people-garage,000394,rgb,3people-garage_000394#1,270.132294,347.476288,343.170227,540.244812,6.585938,6.585938,>6,lidar_wave2,garage,3people-garage,3people-garage_000394#1,workzone_wave2
C:\Users\jiahu\OneDrive\Documents\human_detect\work-zone-safety-rgbd-dataset\workzone_rgbd_dataset_wave2\images\3people-garage_000394.png,3people-garage_000394,3people-garage,000394,rgb,3people-garage_000394#2,432.231171,342.332489,526.287292,567.537415,5.480469,5.480469,3-6,lidar_wave2,garage,3people-garage,3people-garage_000394#2,workzone_wave2
C:\Users\jiahu\OneDrive\Documents\human_detect\work-zone-safety-rgbd-dataset\workzone_rgbd_dataset_wave2\images\3people-garage_000394.png,3people-garage_000394,3people-garage,000394,rgb,3people-garage_000394#3,834.856201,360.915619,913.032715,540.134583,6.335938,6.335938,>6,lidar_wave2,garage,3people-garage,3people-garage_000394#3,workzone_wave2
C:\Users\jiahu\OneDrive\Documents\human_detect\work-zone-safety-rgbd-dataset\workzone_rgbd_dataset_wave2\images\3people-garage_000409.png,3people-garage_000409,3people-garage,000409,rgb,3people-garage_000409#1,309.104950,350.127930,399.922241,594.200378,4.976562,4.976562,3-6,lidar_wave2,garage,3people-garage,3people-garage_000409#1,workzone_wave2
C:\Users\jiahu\OneDrive\Documents\human_detect\work-zone-safety-rgbd-dataset\workzone_rgbd_dataset_wave2\images\3people-garage_000409.png,3people-garage_000409,3people-garage,000409,rgb,3people-garage_000409#2,526.015503,346.959412,588.404846,529.586487,6.753906,6.753906,>6,lidar_wave2,garage,3people-garage,3people-garage_000409#2,workzone_wave2
C:\Users\jiahu\OneDrive\Documents\human_detect\work-zone-safety-rgbd-dataset\workzone_rgbd_dataset_wave2\images\3people-garage_000419.png,3people-garage_000419,3people-garage,000419,rgb,3people-garage_000419#1,360.385620,324.827179,475.663055,653.785461,3.873047,3.873047,3-6,lidar_wave2,garage,3people-garage,3people-garage_000419#1,workzone_wave2
C:\Users\jiahu\OneDrive\Documents\human_detect\work-zone-safety-rgbd-dataset\workzone_rgbd_dataset_wave2\images\3people-garage_000419.png,3people-garage_000419,3people-garage,000419,rgb,3people-garage_000419#2,572.415344,347.055176,622.034546,513.431763,7.347656,7.347656,>6,lidar_wave2,garage,3people-garage,3people-garage_000419#2,workzone_wave2
C:\Users\jiahu\OneDrive\Documents\human_detect\work-zone-safety-rgbd-dataset\workzone_rgbd_dataset_wave2\images\3people-garage_000426.png,3people-garage_000426,3people-garage,000426,rgb,3people-garage_000426#1,425.493835,305.206421,581.119080,716.414673,3.080078,3.080078,3-6,lidar_wave2,garage,3people-garage,3people-garage_000426#1,workzone_wave2
C:\Users\jiahu\OneDrive\Documents\human_detect\work-zone-safety-rgbd-dataset\workzone_rgbd_dataset_wave2\images\3people-garage_000426.png,3people-garage_000426,3people-garage,000426,rgb,3people-garage_000426#2,591.026367,361.570099,654.579590,504.516357,8.242188,8.242188,>6,lidar_wave2,garage,3people-garage,3people-garage_000426#2,workzone_wave2
C:\Users\jiahu\OneDrive\Documents\human_detect\work-zone-safety-rgbd-dataset\workzone_rgbd_dataset_wave2\images\3people-garage_000437.png,3people-garage_000437,3people-garage,000437,rgb,3people-garage_000437#1,619.021545,249.682800,828.371887,719.305847,1.894531,1.894531,<3,lidar_wave2,garage,3people-garage,3people-garage_000437#1,workzone_wave2
C:\Users\jiahu\OneDrive\Documents\human_detect\work-zone-safety-rgbd-dataset\workzone_rgbd_dataset_wave2\images\3people-garage_000437.png,3people-garage_000437,3people-garage,000437,rgb,3people-garage_000437#2,813.770874,349.183411,959.646973,655.356262,3.746094,3.746094,3-6,lidar_wave2,garage,3people-garage,3people-garage_000437#2,workzone_wave2
C:\Users\jiahu\OneDrive\Documents\human_detect\work-zone-safety-rgbd-dataset\workzone_rgbd_dataset_wave2\images\3people-garage_000449.png,3people-garage_000449,3people-garage,000449,rgb,3people-garage_000449#1,533.742554,354.206183,586.929874,486.512878,9.109375,9.109375,>6,lidar_wave2,garage,3people-garage,3people-garage_000449#1,workzone_wave2
C:\Users\jiahu\OneDrive\Documents\human_detect\work-zone-safety-rgbd-dataset\workzone_rgbd_dataset_wave2\images\3people-garage_000449.png,3people-garage_000449,3people-garage,000449,rgb,3people-garage_000449#2,636.485107,350.555786,797.730530,696.093018,3.208984,3.208984,3-6,lidar_wave2,garage,3people-garage,3people-garage_000449#2,workzone_wave2
C:\Users\jiahu\OneDrive\Documents\human_detect\work-zone-safety-rgbd-dataset\workzone_rgbd_dataset_wave2\images\3people-garage_000450.png,3people-garage_000450,3people-garage,000450,rgb,3people-garage_000450#1,527.160645,360.441376,586.706543,487.476837,8.859375,8.859375,>6,lidar_wave2,garage,3people-garage,3people-garage_000450#1,workzone_wave2
C:\Users\jiahu\OneDrive\Documents\human_detect\work-zone-safety-rgbd-dataset\workzone_rgbd_dataset_wave2\images\3people-garage_000450.png,3people-garage_000450,3people-garage,000450,rgb,3people-garage_000450#2,629.856689,350.240845,793.852356,700.166199,3.160156,3.160156,3-6,lidar_wave2,garage,3people-garage,3people-garage_000450#2,workzone_wave2
C:\Users\jiahu\OneDrive\Documents\human_detect\work-zone-safety-rgbd-dataset\workzone_rgbd_dataset_wave2\images\3people-garage_000468.png,3people-garage_000468,3people-garage,000468,rgb,3people-garage_000468#1,275.892059,342.234009,446.568542,719.434082,2.982422,2.982422,<3,lidar_wave2,garage,3people-garage,3people-garage_000468#1,workzone_wave2
C:\Users\jiahu\OneDrive\Documents\human_detect\work-zone-safety-rgbd-dataset\workzone_rgbd_dataset_wave2\images\3people-garage_000468.png,3people-garage_000468,3people-garage,000468,rgb,3people-garage_000468#2,411.992706,362.377563,465.401093,486.058167,,,>6,lidar_wave2,garage,3people-garage,3people-garage_000468#2,workzone_wave2
C:\Users\jiahu\OneDrive\Documents\human_detect\work-zone-safety-rgbd-dataset\workzone_rgbd_dataset_wave2\images\3people-garage_000476.png,3people-garage_000476,3people-garage,000476,rgb,3people-garage_000476#1,221.783707,344.914490,350.869568,718.949158,3.119141,3.119141,3-6,lidar_wave2,garage,3people-garage,3people-garage_000476#1,workzone_wave2
C:\Users\jiahu\OneDrive\Documents\human_detect\work-zone-safety-rgbd-dataset\workzone_rgbd_dataset_wave2\images\3people-garage_000476.png,3people-garage_000476,3people-garage,000476,rgb,3people-garage_000476#2,364.625336,364.323212,402.308441,487.756439,9.359375,9.359375,>6,lidar_wave2,garage,3people-garage,3people-garage_000476#2,workzone_wave2
C:\Users\jiahu\OneDrive\Documents\human_detect\work-zone-safety-rgbd-dataset\workzone_rgbd_dataset_wave2\images\3people-garage_000476.png,3people-garage_000476,3people-garage,000476,rgb,3people-garage_000476#3,833.533447,167.683655,959.774048,717.982422,0.982910,0.982910,<3,lidar_wave2,garage,3people-garage,3people-garage_000476#3,workzone_wave2
C:\Users\jiahu\OneDrive\Documents\human_detect\work-zone-safety-rgbd-dataset\workzone_rgbd_dataset_wave2\images\3people-garage_000484.png,3people-garage_000484,3people-garage,000484,rgb,3people-garage_000484#1,315.473689,353.495385,342.359718,411.673293,,,>6,lidar_wave2,garage,3people-garage,3people-garage_000484#1,workzone_wave2
C:\Users\jiahu\OneDrive\Documents\human_detect\work-zone-safety-rgbd-dataset\workzone_rgbd_dataset_wave2\images\3people-garage_000484.png,3people-garage_000484,3people-garage,000484,rgb,3people-garage_000484#2,279.790890,342.033008,397.377172,709.409416,3.203125,3.203125,3-6,lidar_wave2,garage,3people-garage,3people-garage_000484#2,workzone_wave2
C:\Users\jiahu\OneDrive\Documents\human_detect\work-zone-safety-rgbd-dataset\workzone_rgbd_dataset_wave2\images\3people-garage_000484.png,3people-garage_000484,3people-garage,000484,rgb,3people-garage_000484#3,312.382755,225.829548,573.361457,720.000000,1.045898,1.045898,<3,lidar_wave2,garage,3people-garage,3people-garage_000484#3,workzone_wave2
C:\Users\jiahu\OneDrive\Documents\human_detect\work-zone-safety-rgbd-dataset\workzone_rgbd_dataset_wave2\images\3people-garage_000498.png,3people-garage_000498,3people-garage,000498,rgb,3people-garage_000498#1,244.502243,357.536133,300.743073,514.469421,6.960938,6.960938,>6,lidar_wave2,garage,3people-garage,3people-garage_000498#1,workzone_wave2
C:\Users\jiahu\OneDrive\Documents\human_detect\work-zone-safety-rgbd-dataset\workzone_rgbd_dataset_wave2\images\3people-garage_000498.png,3people-garage_000498,3people-garage,000498,rgb,3people-garage_000498#2,527.977112,336.096497,636.518372,719.395935,2.718750,2.718750,<3,lidar_wave2,garage,3people-garage,3people-garage_000498#2,workzone_wave2
C:\Users\jiahu\OneDrive\Documents\human_detect\work-zone-safety-rgbd-dataset\workzone_rgbd_dataset_wave2\images\3people-garage_000509.png,3people-garage_000509,3people-garage,000509,rgb,3people-garage_000509#1,201.730225,353.526489,267.812714,533.305847,6.929688,6.929688,>6,lidar_wave2,garage,3people-garage,3people-garage_000509#1,workzone_wave2
C:\Users\jiahu\OneDrive\Documents\human_detect\work-zone-safety-rgbd-dataset\workzone_rgbd_dataset_wave2\images\3people-garage_000509.png,3people-garage_000509,3people-garage,000509,rgb,3people-garage_000509#2,751.113831,335.618317,888.824524,719.638184,2.789062,2.789062,<3,lidar_wave2,garage,3people-garage,3people-garage_000509#2,workzone_wave2
C:\Users\jiahu\OneDrive\Documents\human_detect\work-zone-safety-rgbd-dataset\workzone_rgbd_dataset_wave2\images\3people-garage_000516.png,3people-garage_000516,3people-garage,000516,rgb,3people-garage_000516#1,169.320084,349.607025,237.966064,543.693420,6.609375,6.609375,>6,lidar_wave2,garage,3people-garage,3people-garage_000516#1,workzone_wave2
C:\Users\jiahu\OneDrive\Documents\human_detect\work-zone-safety-rgbd-dataset\workzone_rgbd_dataset_wave2\images\3people-garage_000516.png,3people-garage_000516,3people-garage,000516,rgb,3people-garage_000516#2,845.434937,338.776429,960.000000,720.000000,3.099609,3.099609,3-6,lidar_wave2,garage,3people-garage,3people-garage_000516#2,workzone_wave2
C:\Users\jiahu\OneDrive\Documents\human_detect\work-zone-safety-rgbd-dataset\workzone_rgbd_dataset_wave2\images\3people-garage_000520.png,3people-garage_000520,3people-garage,000520,rgb,3people-garage_000520#1,0.454600,303.777832,71.488863,719.068359,3.060547,3.060547,3-6,lidar_wave2,garage,3people-garage,3people-garage_000520#1,workzone_wave2
C:\Users\jiahu\OneDrive\Documents\human_detect\work-zone-safety-rgbd-dataset\workzone_rgbd_dataset_wave2\images\3people-garage_000520.png,3people-garage_000520,3people-garage,000520,rgb,3people-garage_000520#2,152.042740,346.436554,227.349716,556.589905,6.117188,6.117188,>6,lidar_wave2,garage,3people-garage,3people-garage_000520#2,workzone_wave2
C:\Users\jiahu\OneDrive\Documents\human_detect\work-zone-safety-rgbd-dataset\workzone_rgbd_dataset_wave2\images\3people-garage_000520.png,3people-garage_000520,3people-garage,000520,rgb,3people-garage_000520#3,904.284302,339.138702,959.848389,676.387268,3.294922,3.294922,3-6,lidar_wave2,garage,3people-garage,3people-garage_000520#3,workzone_wave2
C:\Users\jiahu\OneDrive\Documents\human_detect\work-zone-safety-rgbd-dataset\workzone_rgbd_dataset_wave2\images\3people-garage_000532.png,3people-garage_000532,3people-garage,000532,rgb,3people-garage_000532#1,50.686970,340.281464,161.188934,602.897827,4.632812,4.632812,3-6,lidar_wave2,garage,3people-garage,3people-garage_000532#1,workzone_wave2
C:\Users\jiahu\OneDrive\Documents\human_detect\work-zone-safety-rgbd-dataset\workzone_rgbd_dataset_wave2\images\3people-garage_000532.png,3people-garage_000532,3people-garage,000532,rgb,3people-garage_000532#2,179.751297,332.097046,336.675598,685.531677,3.620117,3.620117,3-6,lidar_wave2,garage,3people-garage,3people-garage_000532#2,workzone_wave2
C:\Users\jiahu\OneDrive\Documents\human_detect\work-zone-safety-rgbd-dataset\workzone_rgbd_dataset_wave2\images\3people-garage_000545.png,3people-garage_000545,3people-garage,000545,rgb,3people-garage_000545#1,0.145277,325.448212,64.203697,664.747742,3.824219,3.824219,3-6,lidar_wave2,garage,3people-garage,3people-garage_000545#1,workzone_wave2
C:\Users\jiahu\OneDrive\Documents\human_detect\work-zone-safety-rgbd-dataset\workzone_rgbd_dataset_wave2\images\3people-garage_000545.png,3people-garage_000545,3people-garage,000545,rgb,3people-garage_000545#2,366.617981,342.179077,462.403107,606.604675,4.707031,4.707031,3-6,lidar_wave2,garage,3people-garage,3people-garage_000545#2,workzone_wave2
C:\Users\jiahu\OneDrive\Documents\human_detect\work-zone-safety-rgbd-dataset\workzone_rgbd_dataset_wave2\images\3people-garage_000558.png,3people-garage_000558,3people-garage,000558,rgb,3people-garage_000558#1,501.599762,346.258118,572.737671,565.638428,5.679688,5.679688,3-6,lidar_wave2,garage,3people-garage,3people-garage_000558#1,workzone_wave2
C:\Users\jiahu\OneDrive\Documents\human_detect\work-zone-safety-rgbd-dataset\workzone_rgbd_dataset_wave2\images\3people-garage_000567.png,3people-garage_000567,3people-garage,000567,rgb,3people-garage_000567#1,0.130383,293.266571,52.931362,717.866699,,,<3,lidar_wave2,garage,3people-garage,3people-garage_000567#1,workzone_wave2
C:\Users\jiahu\OneDrive\Documents\human_detect\work-zone-safety-rgbd-dataset\workzone_rgbd_dataset_wave2\images\3people-garage_000567.png,3people-garage_000567,3people-garage,000567,rgb,3people-garage_000567#2,559.334534,344.498077,648.339539,548.884460,6.113281,6.113281,>6,lidar_wave2,garage,3people-garage,3people-garage_000567#2,workzone_wave2
C:\Users\jiahu\OneDrive\Documents\human_detect\work-zone-safety-rgbd-dataset\workzone_rgbd_dataset_wave2\images\3people-garage_000567.png,3people-garage_000567,3people-garage,000567,rgb,3people-garage_000567#3,904.990173,376.088805,960.000000,530.753387,6.339844,6.339844,>6,lidar_wave2,garage,3people-garage,3people-garage_000567#3,workzone_wave2
C:\Users\jiahu\OneDrive\Documents\human_detect\work-zone-safety-rgbd-dataset\workzone_rgbd_dataset_wave2\images\3people-garage_000575.png,3people-garage_000575,3people-garage,000575,rgb,3people-garage_000575#1,82.750946,291.064911,255.377991,719.355469,2.417969,2.417969,<3,lidar_wave2,garage,3people-garage,3people-garage_000575#1,workzone_wave2
C:\Users\jiahu\OneDrive\Documents\human_detect\work-zone-safety-rgbd-dataset\workzone_rgbd_dataset_wave2\images\3people-garage_000575.png,3people-garage_000575,3people-garage,000575,rgb,3people-garage_000575#2,618.901550,344.837311,700.564270,543.114990,6.492188,6.492188,>6,lidar_wave2,garage,3people-garage,3people-garage_000575#2,workzone_wave2
C:\Users\jiahu\OneDrive\Documents\human_detect\work-zone-safety-rgbd-dataset\workzone_rgbd_dataset_wave2\images\3people-garage_000575.png,3people-garage_000575,3people-garage,000575,rgb,3people-garage_000575#3,815.270142,363.456573,906.559204,523.460876,7.042969,7.042969,>6,lidar_wave2,garage,3people-garage,3people-garage_000575#3,workzone_wave2
C:\Users\jiahu\OneDrive\Documents\human_detect\work-zone-safety-rgbd-dataset\workzone_rgbd_dataset_wave2\images\3people-garage_000587.png,3people-garage_000587,3people-garage,000587,rgb,3people-garage_000587#1,260.773712,313.641846,393.814087,697.948181,3.304688,3.304688,3-6,lidar_wave2,garage,3people-garage,3people-garage_000587#1,workzone_wave2
C:\Users\jiahu\OneDrive\Documents\human_detect\work-zone-safety-rgbd-dataset\workzone_rgbd_dataset_wave2\images\3people-garage_000587.png,3people-garage_000587,3people-garage,000587,rgb,3people-garage_000587#2,634.871704,347.977478,703.337463,528.364380,7.035156,7.035156,>6,lidar_wave2,garage,3people-garage,3people-garage_000587#2,workzone_wave2
C:\Users\jiahu\OneDrive\Documents\human_detect\work-zone-safety-rgbd-dataset\workzone_rgbd_dataset_wave2\images\3people-garage_000587.png,3people-garage_000587,3people-garage,000587,rgb,3people-garage_000587#3,728.983521,365.423157,806.087402,532.098938,6.804688,6.804688,>6,lidar_wave2,garage,3people-garage,3people-garage_000587#3,workzone_wave2
C:\Users\jiahu\OneDrive\Documents\human_detect\work-zone-safety-rgbd-dataset\workzone_rgbd_dataset_wave2\images\3people-garage_000597.png,3people-garage_000597,3people-garage,000597,rgb,3people-garage_000597#1,337.567505,330.755402,439.942688,636.957825,4.105469,4.105469,3-6,lidar_wave2,garage,3people-garage,3people-garage_000597#1,workzone_wave2
C:\Users\jiahu\OneDrive\Documents\human_detect\work-zone-safety-rgbd-dataset\workzone_rgbd_dataset_wave2\images\3people-garage_000597.png,3people-garage_000597,3people-garage,000597,rgb,3people-garage_000597#2,644.141113,347.254730,713.255920,525.002563,7.152344,7.152344,>6,lidar_wave2,garage,3people-garage,3people-garage_000597#2,workzone_wave2
C:\Users\jiahu\OneDrive\Documents\human_detect\work-zone-safety-rgbd-dataset\workzone_rgbd_dataset_wave2\images\3people-garage_000597.png,3people-garage_000597,3people-garage,000597,rgb,3people-garage_000597#3,732.431396,366.042145,804.235474,539.563965,6.753906,6.753906,>6,lidar_wave2,garage,3people-garage,3people-garage_000597#3,workzone_wave2
C:\Users\jiahu\OneDrive\Documents\human_detect\work-zone-safety-rgbd-dataset\workzone_rgbd_dataset_wave2\images\3people-garage_000605.png,3people-garage_000605,3people-garage,000605,rgb,3people-garage_000605#1,388.001587,335.983917,466.509705,595.425476,4.785156,4.785156,3-6,lidar_wave2,garage,3people-garage,3people-garage_000605#1,workzone_wave2
C:\Users\jiahu\OneDrive\Documents\human_detect\work-zone-safety-rgbd-dataset\workzone_rgbd_dataset_wave2\images\3people-garage_000605.png,3people-garage_000605,3people-garage,000605,rgb,3people-garage_000605#2,634.128174,348.769989,710.510986,524.251282,7.449219,7.449219,>6,lidar_wave2,garage,3people-garage,3people-garage_000605#2,workzone_wave2
C:\Users\jiahu\OneDrive\Documents\human_detect\work-zone-safety-rgbd-dataset\workzone_rgbd_dataset_wave2\images\3people-garage_000605.png,3people-garage_000605,3people-garage,000605,rgb,3people-garage_000605#3,740.801086,363.574432,817.792236,553.523743,5.964844,5.964844,3-6,lidar_wave2,garage,3people-garage,3people-garage_000605#3,workzone_wave2
C:\Users\jiahu\OneDrive\Documents\human_detect\work-zone-safety-rgbd-dataset\workzone_rgbd_dataset_wave2\images\3people-garage_000616.png,3people-garage_000616,3people-garage,000616,rgb,3people-garage_000616#1,427.120422,338.730133,496.774109,559.516663,5.835938,5.835938,3-6,lidar_wave2,garage,3people-garage,3people-garage_000616#1,workzone_wave2
C:\Users\jiahu\OneDrive\Documents\human_detect\work-zone-safety-rgbd-dataset\workzone_rgbd_dataset_wave2\images\3people-garage_000616.png,3people-garage_000616,3people-garage,000616,rgb,3people-garage_000616#2,683.416443,350.859558,733.624573,510.651672,8.125000,8.125000,>6,lidar_wave2,garage,3people-garage,3people-garage_000616#2,workzone_wave2
C:\Users\jiahu\OneDrive\Documents\human_detect\work-zone-safety-rgbd-dataset\workzone_rgbd_dataset_wave2\images\3people-garage_000616.png,3people-garage_000616,3people-garage,000616,rgb,3people-garage_000616#3,721.859680,357.412384,803.883057,586.335205,5.054688,5.054688,3-6,lidar_wave2,garage,3people-garage,3people-garage_000616#3,workzone_wave2
C:\Users\jiahu\OneDrive\Documents\human_detect\work-zone-safety-rgbd-dataset\workzone_rgbd_dataset_wave2\images\3people-garage_000629.png,3people-garage_000629,3people-garage,000629,rgb,3people-garage_000629#1,426.838989,350.589020,490.134430,533.370483,7.027344,7.027344,>6,lidar_wave2,garage,3people-garage,3people-garage_000629#1,workzone_wave2
C:\Users\jiahu\OneDrive\Documents\human_detect\work-zone-safety-rgbd-dataset\workzone_rgbd_dataset_wave2\images\3people-garage_000629.png,3people-garage_000629,3people-garage,000629,rgb,3people-garage_000629#2,586.840027,351.642700,697.097534,623.515869,4.242188,4.242188,3-6,lidar_wave2,garage,3people-garage,3people-garage_000629#2,workzone_wave2
C:\Users\jiahu\OneDrive\Documents\human_detect\work-zone-safety-rgbd-dataset\workzone_rgbd_dataset_wave2\images\3people-garage_000629.png,3people-garage_000629,3people-garage,000629,rgb,3people-garage_000629#3,696.787354,352.942474,753.414917,504.340576,8.078125,8.078125,>6,lidar_wave2,garage,3people-garage,3people-garage_000629#3,workzone_wave2
C:\Users\jiahu\OneDrive\Documents\human_detect\work-zone-safety-rgbd-dataset\workzone_rgbd_dataset_wave2\images\3people-garage_000638.png,3people-garage_000638,3people-garage,000638,rgb,3people-garage_000638#1,407.973724,366.474152,464.945709,512.437134,7.628906,7.628906,>6,lidar_wave2,garage,3people-garage,3people-garage_000638#1,workzone_wave2
C:\Users\jiahu\OneDrive\Documents\human_detect\work-zone-safety-rgbd-dataset\workzone_rgbd_dataset_wave2\images\3people-garage_000638.png,3people-garage_000638,3people-garage,000638,rgb,3people-garage_000638#2,490.088379,351.656464,581.260803,656.769958,3.775391,3.775391,3-6,lidar_wave2,garage,3people-garage,3people-garage_000638#2,workzone_wave2
C:\Users\jiahu\OneDrive\Documents\human_detect\work-zone-safety-rgbd-dataset\workzone_rgbd_dataset_wave2\images\3people-garage_000638.png,3people-garage_000638,3people-garage,000638,rgb,3people-garage_000638#3,726.031555,350.831116,789.096008,515.231445,7.835938,7.835938,>6,lidar_wave2,garage,3people-garage,3people-garage_000638#3,workzone_wave2
C:\Users\jiahu\OneDrive\Documents\human_detect\work-zone-safety-rgbd-dataset\workzone_rgbd_dataset_wave2\images\3people-garage_000640.png,3people-garage_000640,3people-garage,000640,rgb,3people-garage_000640#1,410.863129,375.445343,463.886627,511.667023,7.820312,7.820312,>6,lidar_wave2,garage,3people-garage,3people-garage_000640#1,workzone_wave2
C:\Users\jiahu\OneDrive\Documents\human_detect\work-zone-safety-rgbd-dataset\workzone_rgbd_dataset_wave2\images\3people-garage_000640.png,3people-garage_000640,3people-garage,000640,rgb,3people-garage_000640#2,454.764679,349.241364,554.680908,655.879272,3.713867,3.713867,3-6,lidar_wave2,garage,3people-garage,3people-garage_000640#2,workzone_wave2
C:\Users\jiahu\OneDrive\Documents\human_detect\work-zone-safety-rgbd-dataset\workzone_rgbd_dataset_wave2\images\3people-garage_000640.png,3people-garage_000640,3people-garage,000640,rgb,3people-garage_000640#3,732.631775,350.507721,795.376648,513.305664,7.355469,7.355469,>6,lidar_wave2,garage,3people-garage,3people-garage_000640#3,workzone_wave2
C:\Users\jiahu\OneDrive\Documents\human_detect\work-zone-safety-rgbd-dataset\workzone_rgbd_dataset_wave2\images\3people-garage_000653.png,3people-garage_000653,3people-garage,000653,rgb,3people-garage_000653#1,218.794806,346.749847,375.965339,714.560181,3.253906,3.253906,3-6,lidar_wave2,garage,3people-garage,3people-garage_000653#1,workzone_wave2
C:\Users\jiahu\OneDrive\Documents\human_detect\work-zone-safety-rgbd-dataset\workzone_rgbd_dataset_wave2\images\3people-garage_000653.png,3people-garage_000653,3people-garage,000653,rgb,3people-garage_000653#2,401.688538,357.879456,446.142883,496.816132,8.921875,8.921875,>6,lidar_wave2,garage,3people-garage,3people-garage_000653#2,workzone_wave2
C:\Users\jiahu\OneDrive\Documents\human_detect\work-zone-safety-rgbd-dataset\workzone_rgbd_dataset_wave2\images\3people-garage_000653.png,3people-garage_000653,3people-garage,000653,rgb,3people-garage_000653#3,821.879883,346.413025,901.297852,546.331970,6.343750,6.343750,>6,lidar_wave2,garage,3people-garage,3people-garage_000653#3,workzone_wave2
C:\Users\jiahu\OneDrive\Documents\human_detect\work-zone-safety-rgbd-dataset\workzone_rgbd_dataset_wave2\images\3people-garage_000660.png,3people-garage_000660,3people-garage,000660,rgb,3people-garage_000660#1,87.978927,344.191554,264.597564,714.116572,3.100586,3.100586,3-6,lidar_wave2,garage,3people-garage,3people-garage_000660#1,workzone_wave2
C:\Users\jiahu\OneDrive\Documents\human_detect\work-zone-safety-rgbd-dataset\workzone_rgbd_dataset_wave2\images\3people-garage_000660.png,3people-garage_000660,3people-garage,000660,rgb,3people-garage_000660#2,411.518005,359.308777,451.547791,489.905640,9.757812,9.757812,>6,lidar_wave2,garage,3people-garage,3people-garage_000660#2,workzone_wave2
C:\Users\jiahu\OneDrive\Documents\human_detect\work-zone-safety-rgbd-dataset\workzone_rgbd_dataset_wave2\images\3people-garage_000660.png,3people-garage_000660,3people-garage,000660,rgb,3people-garage_000660#3,863.499207,343.366516,958.122803,561.255615,5.542969,5.542969,3-6,lidar_wave2,garage,3people-garage,3people-garage_000660#3,workzone_wave2
C:\Users\jiahu\OneDrive\Documents\human_detect\work-zone-safety-rgbd-dataset\workzone_rgbd_dataset_wave2\images\3people-garage_000678.png,3people-garage_000678,3people-garage,000678,rgb,3people-garage_000678#1,0.175415,352.798096,107.988419,670.979980,3.673828,3.673828,3-6,lidar_wave2,garage,3people-garage,3people-garage_000678#1,workzone_wave2
C:\Users\jiahu\OneDrive\Documents\human_detect\work-zone-safety-rgbd-dataset\workzone_rgbd_dataset_wave2\images\3people-garage_000678.png,3people-garage_000678,3people-garage,000678,rgb,3people-garage_000678#2,474.289307,361.881317,511.227539,482.585724,10.460938,10.460938,>6,lidar_wave2,garage,3people-garage,3people-garage_000678#2,workzone_wave2
C:\Users\jiahu\OneDrive\Documents\human_detect\work-zone-safety-rgbd-dataset\workzone_rgbd_dataset_wave2\images\3people-garage_000678.png,3people-garage_000678,3people-garage,000678,rgb,3people-garage_000678#3,829.324219,319.656586,959.362427,633.453125,4.031250,4.031250,3-6,lidar_wave2,garage,3people-garage,3people-garage_000678#3,workzone_wave2
C:\Users\jiahu\OneDrive\Documents\human_detect\work-zone-safety-rgbd-dataset\workzone_rgbd_dataset_wave2\images\3people-garage_000688.png,3people-garage_000688,3people-garage,000688,rgb,3people-garage_000688#1,34.547195,354.746216,137.008759,624.200928,4.109375,4.109375,3-6,lidar_wave2,garage,3people-garage,3people-garage_000688#1,workzone_wave2
C:\Users\jiahu\OneDrive\Documents\human_detect\work-zone-safety-rgbd-dataset\workzone_rgbd_dataset_wave2\images\3people-garage_000688.png,3people-garage_000688,3people-garage,000688,rgb,3people-garage_000688#2,490.062836,361.326538,536.993286,489.943939,9.304688,9.304688,>6,lidar_wave2,garage,3people-garage,3people-garage_000688#2,workzone_wave2
C:\Users\jiahu\OneDrive\Documents\human_detect\work-zone-safety-rgbd-dataset\workzone_rgbd_dataset_wave2\images\3people-garage_000688.png,3people-garage_000688,3people-garage,000688,rgb,3people-garage_000688#3,746.341919,316.466827,915.965332,719.526855,3.341797,3.341797,3-6,lidar_wave2,garage,3people-garage,3people-garage_000688#3,workzone_wave2
C:\Users\jiahu\OneDrive\Documents\human_detect\work-zone-safety-rgbd-dataset\workzone_rgbd_dataset_wave2\images\3people-garage_000696.png,3people-garage_000696,3people-garage,000696,rgb,3people-garage_000696#1,110.069046,358.403534,190.638474,602.063599,4.851562,4.851562,3-6,lidar_wave2,garage,3people-garage,3people-garage_000696#1,workzone_wave2
C:\Users\jiahu\OneDrive\Documents\human_detect\work-zone-safety-rgbd-dataset\workzone_rgbd_dataset_wave2\images\3people-garage_000696.png,3people-garage_000696,3people-garage,000696,rgb,3people-garage_000696#2,478.422089,356.329590,527.545227,496.928589,8.675781,8.675781,>6,lidar_wave2,garage,3people-garage,3people-garage_000696#2,workzone_wave2
C:\Users\jiahu\OneDrive\Documents\human_detect\work-zone-safety-rgbd-dataset\workzone_rgbd_dataset_wave2\images\3people-garage_000696.png,3people-garage_000696,3people-garage,000696,rgb,3people-garage_000696#3,719.097717,295.312805,909.625183,719.637817,2.570312,2.570312,<3,lidar_wave2,garage,3people-garage,3people-garage_000696#3,workzone_wave2
C:\Users\jiahu\OneDrive\Documents\human_detect\work-zone-safety-rgbd-dataset\workzone_rgbd_dataset_wave2\images\3people-garage_000705.png,3people-garage_000705,3people-garage,000705,rgb,3people-garage_000705#1,167.690063,368.175293,267.202789,579.086975,5.441406,5.441406,3-6,lidar_wave2,garage,3people-garage,3people-garage_000705#1,workzone_wave2
C:\Users\jiahu\OneDrive\Documents\human_detect\work-zone-safety-rgbd-dataset\workzone_rgbd_dataset_wave2\images\3people-garage_000705.png,3people-garage_000705,3people-garage,000705,rgb,3people-garage_000705#2,456.486328,356.803406,508.959229,510.443024,8.203125,8.203125,>6,lidar_wave2,garage,3people-garage,3people-garage_000705#2,workzone_wave2
C:\Users\jiahu\OneDrive\Documents\human_detect\work-zone-safety-rgbd-dataset\workzone_rgbd_dataset_wave2\images\3people-garage_000705.png,3people-garage_000705,3people-garage,000705,rgb,3people-garage_000705#3,580.699463,254.457962,800.820068,719.373047,1.827148,1.827148,<3,lidar_wave2,garage,3people-garage,3people-garage_000705#3,workzone_wave2
C:\Users\jiahu\OneDrive\Documents\human_detect\work-zone-safety-rgbd-dataset\workzone_rgbd_dataset_wave2\images\3people-garage_000719.png,3people-garage_000719,3people-garage,000719,rgb,3people-garage_000719#1,0.356953,202.446625,166.485809,718.743347,1.138672,1.138672,<3,lidar_wave2,garage,3people-garage,3people-garage_000719#1,workzone_wave2
C:\Users\jiahu\OneDrive\Documents\human_detect\work-zone-safety-rgbd-dataset\workzone_rgbd_dataset_wave2\images\3people-garage_000719.png,3people-garage_000719,3people-garage,000719,rgb,3people-garage_000719#2,255.266006,365.572815,337.574280,562.955200,5.921875,5.921875,3-6,lidar_wave2,garage,3people-garage,3people-garage_000719#2,workzone_wave2
C:\Users\jiahu\OneDrive\Documents\human_detect\work-zone-safety-rgbd-dataset\workzone_rgbd_dataset_wave2\images\3people-garage_000719.png,3people-garage_000719,3people-garage,000719,rgb,3people-garage_000719#3,407.465698,352.718597,467.948456,532.491943,7.042969,7.042969,>6,lidar_wave2,garage,3people-garage,3people-garage_000719#3,workzone_wave2
C:\Users\jiahu\OneDrive\Documents\human_detect\work-zone-safety-rgbd-dataset\workzone_rgbd_dataset_wave2\images\3people-garage_000723.png,3people-garage_000723,3people-garage,000723,rgb,3people-garage_000723#1,288.635834,366.516022,349.163300,556.427795,5.960938,5.960938,3-6,lidar_wave2,garage,3people-garage,3people-garage_000723#1,workzone_wave2
C:\Users\jiahu\OneDrive\Documents\human_detect\work-zone-safety-rgbd-dataset\workzone_rgbd_dataset_wave2\images\3people-garage_000723.png,3people-garage_000723,3people-garage,000723,rgb,3people-garage_000723#2,398.499664,352.144409,464.135284,542.460083,6.535156,6.535156,>6,lidar_wave2,garage,3people-garage,3people-garage_000723#2,workzone_wave2
C:\Users\jiahu\OneDrive\Documents\human_detect\work-zone-safety-rgbd-dataset\workzone_rgbd_dataset_wave2\images\3people-garage_000739.png,3people-garage_000739,3people-garage,000739,rgb,3people-garage_000739#1,298.654938,342.395599,386.031219,584.034180,5.218750,5.218750,3-6,lidar_wave2,garage,3people-garage,3people-garage_000739#1,workzone_wave2
C:\Users\jiahu\OneDrive\Documents\human_detect\work-zone-safety-rgbd-dataset\workzone_rgbd_dataset_wave2\images\3people-garage_000739.png,3people-garage_000739,3people-garage,000739,rgb,3people-garage_000739#2,384.014818,364.252365,436.076086,538.810114,7.738281,7.738281,>6,lidar_wave2,garage,3people-garage,3people-garage_000739#2,workzone_wave2
C:\Users\jiahu\OneDrive\Documents\human_detect\work-zone-safety-rgbd-dataset\workzone_rgbd_dataset_wave2\images\3people-garage_000741.png,3people-garage_000741,3people-garage,000741,rgb,3people-garage_000741#1,298.209503,341.187744,382.593933,595.418579,5.136719,5.136719,3-6,lidar_wave2,garage,3people-garage,3people-garage_000741#1,workzone_wave2
C:\Users\jiahu\OneDrive\Documents\human_detect\work-zone-safety-rgbd-dataset\workzone_rgbd_dataset_wave2\images\3people-garage_000741.png,3people-garage_000741,3people-garage,000741,rgb,3people-garage_000741#2,403.375122,377.752106,450.530640,532.998352,6.945312,6.945312,>6,lidar_wave2,garage,3people-garage,3people-garage_000741#2,workzone_wave2
C:\Users\jiahu\OneDrive\Documents\human_detect\work-zone-safety-rgbd-dataset\workzone_rgbd_dataset_wave2\images\3people-garage_000758.png,3people-garage_000758,3people-garage,000758,rgb,3people-garage_000758#1,0.090700,328.328888,77.437553,680.783997,3.429688,3.429688,3-6,lidar_wave2,garage,3people-garage,3people-garage_000758#1,workzone_wave2
C:\Users\jiahu\OneDrive\Documents\human_detect\work-zone-safety-rgbd-dataset\workzone_rgbd_dataset_wave2\images\3people-garage_000758.png,3people-garage_000758,3people-garage,000758,rgb,3people-garage_000758#2,156.299698,324.546936,288.216553,690.270813,3.599609,3.599609,3-6,lidar_wave2,garage,3people-garage,3people-garage_000758#2,workzone_wave2
C:\Users\jiahu\OneDrive\Documents\human_detect\work-zone-safety-rgbd-dataset\workzone_rgbd_dataset_wave2\images\3people-garage_000758.png,3people-garage_000758,3people-garage,000758,rgb,3people-garage_000758#3,511.061096,365.296631,562.452393,541.600464,6.500000,6.500000,>6,lidar_wave2,garage,3people-garage,3people-garage_000758#3,workzone_wave2
C:\Users\jiahu\OneDrive\Documents\human_detect\work-zone-safety-rgbd-dataset\workzone_rgbd_dataset_wave2\images\3people-garage_000762.png,3people-garage_000762,3people-garage,000762,rgb,3people-garage_000762#1,0.885395,331.359344,143.926590,679.239441,3.625000,3.625000,3-6,lidar_wave2,garage,3people-garage,3people-garage_000762#1,workzone_wave2
C:\Users\jiahu\OneDrive\Documents\human_detect\work-zone-safety-rgbd-dataset\workzone_rgbd_dataset_wave2\images\3people-garage_000762.png,3people-garage_000762,3people-garage,000762,rgb,3people-garage_000762#2,106.746506,314.805542,261.247711,720.000000,3.207031,3.207031,3-6,lidar_wave2,garage,3people-garage,3people-garage_000762#2,workzone_wave2
C:\Users\jiahu\OneDrive\Documents\human_detect\work-zone-safety-rgbd-dataset\workzone_rgbd_dataset_wave2\images\3people-garage_000762.png,3people-garage_000762,3people-garage,000762,rgb,3people-garage_000762#3,528.662659,369.974548,600.362549,549.674805,6.210938,6.210938,>6,lidar_wave2,garage,3people-garage,3people-garage_000762#3,workzone_wave2
C:\Users\jiahu\OneDrive\Documents\human_detect\work-zone-safety-rgbd-dataset\workzone_rgbd_dataset_wave2\images\3people-garage_000773.png,3people-garage_000773,3people-garage,000773,rgb,3people-garage_000773#1,60.051727,289.009918,274.420746,720.000000,2.373047,2.373047,<3,lidar_wave2,garage,3people-garage,3people-garage_000773#1,workzone_wave2
C:\Users\jiahu\OneDrive\Documents\human_detect\work-zone-safety-rgbd-dataset\workzone_rgbd_dataset_wave2\images\3people-garage_000773.png,3people-garage_000773,3people-garage,000773,rgb,3people-garage_000773#2,226.445068,333.560669,298.780060,604.414856,4.617188,4.617188,3-6,lidar_wave2,garage,3people-garage,3people-garage_000773#2,workzone_wave2
C:\Users\jiahu\OneDrive\Documents\human_detect\work-zone-safety-rgbd-dataset\workzone_rgbd_dataset_wave2\images\3people-garage_000773.png,3people-garage_000773,3people-garage,000773,rgb,3people-garage_000773#3,556.387146,365.759918,640.575989,575.186462,5.355469,5.355469,3-6,lidar_wave2,garage,3people-garage,3people-garage_000773#3,workzone_wave2
C:\Users\jiahu\OneDrive\Documents\human_detect\work-zone-safety-rgbd-dataset\workzone_rgbd_dataset_wave2\images\3people-garage_000781.png,3people-garage_000781,3people-garage,000781,rgb,3people-garage_000781#1,93.553391,264.122528,332.058868,718.464294,1.824219,1.824219,<3,lidar_wave2,garage,3people-garage,3people-garage_000781#1,workzone_wave2
C:\Users\jiahu\OneDrive\Documents\human_detect\work-zone-safety-rgbd-dataset\workzone_rgbd_dataset_wave2\images\3people-garage_000781.png,3people-garage_000781,3people-garage,000781,rgb,3people-garage_000781#2,332.039612,339.373718,408.028320,584.949829,5.046875,5.046875,3-6,lidar_wave2,garage,3people-garage,3people-garage_000781#2,workzone_wave2
C:\Users\jiahu\OneDrive\Documents\human_detect\work-zone-safety-rgbd-dataset\workzone_rgbd_dataset_wave2\images\3people-garage_000781.png,3people-garage_000781,3people-garage,000781,rgb,3people-garage_000781#3,596.302246,357.205170,688.891724,596.472900,4.933594,4.933594,3-6,lidar_wave2,garage,3people-garage,3people-garage_000781#3,workzone_wave2
C:\Users\jiahu\OneDrive\Documents\human_detect\work-zone-safety-rgbd-dataset\workzone_rgbd_dataset_wave2\images\3people-garage_000798.png,3people-garage_000798,3people-garage,000798,rgb,3people-garage_000798#1,490.334198,349.908508,546.593140,548.245239,6.281250,6.281250,>6,lidar_wave2,garage,3people-garage,3people-garage_000798#1,workzone_wave2
C:\Users\jiahu\OneDrive\Documents\human_detect\work-zone-safety-rgbd-dataset\workzone_rgbd_dataset_wave2\images\3people-garage_000798.png,3people-garage_000798,3people-garage,000798,rgb,3people-garage_000798#2,537.076721,248.973816,778.389954,719.144897,1.569336,1.569336,<3,lidar_wave2,garage,3people-garage,3people-garage_000798#2,workzone_wave2
C:\Users\jiahu\OneDrive\Documents\human_detect\work-zone-safety-rgbd-dataset\workzone_rgbd_dataset_wave2\images\3people-garage_000798.png,3people-garage_000798,3people-garage,000798,rgb,3people-garage_000798#3,772.315979,356.787842,901.930481,600.603210,4.750000,4.750000,3-6,lidar_wave2,garage,3people-garage,3people-garage_000798#3,workzone_wave2
C:\Users\jiahu\OneDrive\Documents\human_detect\work-zone-safety-rgbd-dataset\workzone_rgbd_dataset_wave2\images\3people-garage_000800.png,3people-garage_000800,3people-garage,000800,rgb,3people-garage_000800#1,505.085724,347.956238,567.236633,534.856567,6.271484,6.271484,>6,lidar_wave2,garage,3people-garage,3people-garage_000800#1,workzone_wave2
C:\Users\jiahu\OneDrive\Documents\human_detect\work-zone-safety-rgbd-dataset\workzone_rgbd_dataset_wave2\images\3people-garage_000800.png,3people-garage_000800,3people-garage,000800,rgb,3people-garage_000800#2,591.692505,249.306656,840.914490,719.196838,1.539062,1.539062,<3,lidar_wave2,garage,3people-garage,3people-garage_000800#2,workzone_wave2
C:\Users\jiahu\OneDrive\Documents\human_detect\work-zone-safety-rgbd-dataset\workzone_rgbd_dataset_wave2\images\3people-garage_000800.png,3people-garage_000800,3people-garage,000800,rgb,3people-garage_000800#3,787.276428,355.484283,897.065369,593.627319,,,3-6,lidar_wave2,garage,3people-garage,3people-garage_000800#3,workzone_wave2
C:\Users\jiahu\OneDrive\Documents\human_detect\work-zone-safety-rgbd-dataset\workzone_rgbd_dataset_wave2\images\3people-garage_000810.png,3people-garage_000810,3people-garage,000810,rgb,3people-garage_000810#1,563.983643,354.395264,618.471680,519.269470,7.482422,7.482422,>6,lidar_wave2,garage,3people-garage,3people-garage_000810#1,workzone_wave2
C:\Users\jiahu\OneDrive\Documents\human_detect\work-zone-safety-rgbd-dataset\workzone_rgbd_dataset_wave2\images\3people-garage_000810.png,3people-garage_000810,3people-garage,000810,rgb,3people-garage_000810#2,730.165833,276.373901,919.966553,719.736328,2.142578,2.142578,<3,lidar_wave2,garage,3people-garage,3people-garage_000810#2,workzone_wave2
C:\Users\jiahu\OneDrive\Documents\human_detect\work-zone-safety-rgbd-dataset\workzone_rgbd_dataset_wave2\images\3people-garage_000824.png,3people-garage_000824,3people-garage,000824,rgb,3people-garage_000824#1,565.457070,354.122192,631.135293,499.858429,7.667969,7.667969,>6,lidar_wave2,garage,3people-garage,3people-garage_000824#1,workzone_wave2
C:\Users\jiahu\OneDrive\Documents\human_detect\work-zone-safety-rgbd-dataset\workzone_rgbd_dataset_wave2\images\3people-garage_000824.png,3people-garage_000824,3people-garage,000824,rgb,3people-garage_000824#2,741.333801,303.926514,917.449036,700.060974,3.156250,3.156250,3-6,lidar_wave2,garage,3people-garage,3people-garage_000824#2,workzone_wave2
C:\Users\jiahu\OneDrive\Documents\human_detect\work-zone-safety-rgbd-dataset\workzone_rgbd_dataset_wave2\images\3people-garage_000834.png,3people-garage_000834,3people-garage,000834,rgb,3people-garage_000834#1,509.173187,356.416077,544.915894,489.037537,8.976562,8.976562,>6,lidar_wave2,garage,3people-garage,3people-garage_000834#1,workzone_wave2
C:\Users\jiahu\OneDrive\Documents\human_detect\work-zone-safety-rgbd-dataset\workzone_rgbd_dataset_wave2\images\3people-garage_000834.png,3people-garage_000834,3people-garage,000834,rgb,3people-garage_000834#2,731.520630,316.973724,870.848877,645.538330,3.878906,3.878906,3-6,lidar_wave2,garage,3people-garage,3people-garage_000834#2,workzone_wave2
C:\Users\jiahu\OneDrive\Documents\human_detect\work-zone-safety-rgbd-dataset\workzone_rgbd_dataset_wave2\images\3people-garage_000841.png,3people-garage_000841,3people-garage,000841,rgb,3people-garage_000841#1,456.615692,356.361938,502.814850,488.973724,9.445312,9.445312,>6,lidar_wave2,garage,3people-garage,3people-garage_000841#1,workzone_wave2
C:\Users\jiahu\OneDrive\Documents\human_detect\work-zone-safety-rgbd-dataset\workzone_rgbd_dataset_wave2\images\3people-garage_000841.png,3people-garage_000841,3people-garage,000841,rgb,3people-garage_000841#2,730.168579,327.587677,830.984985,625.781799,4.371094,4.371094,3-6,lidar_wave2,garage,3people-garage,3people-garage_000841#2,workzone_wave2
C:\Users\jiahu\OneDrive\Documents\human_detect\work-zone-safety-rgbd-dataset\workzone_rgbd_dataset_wave2\images\3people-garage_000856.png,3people-garage_000856,3people-garage,000856,rgb,3people-garage_000856#1,345.618073,355.734833,379.541199,491.496368,9.285156,9.285156,>6,lidar_wave2,garage,3people-garage,3people-garage_000856#1,workzone_wave2
C:\Users\jiahu\OneDrive\Documents\human_detect\work-zone-safety-rgbd-dataset\workzone_rgbd_dataset_wave2\images\3people-garage_000856.png,3people-garage_000856,3people-garage,000856,rgb,3people-garage_000856#2,682.609192,336.202148,770.370911,564.988586,5.550781,5.550781,3-6,lidar_wave2,garage,3people-garage,3people-garage_000856#2,workzone_wave2
C:\Users\jiahu\OneDrive\Documents\human_detect\work-zone-safety-rgbd-dataset\workzone_rgbd_dataset_wave2\images\3people-garage_000863.png,3people-garage_000863,3people-garage,000863,rgb,3people-garage_000863#1,290.846802,356.010803,328.932861,491.551514,9.320312,9.320312,>6,lidar_wave2,garage,3people-garage,3people-garage_000863#1,workzone_wave2
C:\Users\jiahu\OneDrive\Documents\human_detect\work-zone-safety-rgbd-dataset\workzone_rgbd_dataset_wave2\images\3people-garage_000863.png,3people-garage_000863,3people-garage,000863,rgb,3people-garage_000863#2,655.592102,366.741058,690.652405,477.000488,,,>6,lidar_wave2,garage,3people-garage,3people-garage_000863#2,workzone_wave2
C:\Users\jiahu\OneDrive\Documents\human_detect\work-zone-safety-rgbd-dataset\workzone_rgbd_dataset_wave2\images\3people-garage_000863.png,3people-garage_000863,3people-garage,000863,rgb,3people-garage_000863#3,678.490601,337.061584,745.245178,549.148071,5.964844,5.964844,3-6,lidar_wave2,garage,3people-garage,3people-garage_000863#3,workzone_wave2
C:\Users\jiahu\OneDrive\Documents\human_detect\work-zone-safety-rgbd-dataset\workzone_rgbd_dataset_wave2\images\3people-garage_000879.png,3people-garage_000879,3people-garage,000879,rgb,3people-garage_000879#1,156.458191,359.376801,206.790131,499.341339,8.621094,8.621094,>6,lidar_wave2,garage,3people-garage,3people-garage_000879#1,workzone_wave2
C:\Users\jiahu\OneDrive\Documents\human_detect\work-zone-safety-rgbd-dataset\workzone_rgbd_dataset_wave2\images\3people-garage_000879.png,3people-garage_000879,3people-garage,000879,rgb,3people-garage_000879#2,550.526611,375.258636,602.788025,475.870605,11.015625,11.015625,>6,lidar_wave2,garage,3people-garage,3people-garage_000879#2,workzone_wave2
C:\Users\jiahu\OneDrive\Documents\human_detect\work-zone-safety-rgbd-dataset\workzone_rgbd_dataset_wave2\images\3people-garage_000879.png,3people-garage_000879,3people-garage,000879,rgb,3people-garage_000879#3,640.513367,345.423798,702.357788,526.773987,7.324219,7.324219,>6,lidar_wave2,garage,3people-garage,3people-garage_000879#3,workzone_wave2
C:\Users\jiahu\OneDrive\Documents\human_detect\work-zone-safety-rgbd-dataset\workzone_rgbd_dataset_wave2\images\3people-garage_000889.png,3people-garage_000889,3people-garage,000889,rgb,3people-garage_000889#1,487.663513,372.754944,539.217041,477.463440,11.246094,11.246094,>6,lidar_wave2,garage,3people-garage,3people-garage_000889#1,workzone_wave2
C:\Users\jiahu\OneDrive\Documents\human_detect\work-zone-safety-rgbd-dataset\workzone_rgbd_dataset_wave2\images\3people-garage_000889.png,3people-garage_000889,3people-garage,000889,rgb,3people-garage_000889#2,632.452148,346.044342,678.372803,510.155914,8.078125,8.078125,>6,lidar_wave2,garage,3people-garage,3people-garage_000889#2,workzone_wave2
C:\Users\jiahu\OneDrive\Documents\human_detect\work-zone-safety-rgbd-dataset\workzone_rgbd_dataset_wave2\images\3people-garage_000890.png,3people-garage_000890,3people-garage,000890,rgb,3people-garage_000890#1,482.917450,371.470764,536.791016,478.568329,11.179688,11.179688,>6,lidar_wave2,garage,3people-garage,3people-garage_000890#1,workzone_wave2
C:\Users\jiahu\OneDrive\Documents\human_detect\work-zone-safety-rgbd-dataset\workzone_rgbd_dataset_wave2\images\3people-garage_000890.png,3people-garage_000890,3people-garage,000890,rgb,3people-garage_000890#2,629.788574,350.462463,676.989868,508.319733,8.031250,8.031250,>6,lidar_wave2,garage,3people-garage,3people-garage_000890#2,workzone_wave2
C:\Users\jiahu\OneDrive\Documents\human_detect\work-zone-safety-rgbd-dataset\workzone_rgbd_dataset_wave2\images\3people-garage_000909.png,3people-garage_000909,3people-garage,000909,rgb,3people-garage_000909#1,404.824768,373.820190,447.028381,491.253967,9.492188,9.492188,>6,lidar_wave2,garage,3people-garage,3people-garage_000909#1,workzone_wave2
C:\Users\jiahu\OneDrive\Documents\human_detect\work-zone-safety-rgbd-dataset\workzone_rgbd_dataset_wave2\images\3people-garage_000909.png,3people-garage_000909,3people-garage,000909,rgb,3people-garage_000909#2,604.206299,360.249512,640.042175,488.170563,9.570312,9.570312,>6,lidar_wave2,garage,3people-garage,3people-garage_000909#2,workzone_wave2
C:\Users\jiahu\OneDrive\Documents\human_detect\work-zone-safety-rgbd-dataset\workzone_rgbd_dataset_wave2\images\3people-garage_000912.png,3people-garage_000912,3people-garage,000912,rgb,3people-garage_000912#1,380.110382,371.822357,427.060455,495.584473,8.804688,8.804688,>6,lidar_wave2,garage,3people-garage,3people-garage_000912#1,workzone_wave2
C:\Users\jiahu\OneDrive\Documents\human_detect\work-zone-safety-rgbd-dataset\workzone_rgbd_dataset_wave2\images\3people-garage_000912.png,3people-garage_000912,3people-garage,000912,rgb,3people-garage_000912#2,599.350586,355.203552,635.505676,481.948700,9.820312,9.820312,>6,lidar_wave2,garage,3people-garage,3people-garage_000912#2,workzone_wave2
C:\Users\jiahu\OneDrive\Documents\human_detect\work-zone-safety-rgbd-dataset\workzone_rgbd_dataset_wave2\images\3people-garage_000920.png,3people-garage_000920,3people-garage,000920,rgb,3people-garage_000920#1,0.119399,341.589569,46.910900,573.064087,5.154297,5.154297,3-6,lidar_wave2,garage,3people-garage,3people-garage_000920#1,workzone_wave2
C:\Users\jiahu\OneDrive\Documents\human_detect\work-zone-safety-rgbd-dataset\workzone_rgbd_dataset_wave2\images\3people-garage_000920.png,3people-garage_000920,3people-garage,000920,rgb,3people-garage_000920#2,331.720398,373.112518,370.478149,502.303894,8.695312,8.695312,>6,lidar_wave2,garage,3people-garage,3people-garage_000920#2,workzone_wave2
C:\Users\jiahu\OneDrive\Documents\human_detect\work-zone-safety-rgbd-dataset\workzone_rgbd_dataset_wave2\images\3people-garage_000920.png,3people-garage_000920,3people-garage,000920,rgb,3people-garage_000920#3,580.052124,357.683197,620.216125,477.543213,10.953125,10.953125,>6,lidar_wave2,garage,3people-garage,3people-garage_000920#3,workzone_wave2
C:\Users\jiahu\OneDrive\Documents\human_detect\work-zone-safety-rgbd-dataset\workzone_rgbd_dataset_wave2\images\3people-garage_000931.png,3people-garage_000931,3people-garage,000931,rgb,3people-garage_000931#1,56.813828,342.896637,153.033524,575.217957,5.003906,5.003906,3-6,lidar_wave2,garage,3people-garage,3people-garage_000931#1,workzone_wave2
C:\Users\jiahu\OneDrive\Documents\human_detect\work-zone-safety-rgbd-dataset\workzone_rgbd_dataset_wave2\images\3people-garage_000931.png,3people-garage_000931,3people-garage,000931,rgb,3people-garage_000931#2,229.100418,375.155457,297.625519,512.094910,8.203125,8.203125,>6,lidar_wave2,garage,3people-garage,3people-garage_000931#2,workzone_wave2
C:\Users\jiahu\OneDrive\Documents\human_detect\work-zone-safety-rgbd-dataset\workzone_rgbd_dataset_wave2\images\3people-garage_000931.png,3people-garage_000931,3people-garage,000931,rgb,3people-garage_000931#3,557.625977,362.318054,592.666870,467.256439,11.875000,11.875000,>6,lidar_wave2,garage,3people-garage,3people-garage_000931#3,workzone_wave2
C:\Users\jiahu\OneDrive\Documents\human_detect\work-zone-safety-rgbd-dataset\workzone_rgbd_dataset_wave2\images\3people-garage_000941.png,3people-garage_000941,3people-garage,000941,rgb,3people-garage_000941#1,147.852759,374.058244,191.584579,511.695349,6.488281,6.488281,>6,lidar_wave2,garage,3people-garage,3people-garage_000941#1,workzone_wave2
C:\Users\jiahu\OneDrive\Documents\human_detect\work-zone-safety-rgbd-dataset\workzone_rgbd_dataset_wave2\images\3people-garage_000941.png,3people-garage_000941,3people-garage,000941,rgb,3people-garage_000941#2,166.787674,339.974468,267.234505,581.101883,5.070312,5.070312,3-6,lidar_wave2,garage,3people-garage,3people-garage_000941#2,workzone_wave2
C:\Users\jiahu\OneDrive\Documents\human_detect\work-zone-safety-rgbd-dataset\workzone_rgbd_dataset_wave2\images\3people-garage_000941.png,3people-garage_000941,3people-garage,000941,rgb,3people-garage_000941#3,522.707275,367.244202,560.158752,464.503601,12.882812,12.882812,>6,lidar_wave2,garage,3people-garage,3people-garage_000941#3,workzone_wave2
C:\Users\jiahu\OneDrive\Documents\human_detect\work-zone-safety-rgbd-dataset\workzone_rgbd_dataset_wave2\images\3people-garage_000951.png,3people-garage_000951,3people-garage,000951,rgb,3people-garage_000951#1,310.885071,335.812805,420.910797,595.695129,4.777344,4.777344,3-6,lidar_wave2,garage,3people-garage,3people-garage_000951#1,workzone_wave2
C:\Users\jiahu\OneDrive\Documents\human_detect\work-zone-safety-rgbd-dataset\workzone_rgbd_dataset_wave2\images\3people-garage_000951.png,3people-garage_000951,3people-garage,000951,rgb,3people-garage_000951#2,480.826111,355.021158,520.953474,463.813782,12.125000,12.125000,>6,lidar_wave2,garage,3people-garage,3people-garage_000951#2,workzone_wave2
C:\Users\jiahu\OneDrive\Documents\human_detect\work-zone-safety-rgbd-dataset\workzone_rgbd_dataset_wave2\images\3people-garage_000963.png,3people-garage_000963,3people-garage,000963,rgb,3people-garage_000963#1,426.038907,361.430939,468.859586,463.775025,12.390625,12.390625,>6,lidar_wave2,garage,3people-garage,3people-garage_000963#1,workzone_wave2
C:\Users\jiahu\OneDrive\Documents\human_detect\work-zone-safety-rgbd-dataset\workzone_rgbd_dataset_wave2\images\3people-garage_000963.png,3people-garage_000963,3people-garage,000963,rgb,3people-garage_000963#2,499.657471,333.824176,563.402002,591.224915,4.906250,4.906250,3-6,lidar_wave2,garage,3people-garage,3people-garage_000963#2,workzone_wave2
C:\Users\jiahu\OneDrive\Documents\human_detect\work-zone-safety-rgbd-dataset\workzone_rgbd_dataset_wave2\images\3people-garage_000976.png,3people-garage_000976,3people-garage,000976,rgb,3people-garage_000976#1,363.278233,365.334264,417.746603,472.494591,11.769531,11.769531,>6,lidar_wave2,garage,3people-garage,3people-garage_000976#1,workzone_wave2
C:\Users\jiahu\OneDrive\Documents\human_detect\work-zone-safety-rgbd-dataset\workzone_rgbd_dataset_wave2\images\3people-garage_000976.png,3people-garage_000976,3people-garage,000976,rgb,3people-garage_000976#2,653.594299,334.810089,745.759705,573.975647,5.328125,5.328125,3-6,lidar_wave2,garage,3people-garage,3people-garage_000976#2,workzone_wave2
C:\Users\jiahu\OneDrive\Documents\human_detect\work-zone-safety-rgbd-dataset\workzone_rgbd_dataset_wave2\images\3people-garage_000985.png,3people-garage_000985,3people-garage,000985,rgb,3people-garage_000985#1,0.028061,363.890625,82.663330,596.147339,4.890625,4.890625,3-6,lidar_wave2,garage,3people-garage,3people-garage_000985#1,workzone_wave2
C:\Users\jiahu\OneDrive\Documents\human_detect\work-zone-safety-rgbd-dataset\workzone_rgbd_dataset_wave2\images\3people-garage_000985.png,3people-garage_000985,3people-garage,000985,rgb,3people-garage_000985#2,335.295166,365.164612,370.155884,468.233948,12.101562,12.101562,>6,lidar_wave2,garage,3people-garage,3people-garage_000985#2,workzone_wave2
C:\Users\jiahu\OneDrive\Documents\human_detect\work-zone-safety-rgbd-dataset\workzone_rgbd_dataset_wave2\images\3people-garage_000985.png,3people-garage_000985,3people-garage,000985,rgb,3people-garage_000985#3,707.391724,342.716949,793.903076,554.571594,5.906250,5.906250,3-6,lidar_wave2,garage,3people-garage,3people-garage_000985#3,workzone_wave2
C:\Users\jiahu\OneDrive\Documents\human_detect\work-zone-safety-rgbd-dataset\workzone_rgbd_dataset_wave2\images\3people-garage_000992.png,3people-garage_000992,3people-garage,000992,rgb,3people-garage_000992#1,44.154251,363.120941,158.172791,603.354370,4.675781,4.675781,3-6,lidar_wave2,garage,3people-garage,3people-garage_000992#1,workzone_wave2
C:\Users\jiahu\OneDrive\Documents\human_detect\work-zone-safety-rgbd-dataset\workzone_rgbd_dataset_wave2\images\3people-garage_000992.png,3people-garage_000992,3people-garage,000992,rgb,3people-garage_000992#2,308.931061,355.030308,350.238329,471.431531,11.574219,11.574219,>6,lidar_wave2,garage,3people-garage,3people-garage_000992#2,workzone_wave2
C:\Users\jiahu\OneDrive\Documents\human_detect\work-zone-safety-rgbd-dataset\workzone_rgbd_dataset_wave2\images\3people-garage_000992.png,3people-garage_000992,3people-garage,000992,rgb,3people-garage_000992#3,737.460205,343.905334,821.231140,539.744507,6.414062,6.414062,>6,lidar_wave2,garage,3people-garage,3people-garage_000992#3,workzone_wave2
C:\Users\jiahu\OneDrive\Documents\human_detect\work-zone-safety-rgbd-dataset\workzone_rgbd_dataset_wave2\images\3people-garage_001002.png,3people-garage_001002,3people-garage,001002,rgb,3people-garage_001002#1,173.319214,355.082977,255.945969,615.968628,4.437500,4.437500,3-6,lidar_wave2,garage,3people-garage,3people-garage_001002#1,workzone_wave2
C:\Users\jiahu\OneDrive\Documents\human_detect\work-zone-safety-rgbd-dataset\workzone_rgbd_dataset_wave2\images\3people-garage_001002.png,3people-garage_001002,3people-garage,001002,rgb,3people-garage_001002#2,283.255717,358.441263,323.286418,477.141571,10.363281,10.363281,>6,lidar_wave2,garage,3people-garage,3people-garage_001002#2,workzone_wave2
C:\Users\jiahu\OneDrive\Documents\human_detect\work-zone-safety-rgbd-dataset\workzone_rgbd_dataset_wave2\images\3people-garage_001002.png,3people-garage_001002,3people-garage,001002,rgb,3people-garage_001002#3,753.999268,350.615173,818.692810,523.783142,7.484375,7.484375,>6,lidar_wave2,garage,3people-garage,3people-garage_001002#3,workzone_wave2
C:\Users\jiahu\OneDrive\Documents\human_detect\work-zone-safety-rgbd-dataset\workzone_rgbd_dataset_wave2\images\3people-garage_001017.png,3people-garage_001017,3people-garage,001017,rgb,3people-garage_001017#1,248.009995,358.898102,294.826569,490.907440,10.382812,10.382812,>6,lidar_wave2,garage,3people-garage,3people-garage_001017#1,workzone_wave2
C:\Users\jiahu\OneDrive\Documents\human_detect\work-zone-safety-rgbd-dataset\workzone_rgbd_dataset_wave2\images\3people-garage_001017.png,3people-garage_001017,3people-garage,001017,rgb,3people-garage_001017#2,375.556213,359.063995,467.065460,617.014648,4.345703,4.345703,3-6,lidar_wave2,garage,3people-garage,3people-garage_001017#2,workzone_wave2
C:\Users\jiahu\OneDrive\Documents\human_detect\work-zone-safety-rgbd-dataset\workzone_rgbd_dataset_wave2\images\3people-garage_001017.png,3people-garage_001017,3people-garage,001017,rgb,3people-garage_001017#3,736.501831,355.749603,788.057800,492.780151,8.617188,8.617188,>6,lidar_wave2,garage,3people-garage,3people-garage_001017#3,workzone_wave2
C:\Users\jiahu\OneDrive\Documents\human_detect\work-zone-safety-rgbd-dataset\workzone_rgbd_dataset_wave2\images\3people-garage_001020.png,3people-garage_001020,3people-garage,001020,rgb,3people-garage_001020#1,243.171799,358.405518,293.688934,492.345154,9.718750,9.718750,>6,lidar_wave2,garage,3people-garage,3people-garage_001020#1,workzone_wave2
C:\Users\jiahu\OneDrive\Documents\human_detect\work-zone-safety-rgbd-dataset\workzone_rgbd_dataset_wave2\images\3people-garage_001020.png,3people-garage_001020,3people-garage,001020,rgb,3people-garage_001020#2,424.981659,360.209229,543.407837,612.843384,4.503906,4.503906,3-6,lidar_wave2,garage,3people-garage,3people-garage_001020#2,workzone_wave2
C:\Users\jiahu\OneDrive\Documents\human_detect\work-zone-safety-rgbd-dataset\workzone_rgbd_dataset_wave2\images\3people-garage_001020.png,3people-garage_001020,3people-garage,001020,rgb,3people-garage_001020#3,729.531738,355.288215,778.747555,487.268219,9.562500,9.562500,>6,lidar_wave2,garage,3people-garage,3people-garage_001020#3,workzone_wave2
C:\Users\jiahu\OneDrive\Documents\human_detect\work-zone-safety-rgbd-dataset\workzone_rgbd_dataset_wave2\images\3people-garage_001031.png,3people-garage_001031,3people-garage,001031,rgb,3people-garage_001031#1,226.096848,356.376434,281.376434,503.996246,8.750000,8.750000,>6,lidar_wave2,garage,3people-garage,3people-garage_001031#1,workzone_wave2
C:\Users\jiahu\OneDrive\Documents\human_detect\work-zone-safety-rgbd-dataset\workzone_rgbd_dataset_wave2\images\3people-garage_001031.png,3people-garage_001031,3people-garage,001031,rgb,3people-garage_001031#2,560.303040,358.875031,668.599304,595.455322,4.890625,4.890625,3-6,lidar_wave2,garage,3people-garage,3people-garage_001031#2,workzone_wave2
C:\Users\jiahu\OneDrive\Documents\human_detect\work-zone-safety-rgbd-dataset\workzone_rgbd_dataset_wave2\images\3people-garage_001031.png,3people-garage_001031,3people-garage,001031,rgb,3people-garage_001031#3,700.568726,358.597443,745.157654,477.266083,10.921875,10.921875,>6,lidar_wave2,garage,3people-garage,3people-garage_001031#3,workzone_wave2
C:\Users\jiahu\OneDrive\Documents\human_detect\work-zone-safety-rgbd-dataset\workzone_rgbd_dataset_wave2\images\3people-garage_001040.png,3people-garage_001040,3people-garage,001040,rgb,3people-garage_001040#1,217.080963,354.680542,271.902008,516.525452,7.828125,7.828125,>6,lidar_wave2,garage,3people-garage,3people-garage_001040#1,workzone_wave2
C:\Users\jiahu\OneDrive\Documents\human_detect\work-zone-safety-rgbd-dataset\workzone_rgbd_dataset_wave2\images\3people-garage_001040.png,3people-garage_001040,3people-garage,001040,rgb,3people-garage_001040#2,639.422852,368.477783,719.021179,576.460510,5.207031,5.207031,3-6,lidar_wave2,garage,3people-garage,3people-garage_001040#2,workzone_wave2
C:\Users\jiahu\OneDrive\Documents\human_detect\work-zone-safety-rgbd-dataset\workzone_rgbd_dataset_wave2\images\3people-garage_001040.png,3people-garage_001040,3people-garage,001040,rgb,3people-garage_001040#3,675.349698,357.700665,720.292142,486.561505,10.957031,10.957031,>6,lidar_wave2,garage,3people-garage,3people-garage_001040#3,workzone_wave2
C:\Users\jiahu\OneDrive\Documents\human_detect\work-zone-safety-rgbd-dataset\workzone_rgbd_dataset_wave2\images\3people-garage_001059.png,3people-garage_001059,3people-garage,001059,rgb,3people-garage_001059#1,155.329056,347.818726,227.427841,545.864868,6.421875,6.421875,>6,lidar_wave2,garage,3people-garage,3people-garage_001059#1,workzone_wave2
C:\Users\jiahu\OneDrive\Documents\human_detect\work-zone-safety-rgbd-dataset\workzone_rgbd_dataset_wave2\images\3people-garage_001059.png,3people-garage_001059,3people-garage,001059,rgb,3people-garage_001059#2,577.291748,360.277252,640.905884,464.953247,11.859375,11.859375,>6,lidar_wave2,garage,3people-garage,3people-garage_001059#2,workzone_wave2
C:\Users\jiahu\OneDrive\Documents\human_detect\work-zone-safety-rgbd-dataset\workzone_rgbd_dataset_wave2\images\3people-garage_001059.png,3people-garage_001059,3people-garage,001059,rgb,3people-garage_001059#3,712.121887,358.595764,786.594421,539.902222,6.589844,6.589844,>6,lidar_wave2,garage,3people-garage,3people-garage_001059#3,workzone_wave2
C:\Users\jiahu\OneDrive\Documents\human_detect\work-zone-safety-rgbd-dataset\workzone_rgbd_dataset_wave2\images\3people-garage_001062.png,3people-garage_001062,3people-garage,001062,rgb,3people-garage_001062#1,139.560898,348.224182,210.353073,557.657104,6.109375,6.109375,>6,lidar_wave2,garage,3people-garage,3people-garage_001062#1,workzone_wave2
C:\Users\jiahu\OneDrive\Documents\human_detect\work-zone-safety-rgbd-dataset\workzone_rgbd_dataset_wave2\images\3people-garage_001062.png,3people-garage_001062,3people-garage,001062,rgb,3people-garage_001062#2,571.875977,362.094147,609.902405,464.095459,12.078125,12.078125,>6,lidar_wave2,garage,3people-garage,3people-garage_001062#2,workzone_wave2
C:\Users\jiahu\OneDrive\Documents\human_detect\work-zone-safety-rgbd-dataset\workzone_rgbd_dataset_wave2\images\3people-garage_001062.png,3people-garage_001062,3people-garage,001062,rgb,3people-garage_001062#3,715.962402,358.145691,779.157166,540.561462,6.730469,6.730469,>6,lidar_wave2,garage,3people-garage,3people-garage_001062#3,workzone_wave2
C:\Users\jiahu\OneDrive\Documents\human_detect\work-zone-safety-rgbd-dataset\workzone_rgbd_dataset_wave2\images\3people-garage_001078.png,3people-garage_001078,3people-garage,001078,rgb,3people-garage_001078#1,26.021885,336.684235,140.243530,595.404785,4.640625,4.640625,3-6,lidar_wave2,garage,3people-garage,3people-garage_001078#1,workzone_wave2
C:\Users\jiahu\OneDrive\Documents\human_detect\work-zone-safety-rgbd-dataset\workzone_rgbd_dataset_wave2\images\3people-garage_001078.png,3people-garage_001078,3people-garage,001078,rgb,3people-garage_001078#2,501.966187,362.002350,543.228333,475.252350,11.683594,11.683594,>6,lidar_wave2,garage,3people-garage,3people-garage_001078#2,workzone_wave2
C:\Users\jiahu\OneDrive\Documents\human_detect\work-zone-safety-rgbd-dataset\workzone_rgbd_dataset_wave2\images\3people-garage_001078.png,3people-garage_001078,3people-garage,001078,rgb,3people-garage_001078#3,692.594849,369.680511,744.495911,505.776031,8.015625,8.015625,>6,lidar_wave2,garage,3people-garage,3people-garage_001078#3,workzone_wave2
C:\Users\jiahu\OneDrive\Documents\human_detect\work-zone-safety-rgbd-dataset\workzone_rgbd_dataset_wave2\images\3people-garage_001085.png,3people-garage_001085,3people-garage,001085,rgb,3people-garage_001085#1,0.000000,335.931152,110.576454,626.728455,4.441406,4.441406,3-6,lidar_wave2,garage,3people-garage,3people-garage_001085#1,workzone_wave2
C:\Users\jiahu\OneDrive\Documents\human_detect\work-zone-safety-rgbd-dataset\workzone_rgbd_dataset_wave2\images\3people-garage_001085.png,3people-garage_001085,3people-garage,001085,rgb,3people-garage_001085#2,465.629730,359.298897,517.774841,482.565346,10.226562,10.226562,>6,lidar_wave2,garage,3people-garage,3people-garage_001085#2,workzone_wave2
C:\Users\jiahu\OneDrive\Documents\human_detect\work-zone-safety-rgbd-dataset\workzone_rgbd_dataset_wave2\images\3people-garage_001085.png,3people-garage_001085,3people-garage,001085,rgb,3people-garage_001085#3,687.101990,371.015900,736.882141,498.832123,8.339844,8.339844,>6,lidar_wave2,garage,3people-garage,3people-garage_001085#3,workzone_wave2
C:\Users\jiahu\OneDrive\Documents\human_detect\work-zone-safety-rgbd-dataset\workzone_rgbd_dataset_wave2\images\3people-garage_001097.png,3people-garage_001097,3people-garage,001097,rgb,3people-garage_001097#1,0.128735,336.560669,49.412350,667.162781,3.755859,3.755859,3-6,lidar_wave2,garage,3people-garage,3people-garage_001097#1,workzone_wave2
C:\Users\jiahu\OneDrive\Documents\human_detect\work-zone-safety-rgbd-dataset\workzone_rgbd_dataset_wave2\images\3people-garage_001097.png,3people-garage_001097,3people-garage,001097,rgb,3people-garage_001097#2,425.475769,356.869904,470.102509,493.963348,8.992188,8.992188,>6,lidar_wave2,garage,3people-garage,3people-garage_001097#2,workzone_wave2
C:\Users\jiahu\OneDrive\Documents\human_detect\work-zone-safety-rgbd-dataset\workzone_rgbd_dataset_wave2\images\3people-garage_001097.png,3people-garage_001097,3people-garage,001097,rgb,3people-garage_001097#3,670.260925,368.903503,712.300476,482.789978,9.781250,9.781250,>6,lidar_wave2,garage,3people-garage,3people-garage_001097#3,workzone_wave2
C:\Users\jiahu\OneDrive\Documents\human_detect\work-zone-safety-rgbd-dataset\workzone_rgbd_dataset_wave2\images\3people-garage_001100.png,3people-garage_001100,3people-garage,001100,rgb,3people-garage_001100#1,397.997253,357.381622,459.260590,497.178070,8.703125,8.703125,>6,lidar_wave2,garage,3people-garage,3people-garage_001100#1,workzone_wave2
C:\Users\jiahu\OneDrive\Documents\human_detect\work-zone-safety-rgbd-dataset\workzone_rgbd_dataset_wave2\images\3people-garage_001100.png,3people-garage_001100,3people-garage,001100,rgb,3people-garage_001100#2,663.783203,367.833344,702.272339,480.095490,10.003906,10.003906,>6,lidar_wave2,garage,3people-garage,3people-garage_001100#2,workzone_wave2
C:\Users\jiahu\OneDrive\Documents\human_detect\work-zone-safety-rgbd-dataset\workzone_rgbd_dataset_wave2\images\3people-garage_001111.png,3people-garage_001111,3people-garage,001111,rgb,3people-garage_001111#1,0.000000,320.468121,70.115729,676.630810,,,<3,lidar_wave2,garage,3people-garage,3people-garage_001111#1,workzone_wave2
C:\Users\jiahu\OneDrive\Documents\human_detect\work-zone-safety-rgbd-dataset\workzone_rgbd_dataset_wave2\images\3people-garage_001111.png,3people-garage_001111,3people-garage,001111,rgb,3people-garage_001111#2,354.447815,353.098633,407.867523,515.043518,7.617188,7.617188,>6,lidar_wave2,garage,3people-garage,3people-garage_001111#2,workzone_wave2
C:\Users\jiahu\OneDrive\Documents\human_detect\work-zone-safety-rgbd-dataset\workzone_rgbd_dataset_wave2\images\3people-garage_001111.png,3people-garage_001111,3people-garage,001111,rgb,3people-garage_001111#3,636.231140,374.444214,684.313538,475.987274,10.687500,10.687500,>6,lidar_wave2,garage,3people-garage,3people-garage_001111#3,workzone_wave2
C:\Users\jiahu\OneDrive\Documents\human_detect\work-zone-safety-rgbd-dataset\workzone_rgbd_dataset_wave2\images\3people-garage_001123.png,3people-garage_001123,3people-garage,001123,rgb,3people-garage_001123#1,13.108200,290.113739,231.521088,719.134460,2.355469,2.355469,<3,lidar_wave2,garage,3people-garage,3people-garage_001123#1,workzone_wave2
C:\Users\jiahu\OneDrive\Documents\human_detect\work-zone-safety-rgbd-dataset\workzone_rgbd_dataset_wave2\images\3people-garage_001123.png,3people-garage_001123,3people-garage,001123,rgb,3people-garage_001123#2,273.336853,353.911835,340.890778,540.958069,6.734375,6.734375,>6,lidar_wave2,garage,3people-garage,3people-garage_001123#2,workzone_wave2
C:\Users\jiahu\OneDrive\Documents\human_detect\work-zone-safety-rgbd-dataset\workzone_rgbd_dataset_wave2\images\3people-garage_001123.png,3people-garage_001123,3people-garage,001123,rgb,3people-garage_001123#3,621.359565,363.214208,677.856356,480.330280,11.046875,11.046875,>6,lidar_wave2,garage,3people-garage,3people-garage_001123#3,workzone_wave2
C:\Users\jiahu\OneDrive\Documents\human_detect\work-zone-safety-rgbd-dataset\workzone_rgbd_dataset_wave2\images\3people-garage_001137.png,3people-garage_001137,3people-garage,001137,rgb,3people-garage_001137#1,168.463120,346.336487,262.385925,577.532410,5.664062,5.664062,3-6,lidar_wave2,garage,3people-garage,3people-garage_001137#1,workzone_wave2
C:\Users\jiahu\OneDrive\Documents\human_detect\work-zone-safety-rgbd-dataset\workzone_rgbd_dataset_wave2\images\3people-garage_001137.png,3people-garage_001137,3people-garage,001137,rgb,3people-garage_001137#2,316.420654,289.278107,454.651093,719.582520,2.306641,2.306641,<3,lidar_wave2,garage,3people-garage,3people-garage_001137#2,workzone_wave2
C:\Users\jiahu\OneDrive\Documents\human_detect\work-zone-safety-rgbd-dataset\workzone_rgbd_dataset_wave2\images\3people-garage_001137.png,3people-garage_001137,3people-garage,001137,rgb,3people-garage_001137#3,616.260343,366.369684,677.794999,478.770518,11.414062,11.414062,>6,lidar_wave2,garage,3people-garage,3people-garage_001137#3,workzone_wave2
C:\Users\jiahu\OneDrive\Documents\human_detect\work-zone-safety-rgbd-dataset\workzone_rgbd_dataset_wave2\images\3people-garage_001149.png,3people-garage_001149,3people-garage,001149,rgb,3people-garage_001149#1,144.616135,332.040253,258.970184,633.137939,4.371094,4.371094,3-6,lidar_wave2,garage,3people-garage,3people-garage_001149#1,workzone_wave2
C:\Users\jiahu\OneDrive\Documents\human_detect\work-zone-safety-rgbd-dataset\workzone_rgbd_dataset_wave2\images\3people-garage_001149.png,3people-garage_001149,3people-garage,001149,rgb,3people-garage_001149#2,526.424988,294.145477,670.296570,719.489014,2.513672,2.513672,<3,lidar_wave2,garage,3people-garage,3people-garage_001149#2,workzone_wave2
C:\Users\jiahu\OneDrive\Documents\human_detect\work-zone-safety-rgbd-dataset\workzone_rgbd_dataset_wave2\images\3people-garage_001159.png,3people-garage_001159,3people-garage,001159,rgb,3people-garage_001159#1,94.730461,313.145844,251.853012,719.421570,3.273438,3.273438,3-6,lidar_wave2,garage,3people-garage,3people-garage_001159#1,workzone_wave2
C:\Users\jiahu\OneDrive\Documents\human_detect\work-zone-safety-rgbd-dataset\workzone_rgbd_dataset_wave2\images\3people-garage_001159.png,3people-garage_001159,3people-garage,001159,rgb,3people-garage_001159#2,536.711412,384.540985,586.869248,478.381700,10.562500,10.562500,>6,lidar_wave2,garage,3people-garage,3people-garage_001159#2,workzone_wave2
C:\Users\jiahu\OneDrive\Documents\human_detect\work-zone-safety-rgbd-dataset\workzone_rgbd_dataset_wave2\images\3people-garage_001159.png,3people-garage_001159,3people-garage,001159,rgb,3people-garage_001159#3,661.038818,305.040894,804.527405,720.000000,2.935547,2.935547,<3,lidar_wave2,garage,3people-garage,3people-garage_001159#3,workzone_wave2
C:\Users\jiahu\OneDrive\Documents\human_detect\work-zone-safety-rgbd-dataset\workzone_rgbd_dataset_wave2\images\3people-garage_001163.png,3people-garage_001163,3people-garage,001163,rgb,3people-garage_001163#1,44.886223,305.311371,230.010910,719.349548,2.939453,2.939453,<3,lidar_wave2,garage,3people-garage,3people-garage_001163#1,workzone_wave2
C:\Users\jiahu\OneDrive\Documents\human_detect\work-zone-safety-rgbd-dataset\workzone_rgbd_dataset_wave2\images\3people-garage_001163.png,3people-garage_001163,3people-garage,001163,rgb,3people-garage_001163#2,527.118232,370.310079,566.260028,471.458051,11.156250,11.156250,>6,lidar_wave2,garage,3people-garage,3people-garage_001163#2,workzone_wave2
C:\Users\jiahu\OneDrive\Documents\human_detect\work-zone-safety-rgbd-dataset\workzone_rgbd_dataset_wave2\images\3people-garage_001163.png,3people-garage_001163,3people-garage,001163,rgb,3people-garage_001163#3,701.408936,307.884918,846.991699,705.689026,3.066406,3.066406,3-6,lidar_wave2,garage,3people-garage,3people-garage_001163#3,workzone_wave2
C:\Users\jiahu\OneDrive\Documents\human_detect\work-zone-safety-rgbd-dataset\workzone_rgbd_dataset_wave2\images\3people-garage_001172.png,3people-garage_001172,3people-garage,001172,rgb,3people-garage_001172#1,78.292117,281.426569,300.899447,719.501795,2.205078,2.205078,<3,lidar_wave2,garage,3people-garage,3people-garage_001172#1,workzone_wave2
C:\Users\jiahu\OneDrive\Documents\human_detect\work-zone-safety-rgbd-dataset\workzone_rgbd_dataset_wave2\images\3people-garage_001172.png,3people-garage_001172,3people-garage,001172,rgb,3people-garage_001172#2,483.152252,372.632172,526.857666,472.558685,10.847656,10.847656,>6,lidar_wave2,garage,3people-garage,3people-garage_001172#2,workzone_wave2
C:\Users\jiahu\OneDrive\Documents\human_detect\work-zone-safety-rgbd-dataset\workzone_rgbd_dataset_wave2\images\3people-garage_001172.png,3people-garage_001172,3people-garage,001172,rgb,3people-garage_001172#3,731.130920,313.322479,867.263672,668.939941,3.500000,3.500000,3-6,lidar_wave2,garage,3people-garage,3people-garage_001172#3,workzone_wave2
C:\Users\jiahu\OneDrive\Documents\human_detect\work-zone-safety-rgbd-dataset\workzone_rgbd_dataset_wave2\images\3people-garage_001188.png,3people-garage_001188,3people-garage,001188,rgb,3people-garage_001188#1,425.266876,365.156006,463.511566,481.741364,10.640625,10.640625,>6,lidar_wave2,garage,3people-garage,3people-garage_001188#1,workzone_wave2
C:\Users\jiahu\OneDrive\Documents\human_detect\work-zone-safety-rgbd-dataset\workzone_rgbd_dataset_wave2\images\3people-garage_001188.png,3people-garage_001188,3people-garage,001188,rgb,3people-garage_001188#2,541.153564,218.234543,788.861755,719.501648,1.309570,1.309570,<3,lidar_wave2,garage,3people-garage,3people-garage_001188#2,workzone_wave2
C:\Users\jiahu\OneDrive\Documents\human_detect\work-zone-safety-rgbd-dataset\workzone_rgbd_dataset_wave2\images\3people-garage_001188.png,3people-garage_001188,3people-garage,001188,rgb,3people-garage_001188#3,746.005737,331.543396,849.201965,601.639343,4.593750,4.593750,3-6,lidar_wave2,garage,3people-garage,3people-garage_001188#3,workzone_wave2
C:\Users\jiahu\OneDrive\Documents\human_detect\work-zone-safety-rgbd-dataset\workzone_rgbd_dataset_wave2\images\3people-garage_001196.png,3people-garage_001196,3people-garage,001196,rgb,3people-garage_001196#1,381.899872,380.186340,431.280212,489.228790,10.523438,10.523438,>6,lidar_wave2,garage,3people-garage,3people-garage_001196#1,workzone_wave2
C:\Users\jiahu\OneDrive\Documents\human_detect\work-zone-safety-rgbd-dataset\workzone_rgbd_dataset_wave2\images\3people-garage_001196.png,3people-garage_001196,3people-garage,001196,rgb,3people-garage_001196#2,723.253967,334.754211,803.415405,581.954285,4.808594,4.808594,3-6,lidar_wave2,garage,3people-garage,3people-garage_001196#2,workzone_wave2
C:\Users\jiahu\OneDrive\Documents\human_detect\work-zone-safety-rgbd-dataset\workzone_rgbd_dataset_wave2\images\3people-garage_001196.png,3people-garage_001196,3people-garage,001196,rgb,3people-garage_001196#3,800.333313,239.259476,959.529602,718.391602,1.521484,1.521484,<3,lidar_wave2,garage,3people-garage,3people-garage_001196#3,workzone_wave2
C:\Users\jiahu\OneDrive\Documents\human_detect\work-zone-safety-rgbd-dataset\workzone_rgbd_dataset_wave2\images\3people-garage_001200.png,3people-garage_001200,3people-garage,001200,rgb,3people-garage_001200#1,381.582397,370.341858,419.773987,490.753326,9.375000,9.375000,>6,lidar_wave2,garage,3people-garage,3people-garage_001200#1,workzone_wave2
C:\Users\jiahu\OneDrive\Documents\human_detect\work-zone-safety-rgbd-dataset\workzone_rgbd_dataset_wave2\images\3people-garage_001200.png,3people-garage_001200,3people-garage,001200,rgb,3people-garage_001200#2,718.141174,338.920624,803.942322,568.418945,5.484375,5.484375,3-6,lidar_wave2,garage,3people-garage,3people-garage_001200#2,workzone_wave2
C:\Users\jiahu\OneDrive\Documents\human_detect\work-zone-safety-rgbd-dataset\workzone_rgbd_dataset_wave2\images\3people-garage_001200.png,3people-garage_001200,3people-garage,001200,rgb,3people-garage_001200#3,872.514587,356.671936,959.867249,716.860168,3.060547,3.060547,3-6,lidar_wave2,garage,3people-garage,3people-garage_001200#3,workzone_wave2
C:\Users\jiahu\OneDrive\Documents\human_detect\work-zone-safety-rgbd-dataset\workzone_rgbd_dataset_wave2\images\3people-garage_001214.png,3people-garage_001214,3people-garage,001214,rgb,3people-garage_001214#1,317.876709,373.231750,371.811523,507.481201,8.457031,8.457031,>6,lidar_wave2,garage,3people-garage,3people-garage_001214#1,workzone_wave2
C:\Users\jiahu\OneDrive\Documents\human_detect\work-zone-safety-rgbd-dataset\workzone_rgbd_dataset_wave2\images\3people-garage_001214.png,3people-garage_001214,3people-garage,001214,rgb,3people-garage_001214#2,696.799438,339.985168,766.198730,539.393250,6.492188,6.492188,>6,lidar_wave2,garage,3people-garage,3people-garage_001214#2,workzone_wave2
C:\Users\jiahu\OneDrive\Documents\human_detect\work-zone-safety-rgbd-dataset\workzone_rgbd_dataset_wave2\images\3people-garage_001214.png,3people-garage_001214,3people-garage,001214,rgb,3people-garage_001214#3,838.747984,300.056777,959.392273,718.428467,2.642578,2.642578,<3,lidar_wave2,garage,3people-garage,3people-garage_001214#3,workzone_wave2
C:\Users\jiahu\OneDrive\Documents\human_detect\work-zone-safety-rgbd-dataset\workzone_rgbd_dataset_wave2\images\3people-garage_001229.png,3people-garage_001229,3people-garage,001229,rgb,3people-garage_001229#1,253.078857,370.868500,311.026245,531.713013,6.414062,6.414062,>6,lidar_wave2,garage,3people-garage,3people-garage_001229#1,workzone_wave2
C:\Users\jiahu\OneDrive\Documents\human_detect\work-zone-safety-rgbd-dataset\workzone_rgbd_dataset_wave2\images\3people-garage_001229.png,3people-garage_001229,3people-garage,001229,rgb,3people-garage_001229#2,669.342407,348.187134,724.833496,516.352905,7.253906,7.253906,>6,lidar_wave2,garage,3people-garage,3people-garage_001229#2,workzone_wave2
C:\Users\jiahu\OneDrive\Documents\human_detect\work-zone-safety-rgbd-dataset\workzone_rgbd_dataset_wave2\images\3people-garage_001229.png,3people-garage_001229,3people-garage,001229,rgb,3people-garage_001229#3,711.679172,331.580292,815.660156,641.146462,4.175781,4.175781,3-6,lidar_wave2,garage,3people-garage,3people-garage_001229#3,workzone_wave2
C:\Users\jiahu\OneDrive\Documents\human_detect\work-zone-safety-rgbd-dataset\workzone_rgbd_dataset_wave2\images\3people-garage_001237.png,3people-garage_001237,3people-garage,001237,rgb,3people-garage_001237#1,216.168823,369.566803,286.871338,545.547607,6.378906,6.378906,>6,lidar_wave2,garage,3people-garage,3people-garage_001237#1,workzone_wave2
C:\Users\jiahu\OneDrive\Documents\human_detect\work-zone-safety-rgbd-dataset\workzone_rgbd_dataset_wave2\images\3people-garage_001237.png,3people-garage_001237,3people-garage,001237,rgb,3people-garage_001237#2,661.922607,338.165131,756.141174,598.951965,4.953125,4.953125,3-6,lidar_wave2,garage,3people-garage,3people-garage_001237#2,workzone_wave2
C:\Users\jiahu\OneDrive\Documents\human_detect\work-zone-safety-rgbd-dataset\workzone_rgbd_dataset_wave2\images\3people-garage_001246.png,3people-garage_001246,3people-garage,001246,rgb,3people-garage_001246#1,180.125702,362.682434,258.791748,572.555725,5.533203,5.533203,3-6,lidar_wave2,garage,3people-garage,3people-garage_001246#1,workzone_wave2
C:\Users\jiahu\OneDrive\Documents\human_detect\work-zone-safety-rgbd-dataset\workzone_rgbd_dataset_wave2\images\3people-garage_001246.png,3people-garage_001246,3people-garage,001246,rgb,3people-garage_001246#2,632.983948,344.037231,708.447571,556.743713,5.953125,5.953125,3-6,lidar_wave2,garage,3people-garage,3people-garage_001246#2,workzone_wave2
C:\Users\jiahu\OneDrive\Documents\human_detect\work-zone-safety-rgbd-dataset\workzone_rgbd_dataset_wave2\images\3people-garage_001258.png,3people-garage_001258,3people-garage,001258,rgb,3people-garage_001258#1,147.623810,365.641846,242.994797,617.706726,4.621094,4.621094,3-6,lidar_wave2,garage,3people-garage,3people-garage_001258#1,workzone_wave2
C:\Users\jiahu\OneDrive\Documents\human_detect\work-zone-safety-rgbd-dataset\workzone_rgbd_dataset_wave2\images\3people-garage_001258.png,3people-garage_001258,3people-garage,001258,rgb,3people-garage_001258#2,590.373047,353.926788,652.035645,528.359619,7.007812,7.007812,>6,lidar_wave2,garage,3people-garage,3people-garage_001258#2,workzone_wave2
C:\Users\jiahu\OneDrive\Documents\human_detect\work-zone-safety-rgbd-dataset\workzone_rgbd_dataset_wave2\images\3people-garage_001258.png,3people-garage_001258,3people-garage,001258,rgb,3people-garage_001258#3,637.068779,354.439660,680.923381,489.261362,10.121094,10.121094,>6,lidar_wave2,garage,3people-garage,3people-garage_001258#3,workzone_wave2
C:\Users\jiahu\OneDrive\Documents\human_detect\work-zone-safety-rgbd-dataset\workzone_rgbd_dataset_wave2\images\3people-garage_001268.png,3people-garage_001268,3people-garage,001268,rgb,3people-garage_001268#1,108.116730,361.921967,213.140945,678.966492,3.701172,3.701172,3-6,lidar_wave2,garage,3people-garage,3people-garage_001268#1,workzone_wave2
C:\Users\jiahu\OneDrive\Documents\human_detect\work-zone-safety-rgbd-dataset\workzone_rgbd_dataset_wave2\images\3people-garage_001268.png,3people-garage_001268,3people-garage,001268,rgb,3people-garage_001268#2,546.310791,350.852478,600.371582,507.371979,7.988281,7.988281,>6,lidar_wave2,garage,3people-garage,3people-garage_001268#2,workzone_wave2
C:\Users\jiahu\OneDrive\Documents\human_detect\work-zone-safety-rgbd-dataset\workzone_rgbd_dataset_wave2\images\3people-garage_001268.png,3people-garage_001268,3people-garage,001268,rgb,3people-garage_001268#3,626.603577,356.233063,668.476135,476.635529,10.859375,10.859375,>6,lidar_wave2,garage,3people-garage,3people-garage_001268#3,workzone_wave2
C:\Users\jiahu\OneDrive\Documents\human_detect\work-zone-safety-rgbd-dataset\workzone_rgbd_dataset_wave2\images\3people-garage_001276.png,3people-garage_001276,3people-garage,001276,rgb,3people-garage_001276#1,86.843918,353.267944,229.479370,719.492798,3.142578,3.142578,3-6,lidar_wave2,garage,3people-garage,3people-garage_001276#1,workzone_wave2
C:\Users\jiahu\OneDrive\Documents\human_detect\work-zone-safety-rgbd-dataset\workzone_rgbd_dataset_wave2\images\3people-garage_001276.png,3people-garage_001276,3people-garage,001276,rgb,3people-garage_001276#2,493.005280,351.772980,541.955017,504.141174,8.199219,8.199219,>6,lidar_wave2,garage,3people-garage,3people-garage_001276#2,workzone_wave2
C:\Users\jiahu\OneDrive\Documents\human_detect\work-zone-safety-rgbd-dataset\workzone_rgbd_dataset_wave2\images\3people-garage_001276.png,3people-garage_001276,3people-garage,001276,rgb,3people-garage_001276#3,624.326599,358.988190,658.778687,474.120697,11.300781,11.300781,>6,lidar_wave2,garage,3people-garage,3people-garage_001276#3,workzone_wave2
C:\Users\jiahu\OneDrive\Documents\human_detect\work-zone-safety-rgbd-dataset\workzone_rgbd_dataset_wave2\images\3people-garage_001288.png,3people-garage_001288,3people-garage,001288,rgb,3people-garage_001288#1,201.082169,345.322449,362.025238,718.616455,2.537109,2.537109,<3,lidar_wave2,garage,3people-garage,3people-garage_001288#1,workzone_wave2
C:\Users\jiahu\OneDrive\Documents\human_detect\work-zone-safety-rgbd-dataset\workzone_rgbd_dataset_wave2\images\3people-garage_001288.png,3people-garage_001288,3people-garage,001288,rgb,3people-garage_001288#2,424.144684,357.760803,491.969788,525.101257,7.480469,7.480469,>6,lidar_wave2,garage,3people-garage,3people-garage_001288#2,workzone_wave2
C:\Users\jiahu\OneDrive\Documents\human_detect\work-zone-safety-rgbd-dataset\workzone_rgbd_dataset_wave2\images\3people-garage_001288.png,3people-garage_001288,3people-garage,001288,rgb,3people-garage_001288#3,594.746155,363.805847,625.249878,466.942383,12.917969,12.917969,>6,lidar_wave2,garage,3people-garage,3people-garage_001288#3,workzone_wave2
C:\Users\jiahu\OneDrive\Documents\human_detect\work-zone-safety-rgbd-dataset\workzone_rgbd_dataset_wave2\images\3people-garage_001291.png,3people-garage_001291,3people-garage,001291,rgb,3people-garage_001291#1,272.312439,337.565735,414.686829,719.113770,2.289062,2.289062,<3,lidar_wave2,garage,3people-garage,3people-garage_001291#1,workzone_wave2
C:\Users\jiahu\OneDrive\Documents\human_detect\work-zone-safety-rgbd-dataset\workzone_rgbd_dataset_wave2\images\3people-garage_001291.png,3people-garage_001291,3people-garage,001291,rgb,3people-garage_001291#2,408.699646,352.295837,478.747925,525.554810,7.066406,7.066406,>6,lidar_wave2,garage,3people-garage,3people-garage_001291#2,workzone_wave2
C:\Users\jiahu\OneDrive\Documents\human_detect\work-zone-safety-rgbd-dataset\workzone_rgbd_dataset_wave2\images\3people-garage_001291.png,3people-garage_001291,3people-garage,001291,rgb,3people-garage_001291#3,576.429016,360.628082,622.589539,466.604034,12.195312,12.195312,>6,lidar_wave2,garage,3people-garage,3people-garage_001291#3,workzone_wave2
C:\Users\jiahu\OneDrive\Documents\human_detect\work-zone-safety-rgbd-dataset\workzone_rgbd_dataset_wave2\images\3people-garage_001307.png,3people-garage_001307,3people-garage,001307,rgb,3people-garage_001307#1,365.426697,343.983429,454.575623,573.312866,5.593750,5.593750,3-6,lidar_wave2,garage,3people-garage,3people-garage_001307#1,workzone_wave2
C:\Users\jiahu\OneDrive\Documents\human_detect\work-zone-safety-rgbd-dataset\workzone_rgbd_dataset_wave2\images\3people-garage_001307.png,3people-garage_001307,3people-garage,001307,rgb,3people-garage_001307#2,522.100159,365.490204,550.355591,464.503052,12.722656,12.722656,>6,lidar_wave2,garage,3people-garage,3people-garage_001307#2,workzone_wave2
C:\Users\jiahu\OneDrive\Documents\human_detect\work-zone-safety-rgbd-dataset\workzone_rgbd_dataset_wave2\images\3people-garage_001307.png,3people-garage_001307,3people-garage,001307,rgb,3people-garage_001307#3,669.791016,346.199799,818.537109,719.566101,2.380859,2.380859,<3,lidar_wave2,garage,3people-garage,3people-garage_001307#3,workzone_wave2
C:\Users\jiahu\OneDrive\Documents\human_detect\work-zone-safety-rgbd-dataset\workzone_rgbd_dataset_wave2\images\3people-garage_001315.png,3people-garage_001315,3people-garage,001315,rgb,3people-garage_001315#1,378.189087,337.153015,479.881287,614.020996,4.667969,4.667969,3-6,lidar_wave2,garage,3people-garage,3people-garage_001315#1,workzone_wave2
C:\Users\jiahu\OneDrive\Documents\human_detect\work-zone-safety-rgbd-dataset\workzone_rgbd_dataset_wave2\images\3people-garage_001315.png,3people-garage_001315,3people-garage,001315,rgb,3people-garage_001315#2,484.302345,357.230892,523.200658,468.528969,12.390625,12.390625,>6,lidar_wave2,garage,3people-garage,3people-garage_001315#2,workzone_wave2
C:\Users\jiahu\OneDrive\Documents\human_detect\work-zone-safety-rgbd-dataset\workzone_rgbd_dataset_wave2\images\3people-garage_001315.png,3people-garage_001315,3people-garage,001315,rgb,3people-garage_001315#3,823.098694,337.162109,959.407898,718.814514,2.541992,2.541992,<3,lidar_wave2,garage,3people-garage,3people-garage_001315#3,workzone_wave2
C:\Users\jiahu\OneDrive\Documents\human_detect\work-zone-safety-rgbd-dataset\workzone_rgbd_dataset_wave2\images\3people-garage_001329.png,3people-garage_001329,3people-garage,001329,rgb,3people-garage_001329#1,341.688141,314.797150,492.248474,719.841064,3.226562,3.226562,3-6,lidar_wave2,garage,3people-garage,3people-garage_001329#1,workzone_wave2
C:\Users\jiahu\OneDrive\Documents\human_detect\work-zone-safety-rgbd-dataset\workzone_rgbd_dataset_wave2\images\3people-garage_001331.png,3people-garage_001331,3people-garage,001331,rgb,3people-garage_001331#1,333.371155,310.019257,480.915894,719.290527,3.033203,3.033203,3-6,lidar_wave2,garage,3people-garage,3people-garage_001331#1,workzone_wave2
C:\Users\jiahu\OneDrive\Documents\human_detect\work-zone-safety-rgbd-dataset\workzone_rgbd_dataset_wave2\images\3people-garage_001349.png,3people-garage_001349,3people-garage,001349,rgb,3people-garage_001349#1,58.470943,213.051453,347.625305,718.600525,1.297852,1.297852,<3,lidar_wave2,garage,3people-garage,3people-garage_001349#1,workzone_wave2
C:\Users\jiahu\OneDrive\Documents\human_detect\work-zone-safety-rgbd-dataset\workzone_rgbd_dataset_wave2\images\3people-garage_001349.png,3people-garage_001349,3people-garage,001349,rgb,3people-garage_001349#2,361.014130,368.168335,398.675537,473.462769,,,>6,lidar_wave2,garage,3people-garage,3people-garage_001349#2,workzone_wave2
C:\Users\jiahu\OneDrive\Documents\human_detect\work-zone-safety-rgbd-dataset\workzone_rgbd_dataset_wave2\images\3people-garage_001351.png,3people-garage_001351,3people-garage,001351,rgb,3people-garage_001351#1,104.950729,208.413483,352.111908,719.115601,1.134766,1.134766,<3,lidar_wave2,garage,3people-garage,3people-garage_001351#1,workzone_wave2
C:\Users\jiahu\OneDrive\Documents\human_detect\work-zone-safety-rgbd-dataset\workzone_rgbd_dataset_wave2\images\3people-garage_001351.png,3people-garage_001351,3people-garage,001351,rgb,3people-garage_001351#2,350.443268,366.125488,388.342529,473.807281,,,>6,lidar_wave2,garage,3people-garage,3people-garage_001351#2,workzone_wave2
C:\Users\jiahu\OneDrive\Documents\human_detect\work-zone-safety-rgbd-dataset\workzone_rgbd_dataset_wave2\images\3people-garage_001368.png,3people-garage_001368,3people-garage,001368,rgb,3people-garage_001368#1,308.328369,361.725739,354.661927,490.735248,10.515625,10.515625,>6,lidar_wave2,garage,3people-garage,3people-garage_001368#1,workzone_wave2
C:\Users\jiahu\OneDrive\Documents\human_detect\work-zone-safety-rgbd-dataset\workzone_rgbd_dataset_wave2\images\3people-garage_001368.png,3people-garage_001368,3people-garage,001368,rgb,3people-garage_001368#2,614.464417,245.705994,932.052795,719.163635,1.527344,1.527344,<3,lidar_wave2,garage,3people-garage,3people-garage_001368#2,workzone_wave2
C:\Users\jiahu\OneDrive\Documents\human_detect\work-zone-safety-rgbd-dataset\workzone_rgbd_dataset_wave2\images\3people-garage_001368.png,3people-garage_001368,3people-garage,001368,rgb,3people-garage_001368#3,900.131287,360.408752,959.537842,538.665588,,,>6,lidar_wave2,garage,3people-garage,3people-garage_001368#3,workzone_wave2
C:\Users\jiahu\OneDrive\Documents\human_detect\work-zone-safety-rgbd-dataset\workzone_rgbd_dataset_wave2\images\3people-garage_001379.png,3people-garage_001379,3people-garage,001379,rgb,3people-garage_001379#1,288.580261,359.455658,334.502747,493.511292,9.320312,9.320312,>6,lidar_wave2,garage,3people-garage,3people-garage_001379#1,workzone_wave2
C:\Users\jiahu\OneDrive\Documents\human_detect\work-zone-safety-rgbd-dataset\workzone_rgbd_dataset_wave2\images\3people-garage_001379.png,3people-garage_001379,3people-garage,001379,rgb,3people-garage_001379#2,694.919678,295.642395,906.968079,719.722778,2.582031,2.582031,<3,lidar_wave2,garage,3people-garage,3people-garage_001379#2,workzone_wave2
C:\Users\jiahu\OneDrive\Documents\human_detect\work-zone-safety-rgbd-dataset\workzone_rgbd_dataset_wave2\images\3people-garage_001384.png,3people-garage_001384,3people-garage,001384,rgb,3people-garage_001384#1,275.672913,359.196808,327.923981,500.759857,8.742188,8.742188,>6,lidar_wave2,garage,3people-garage,3people-garage_001384#1,workzone_wave2
C:\Users\jiahu\OneDrive\Documents\human_detect\work-zone-safety-rgbd-dataset\workzone_rgbd_dataset_wave2\images\3people-garage_001384.png,3people-garage_001384,3people-garage,001384,rgb,3people-garage_001384#2,681.960938,307.627625,870.057678,705.800598,3.148438,3.148438,3-6,lidar_wave2,garage,3people-garage,3people-garage_001384#2,workzone_wave2
C:\Users\jiahu\OneDrive\Documents\human_detect\work-zone-safety-rgbd-dataset\workzone_rgbd_dataset_wave2\images\3people-garage_001384.png,3people-garage_001384,3people-garage,001384,rgb,3people-garage_001384#3,821.911804,362.104706,867.041342,505.490513,,,>6,lidar_wave2,garage,3people-garage,3people-garage_001384#3,workzone_wave2
C:\Users\jiahu\OneDrive\Documents\human_detect\work-zone-safety-rgbd-dataset\workzone_rgbd_dataset_wave2\images\3people-garage_001395.png,3people-garage_001395,3people-garage,001395,rgb,3people-garage_001395#1,255.273514,360.847809,309.517120,514.210815,7.585938,7.585938,>6,lidar_wave2,garage,3people-garage,3people-garage_001395#1,workzone_wave2
C:\Users\jiahu\OneDrive\Documents\human_detect\work-zone-safety-rgbd-dataset\workzone_rgbd_dataset_wave2\images\3people-garage_001395.png,3people-garage_001395,3people-garage,001395,rgb,3people-garage_001395#2,698.523193,331.259308,802.890747,637.507385,4.148438,4.148438,3-6,lidar_wave2,garage,3people-garage,3people-garage_001395#2,workzone_wave2
C:\Users\jiahu\OneDrive\Documents\human_detect\work-zone-safety-rgbd-dataset\workzone_rgbd_dataset_wave2\images\3people-garage_001401.png,3people-garage_001401,3people-garage,001401,rgb,3people-garage_001401#1,242.502655,354.503357,298.162811,520.608643,6.828125,6.828125,>6,lidar_wave2,garage,3people-garage,3people-garage_001401#1,workzone_wave2
C:\Users\jiahu\OneDrive\Documents\human_detect\work-zone-safety-rgbd-dataset\workzone_rgbd_dataset_wave2\images\3people-garage_001401.png,3people-garage_001401,3people-garage,001401,rgb,3people-garage_001401#2,670.541199,337.088043,786.105103,605.152161,4.796875,4.796875,3-6,lidar_wave2,garage,3people-garage,3people-garage_001401#2,workzone_wave2
C:\Users\jiahu\OneDrive\Documents\human_detect\work-zone-safety-rgbd-dataset\workzone_rgbd_dataset_wave2\images\3people-garage_001414.png,3people-garage_001414,3people-garage,001414,rgb,3people-garage_001414#1,203.075684,353.143677,269.522461,537.751892,6.757812,6.757812,>6,lidar_wave2,garage,3people-garage,3people-garage_001414#1,workzone_wave2
C:\Users\jiahu\OneDrive\Documents\human_detect\work-zone-safety-rgbd-dataset\workzone_rgbd_dataset_wave2\images\3people-garage_001414.png,3people-garage_001414,3people-garage,001414,rgb,3people-garage_001414#2,628.486084,345.121490,711.936584,553.630432,6.062500,6.062500,>6,lidar_wave2,garage,3people-garage,3people-garage_001414#2,workzone_wave2
C:\Users\jiahu\OneDrive\Documents\human_detect\work-zone-safety-rgbd-dataset\workzone_rgbd_dataset_wave2\images\3people-garage_001426.png,3people-garage_001426,3people-garage,001426,rgb,3people-garage_001426#1,177.179520,345.543823,257.625641,562.177979,5.976562,5.976562,3-6,lidar_wave2,garage,3people-garage,3people-garage_001426#1,workzone_wave2
C:\Users\jiahu\OneDrive\Documents\human_detect\work-zone-safety-rgbd-dataset\workzone_rgbd_dataset_wave2\images\3people-garage_001426.png,3people-garage_001426,3people-garage,001426,rgb,3people-garage_001426#2,555.489760,372.232194,608.930969,485.320234,10.390625,10.390625,>6,lidar_wave2,garage,3people-garage,3people-garage_001426#2,workzone_wave2
C:\Users\jiahu\OneDrive\Documents\human_detect\work-zone-safety-rgbd-dataset\workzone_rgbd_dataset_wave2\images\3people-garage_001426.png,3people-garage_001426,3people-garage,001426,rgb,3people-garage_001426#3,604.442179,348.463659,672.197790,527.384618,7.250000,7.250000,>6,lidar_wave2,garage,3people-garage,3people-garage_001426#3,workzone_wave2
C:\Users\jiahu\OneDrive\Documents\human_detect\work-zone-safety-rgbd-dataset\workzone_rgbd_dataset_wave2\images\3people-garage_001437.png,3people-garage_001437,3people-garage,001437,rgb,3people-garage_001437#1,148.117813,340.837555,248.134918,590.008728,5.089844,5.089844,3-6,lidar_wave2,garage,3people-garage,3people-garage_001437#1,workzone_wave2
C:\Users\jiahu\OneDrive\Documents\human_detect\work-zone-safety-rgbd-dataset\workzone_rgbd_dataset_wave2\images\3people-garage_001437.png,3people-garage_001437,3people-garage,001437,rgb,3people-garage_001437#2,504.477356,370.099228,550.432251,481.835129,10.164062,10.164062,>6,lidar_wave2,garage,3people-garage,3people-garage_001437#2,workzone_wave2
C:\Users\jiahu\OneDrive\Documents\human_detect\work-zone-safety-rgbd-dataset\workzone_rgbd_dataset_wave2\images\3people-garage_001437.png,3people-garage_001437,3people-garage,001437,rgb,3people-garage_001437#3,575.730530,355.200836,638.685120,509.154449,8.109375,8.109375,>6,lidar_wave2,garage,3people-garage,3people-garage_001437#3,workzone_wave2
C:\Users\jiahu\OneDrive\Documents\human_detect\work-zone-safety-rgbd-dataset\workzone_rgbd_dataset_wave2\images\3people-garage_001447.png,3people-garage_001447,3people-garage,001447,rgb,3people-garage_001447#1,91.358894,331.203827,204.532196,636.591125,4.285156,4.285156,3-6,lidar_wave2,garage,3people-garage,3people-garage_001447#1,workzone_wave2
C:\Users\jiahu\OneDrive\Documents\human_detect\work-zone-safety-rgbd-dataset\workzone_rgbd_dataset_wave2\images\3people-garage_001447.png,3people-garage_001447,3people-garage,001447,rgb,3people-garage_001447#2,453.776123,369.149353,489.518402,488.368225,9.519531,9.519531,>6,lidar_wave2,garage,3people-garage,3people-garage_001447#2,workzone_wave2
C:\Users\jiahu\OneDrive\Documents\human_detect\work-zone-safety-rgbd-dataset\workzone_rgbd_dataset_wave2\images\3people-garage_001447.png,3people-garage_001447,3people-garage,001447,rgb,3people-garage_001447#3,563.276184,356.822235,604.888733,495.417786,8.664062,8.664062,>6,lidar_wave2,garage,3people-garage,3people-garage_001447#3,workzone_wave2
C:\Users\jiahu\OneDrive\Documents\human_detect\work-zone-safety-rgbd-dataset\workzone_rgbd_dataset_wave2\images\3people-garage_001457.png,3people-garage_001457,3people-garage,001457,rgb,3people-garage_001457#1,69.024994,326.496796,206.922043,696.137329,3.550781,3.550781,3-6,lidar_wave2,garage,3people-garage,3people-garage_001457#1,workzone_wave2
C:\Users\jiahu\OneDrive\Documents\human_detect\work-zone-safety-rgbd-dataset\workzone_rgbd_dataset_wave2\images\3people-garage_001457.png,3people-garage_001457,3people-garage,001457,rgb,3people-garage_001457#2,388.791504,375.060974,432.483765,495.757874,9.070312,9.070312,>6,lidar_wave2,garage,3people-garage,3people-garage_001457#2,workzone_wave2
C:\Users\jiahu\OneDrive\Documents\human_detect\work-zone-safety-rgbd-dataset\workzone_rgbd_dataset_wave2\images\3people-garage_001457.png,3people-garage_001457,3people-garage,001457,rgb,3people-garage_001457#3,564.253845,354.357544,616.231628,489.658936,8.992188,8.992188,>6,lidar_wave2,garage,3people-garage,3people-garage_001457#3,workzone_wave2
C:\Users\jiahu\OneDrive\Documents\human_detect\work-zone-safety-rgbd-dataset\workzone_rgbd_dataset_wave2\images\3people-garage_001460.png,3people-garage_001460,3people-garage,001460,rgb,3people-garage_001460#1,70.477341,317.337555,219.647339,703.530884,3.363281,3.363281,3-6,lidar_wave2,garage,3people-garage,3people-garage_001460#1,workzone_wave2
C:\Users\jiahu\OneDrive\Documents\human_detect\work-zone-safety-rgbd-dataset\workzone_rgbd_dataset_wave2\images\3people-garage_001460.png,3people-garage_001460,3people-garage,001460,rgb,3people-garage_001460#2,359.328552,373.130127,411.120483,498.198303,8.906250,8.906250,>6,lidar_wave2,garage,3people-garage,3people-garage_001460#2,workzone_wave2
C:\Users\jiahu\OneDrive\Documents\human_detect\work-zone-safety-rgbd-dataset\workzone_rgbd_dataset_wave2\images\3people-garage_001460.png,3people-garage_001460,3people-garage,001460,rgb,3people-garage_001460#3,562.162537,356.758301,611.676636,489.719147,9.136719,9.136719,>6,lidar_wave2,garage,3people-garage,3people-garage_001460#3,workzone_wave2
C:\Users\jiahu\OneDrive\Documents\human_detect\work-zone-safety-rgbd-dataset\workzone_rgbd_dataset_wave2\images\3people-garage_001479.png,3people-garage_001479,3people-garage,001479,rgb,3people-garage_001479#1,264.185486,373.738159,317.672455,526.684692,7.421875,7.421875,>6,lidar_wave2,garage,3people-garage,3people-garage_001479#1,workzone_wave2
C:\Users\jiahu\OneDrive\Documents\human_detect\work-zone-safety-rgbd-dataset\workzone_rgbd_dataset_wave2\images\3people-garage_001479.png,3people-garage_001479,3people-garage,001479,rgb,3people-garage_001479#2,336.191071,308.889017,440.735687,719.470255,2.958984,2.958984,<3,lidar_wave2,garage,3people-garage,3people-garage_001479#2,workzone_wave2
C:\Users\jiahu\OneDrive\Documents\human_detect\work-zone-safety-rgbd-dataset\workzone_rgbd_dataset_wave2\images\3people-garage_001479.png,3people-garage_001479,3people-garage,001479,rgb,3people-garage_001479#3,549.524292,347.970917,612.414734,516.135315,7.792969,7.792969,>6,lidar_wave2,garage,3people-garage,3people-garage_001479#3,workzone_wave2
C:\Users\jiahu\OneDrive\Documents\human_detect\work-zone-safety-rgbd-dataset\workzone_rgbd_dataset_wave2\images\3people-garage_001484.png,3people-garage_001484,3people-garage,001484,rgb,3people-garage_001484#1,261.638947,371.429901,315.935211,534.370300,6.824219,6.824219,>6,lidar_wave2,garage,3people-garage,3people-garage_001484#1,workzone_wave2
C:\Users\jiahu\OneDrive\Documents\human_detect\work-zone-safety-rgbd-dataset\workzone_rgbd_dataset_wave2\images\3people-garage_001484.png,3people-garage_001484,3people-garage,001484,rgb,3people-garage_001484#2,387.529053,309.648908,527.285950,713.083387,3.058594,3.058594,3-6,lidar_wave2,garage,3people-garage,3people-garage_001484#2,workzone_wave2
C:\Users\jiahu\OneDrive\Documents\human_detect\work-zone-safety-rgbd-dataset\workzone_rgbd_dataset_wave2\images\3people-garage_001484.png,3people-garage_001484,3people-garage,001484,rgb,3people-garage_001484#3,555.103760,353.166473,619.419617,528.059143,7.289062,7.289062,>6,lidar_wave2,garage,3people-garage,3people-garage_001484#3,workzone_wave2
C:\Users\jiahu\OneDrive\Documents\human_detect\work-zone-safety-rgbd-dataset\workzone_rgbd_dataset_wave2\images\3people-garage_001496.png,3people-garage_001496,3people-garage,001496,rgb,3people-garage_001496#1,296.946625,365.369659,371.433838,551.810913,6.339844,6.339844,>6,lidar_wave2,garage,3people-garage,3people-garage_001496#1,workzone_wave2
C:\Users\jiahu\OneDrive\Documents\human_detect\work-zone-safety-rgbd-dataset\workzone_rgbd_dataset_wave2\images\3people-garage_001496.png,3people-garage_001496,3people-garage,001496,rgb,3people-garage_001496#2,543.961121,314.514679,685.834900,681.212585,3.343750,3.343750,3-6,lidar_wave2,garage,3people-garage,3people-garage_001496#2,workzone_wave2
C:\Users\jiahu\OneDrive\Documents\human_detect\work-zone-safety-rgbd-dataset\workzone_rgbd_dataset_wave2\images\3people-garage_001509.png,3people-garage_001509,3people-garage,001509,rgb,3people-garage_001509#1,378.234039,360.789612,459.437653,571.679138,5.574219,5.574219,3-6,lidar_wave2,garage,3people-garage,3people-garage_001509#1,workzone_wave2
C:\Users\jiahu\OneDrive\Documents\human_detect\work-zone-safety-rgbd-dataset\workzone_rgbd_dataset_wave2\images\3people-garage_001509.png,3people-garage_001509,3people-garage,001509,rgb,3people-garage_001509#2,559.213928,336.135681,659.885010,587.464844,5.164062,5.164062,3-6,lidar_wave2,garage,3people-garage,3people-garage_001509#2,workzone_wave2
C:\Users\jiahu\OneDrive\Documents\human_detect\work-zone-safety-rgbd-dataset\workzone_rgbd_dataset_wave2\images\3people-garage_001509.png,3people-garage_001509,3people-garage,001509,rgb,3people-garage_001509#3,695.633057,320.747131,816.168823,646.880859,3.824219,3.824219,3-6,lidar_wave2,garage,3people-garage,3people-garage_001509#3,workzone_wave2
C:\Users\jiahu\OneDrive\Documents\human_detect\work-zone-safety-rgbd-dataset\workzone_rgbd_dataset_wave2\images\3people-garage_001510.png,3people-garage_001510,3people-garage,001510,rgb,3people-garage_001510#1,384.035889,360.857300,455.267944,572.805725,5.511719,5.511719,3-6,lidar_wave2,garage,3people-garage,3people-garage_001510#1,workzone_wave2
C:\Users\jiahu\OneDrive\Documents\human_detect\work-zone-safety-rgbd-dataset\workzone_rgbd_dataset_wave2\images\3people-garage_001510.png,3people-garage_001510,3people-garage,001510,rgb,3people-garage_001510#2,559.353943,335.947083,661.554993,589.353516,5.042969,5.042969,3-6,lidar_wave2,garage,3people-garage,3people-garage_001510#2,workzone_wave2
C:\Users\jiahu\OneDrive\Documents\human_detect\work-zone-safety-rgbd-dataset\workzone_rgbd_dataset_wave2\images\3people-garage_001510.png,3people-garage_001510,3people-garage,001510,rgb,3people-garage_001510#3,695.857178,320.419281,827.036316,645.849121,3.863281,3.863281,3-6,lidar_wave2,garage,3people-garage,3people-garage_001510#3,workzone_wave2
C:\Users\jiahu\OneDrive\Documents\human_detect\work-zone-safety-rgbd-dataset\workzone_rgbd_dataset_wave2\images\3people-garage_001524.png,3people-garage_001524,3people-garage,001524,rgb,3people-garage_001524#1,435.191101,357.690094,516.164062,608.250366,4.664062,4.664062,3-6,lidar_wave2,garage,3people-garage,3people-garage_001524#1,workzone_wave2
C:\Users\jiahu\OneDrive\Documents\human_detect\work-zone-safety-rgbd-dataset\workzone_rgbd_dataset_wave2\images\3people-garage_001524.png,3people-garage_001524,3people-garage,001524,rgb,3people-garage_001524#2,583.204712,321.783417,721.173401,658.594482,3.798828,3.798828,3-6,lidar_wave2,garage,3people-garage,3people-garage_001524#2,workzone_wave2
C:\Users\jiahu\OneDrive\Documents\human_detect\work-zone-safety-rgbd-dataset\workzone_rgbd_dataset_wave2\images\3people-garage_001524.png,3people-garage_001524,3people-garage,001524,rgb,3people-garage_001524#3,726.207336,331.699768,827.281921,599.883728,4.722656,4.722656,3-6,lidar_wave2,garage,3people-garage,3people-garage_001524#3,workzone_wave2
C:\Users\jiahu\OneDrive\Documents\human_detect\work-zone-safety-rgbd-dataset\workzone_rgbd_dataset_wave2\images\3people-garage_001531.png,3people-garage_001531,3people-garage,001531,rgb,3people-garage_001531#1,441.212311,353.246246,548.860535,649.036194,4.046875,4.046875,3-6,lidar_wave2,garage,3people-garage,3people-garage_001531#1,workzone_wave2
C:\Users\jiahu\OneDrive\Documents\human_detect\work-zone-safety-rgbd-dataset\workzone_rgbd_dataset_wave2\images\3people-garage_001531.png,3people-garage_001531,3people-garage,001531,rgb,3people-garage_001531#2,633.092834,307.420715,812.785034,715.566650,3.156250,3.156250,3-6,lidar_wave2,garage,3people-garage,3people-garage_001531#2,workzone_wave2
C:\Users\jiahu\OneDrive\Documents\human_detect\work-zone-safety-rgbd-dataset\workzone_rgbd_dataset_wave2\images\3people-garage_001531.png,3people-garage_001531,3people-garage,001531,rgb,3people-garage_001531#3,734.504333,335.525665,815.791809,578.996216,5.906250,5.906250,3-6,lidar_wave2,garage,3people-garage,3people-garage_001531#3,workzone_wave2
C:\Users\jiahu\OneDrive\Documents\human_detect\work-zone-safety-rgbd-dataset\workzone_rgbd_dataset_wave2\images\3people-garage_001544.png,3people-garage_001544,3people-garage,001544,rgb,3people-garage_001544#1,431.559174,340.523804,565.226868,719.610535,3.056641,3.056641,3-6,lidar_wave2,garage,3people-garage,3people-garage_001544#1,workzone_wave2
C:\Users\jiahu\OneDrive\Documents\human_detect\work-zone-safety-rgbd-dataset\workzone_rgbd_dataset_wave2\images\3people-garage_001544.png,3people-garage_001544,3people-garage,001544,rgb,3people-garage_001544#2,716.061951,343.192383,764.655396,545.328064,6.289062,6.289062,>6,lidar_wave2,garage,3people-garage,3people-garage_001544#2,workzone_wave2
C:\Users\jiahu\OneDrive\Documents\human_detect\work-zone-safety-rgbd-dataset\workzone_rgbd_dataset_wave2\images\3people-garage_001544.png,3people-garage_001544,3people-garage,001544,rgb,3people-garage_001544#3,737.042786,252.945938,959.396729,718.690979,1.907227,1.907227,<3,lidar_wave2,garage,3people-garage,3people-garage_001544#3,workzone_wave2
C:\Users\jiahu\OneDrive\Documents\human_detect\work-zone-safety-rgbd-dataset\workzone_rgbd_dataset_wave2\images\3people-garage_001550.png,3people-garage_001550,3people-garage,001550,rgb,3people-garage_001550#1,443.343933,334.377289,572.797302,719.645508,2.611328,2.611328,<3,lidar_wave2,garage,3people-garage,3people-garage_001550#1,workzone_wave2
C:\Users\jiahu\OneDrive\Documents\human_detect\work-zone-safety-rgbd-dataset\workzone_rgbd_dataset_wave2\images\3people-garage_001550.png,3people-garage_001550,3people-garage,001550,rgb,3people-garage_001550#2,707.891785,344.718384,770.328735,550.100891,6.574219,6.574219,>6,lidar_wave2,garage,3people-garage,3people-garage_001550#2,workzone_wave2
C:\Users\jiahu\OneDrive\Documents\human_detect\work-zone-safety-rgbd-dataset\workzone_rgbd_dataset_wave2\images\3people-garage_001550.png,3people-garage_001550,3people-garage,001550,rgb,3people-garage_001550#3,762.562744,208.487335,959.421082,719.053894,1.425781,1.425781,<3,lidar_wave2,garage,3people-garage,3people-garage_001550#3,workzone_wave2
C:\Users\jiahu\OneDrive\Documents\human_detect\work-zone-safety-rgbd-dataset\workzone_rgbd_dataset_wave2\images\3people-garage_001568.png,3people-garage_001568,3people-garage,001568,rgb,3people-garage_001568#1,568.024109,301.958862,850.480957,713.710388,1.759766,1.759766,<3,lidar_wave2,garage,3people-garage,3people-garage_001568#1,workzone_wave2
C:\Users\jiahu\OneDrive\Documents\human_detect\work-zone-safety-rgbd-dataset\workzone_rgbd_dataset_wave2\images\3people-garage_001568.png,3people-garage_001568,3people-garage,001568,rgb,3people-garage_001568#2,759.173401,154.263977,959.280579,718.210510,0.944824,0.944824,<3,lidar_wave2,garage,3people-garage,3people-garage_001568#2,workzone_wave2
C:\Users\jiahu\OneDrive\Documents\human_detect\work-zone-safety-rgbd-dataset\workzone_rgbd_dataset_wave2\images\3people-garage_001573.png,3people-garage_001573,3people-garage,001573,rgb,3people-garage_001573#1,462.491641,303.713562,604.039124,720.000000,1.781738,1.781738,<3,lidar_wave2,garage,3people-garage,3people-garage_001573#1,workzone_wave2
C:\Users\jiahu\OneDrive\Documents\human_detect\work-zone-safety-rgbd-dataset\workzone_rgbd_dataset_wave2\images\3people-garage_001573.png,3people-garage_001573,3people-garage,001573,rgb,3people-garage_001573#2,458.952026,108.238540,960.000000,720.000000,0.674316,0.674316,<3,lidar_wave2,garage,3people-garage,3people-garage_001573#2,workzone_wave2
C:\Users\jiahu\OneDrive\Documents\human_detect\work-zone-safety-rgbd-dataset\workzone_rgbd_dataset_wave2\images\3people-garage_001585.png,3people-garage_001585,3people-garage,001585,rgb,3people-garage_001585#1,0.210365,183.980270,360.026001,719.144409,1.091797,1.091797,<3,lidar_wave2,garage,3people-garage,3people-garage_001585#1,workzone_wave2
C:\Users\jiahu\OneDrive\Documents\human_detect\work-zone-safety-rgbd-dataset\workzone_rgbd_dataset_wave2\images\3people-garage_001585.png,3people-garage_001585,3people-garage,001585,rgb,3people-garage_001585#2,382.475098,318.943787,553.321838,719.476929,1.974609,1.974609,<3,lidar_wave2,garage,3people-garage,3people-garage_001585#2,workzone_wave2
C:\Users\jiahu\OneDrive\Documents\human_detect\work-zone-safety-rgbd-dataset\workzone_rgbd_dataset_wave2\images\3people-garage_001585.png,3people-garage_001585,3people-garage,001585,rgb,3people-garage_001585#3,656.476746,350.365082,699.611450,493.851105,9.000000,9.000000,>6,lidar_wave2,garage,3people-garage,3people-garage_001585#3,workzone_wave2
C:\Users\jiahu\OneDrive\Documents\human_detect\work-zone-safety-rgbd-dataset\workzone_rgbd_dataset_wave2\images\3people-garage_001592.png,3people-garage_001592,3people-garage,001592,rgb,3people-garage_001592#1,0.471199,246.844391,239.072861,719.490112,1.614258,1.614258,<3,lidar_wave2,garage,3people-garage,3people-garage_001592#1,workzone_wave2
C:\Users\jiahu\OneDrive\Documents\human_detect\work-zone-safety-rgbd-dataset\workzone_rgbd_dataset_wave2\images\3people-garage_001592.png,3people-garage_001592,3people-garage,001592,rgb,3people-garage_001592#2,407.565582,333.664673,557.909729,719.097107,2.593750,2.593750,<3,lidar_wave2,garage,3people-garage,3people-garage_001592#2,workzone_wave2
C:\Users\jiahu\OneDrive\Documents\human_detect\work-zone-safety-rgbd-dataset\workzone_rgbd_dataset_wave2\images\3people-garage_001592.png,3people-garage_001592,3people-garage,001592,rgb,3people-garage_001592#3,644.236450,358.125092,693.814453,488.754181,9.375000,9.375000,>6,lidar_wave2,garage,3people-garage,3people-garage_001592#3,workzone_wave2
C:\Users\jiahu\OneDrive\Documents\human_detect\work-zone-safety-rgbd-dataset\workzone_rgbd_dataset_wave2\images\3people-garage_001607.png,3people-garage_001607,3people-garage,001607,rgb,3people-garage_001607#1,124.344299,306.193939,273.987610,719.899475,2.962891,2.962891,<3,lidar_wave2,garage,3people-garage,3people-garage_001607#1,workzone_wave2
C:\Users\jiahu\OneDrive\Documents\human_detect\work-zone-safety-rgbd-dataset\workzone_rgbd_dataset_wave2\images\3people-garage_001607.png,3people-garage_001607,3people-garage,001607,rgb,3people-garage_001607#2,573.137329,350.387238,686.992126,664.808228,3.597656,3.597656,3-6,lidar_wave2,garage,3people-garage,3people-garage_001607#2,workzone_wave2
C:\Users\jiahu\OneDrive\Documents\human_detect\work-zone-safety-rgbd-dataset\workzone_rgbd_dataset_wave2\images\3people-garage_001611.png,3people-garage_001611,3people-garage,001611,rgb,3people-garage_001611#1,153.033966,322.377319,285.680725,716.197510,3.371094,3.371094,3-6,lidar_wave2,garage,3people-garage,3people-garage_001611#1,workzone_wave2
C:\Users\jiahu\OneDrive\Documents\human_detect\work-zone-safety-rgbd-dataset\workzone_rgbd_dataset_wave2\images\3people-garage_001611.png,3people-garage_001611,3people-garage,001611,rgb,3people-garage_001611#2,605.306213,354.407593,733.603638,659.187378,3.797852,3.797852,3-6,lidar_wave2,garage,3people-garage,3people-garage_001611#2,workzone_wave2
C:\Users\jiahu\OneDrive\Documents\human_detect\work-zone-safety-rgbd-dataset\workzone_rgbd_dataset_wave2\images\3people-garage_001623.png,3people-garage_001623,3people-garage,001623,rgb,3people-garage_001623#1,234.080338,335.454773,343.582489,622.893005,4.496094,4.496094,3-6,lidar_wave2,garage,3people-garage,3people-garage_001623#1,workzone_wave2
C:\Users\jiahu\OneDrive\Documents\human_detect\work-zone-safety-rgbd-dataset\workzone_rgbd_dataset_wave2\images\3people-garage_001623.png,3people-garage_001623,3people-garage,001623,rgb,3people-garage_001623#2,589.492798,360.058502,622.446899,467.363983,11.664062,11.664062,>6,lidar_wave2,garage,3people-garage,3people-garage_001623#2,workzone_wave2
C:\Users\jiahu\OneDrive\Documents\human_detect\work-zone-safety-rgbd-dataset\workzone_rgbd_dataset_wave2\images\3people-garage_001623.png,3people-garage_001623,3people-garage,001623,rgb,3people-garage_001623#3,681.723083,356.464783,785.995972,611.266663,4.550781,4.550781,3-6,lidar_wave2,garage,3people-garage,3people-garage_001623#3,workzone_wave2
C:\Users\jiahu\OneDrive\Documents\human_detect\work-zone-safety-rgbd-dataset\workzone_rgbd_dataset_wave2\images\3people-garage_001631.png,3people-garage_001631,3people-garage,001631,rgb,3people-garage_001631#1,260.309082,345.280518,345.120300,587.523804,5.253906,5.253906,3-6,lidar_wave2,garage,3people-garage,3people-garage_001631#1,workzone_wave2
C:\Users\jiahu\OneDrive\Documents\human_detect\work-zone-safety-rgbd-dataset\workzone_rgbd_dataset_wave2\images\3people-garage_001631.png,3people-garage_001631,3people-garage,001631,rgb,3people-garage_001631#2,556.292236,365.302826,607.848234,480.239054,11.734375,11.734375,>6,lidar_wave2,garage,3people-garage,3people-garage_001631#2,workzone_wave2
C:\Users\jiahu\OneDrive\Documents\human_detect\work-zone-safety-rgbd-dataset\workzone_rgbd_dataset_wave2\images\3people-garage_001631.png,3people-garage_001631,3people-garage,001631,rgb,3people-garage_001631#3,717.491089,355.863800,801.616333,573.416382,5.199219,5.199219,3-6,lidar_wave2,garage,3people-garage,3people-garage_001631#3,workzone_wave2
C:\Users\jiahu\OneDrive\Documents\human_detect\work-zone-safety-rgbd-dataset\workzone_rgbd_dataset_wave2\images\3people-garage_001643.png,3people-garage_001643,3people-garage,001643,rgb,3people-garage_001643#1,305.010773,350.084473,369.705414,543.741577,6.582031,6.582031,>6,lidar_wave2,garage,3people-garage,3people-garage_001643#1,workzone_wave2
C:\Users\jiahu\OneDrive\Documents\human_detect\work-zone-safety-rgbd-dataset\workzone_rgbd_dataset_wave2\images\3people-garage_001643.png,3people-garage_001643,3people-garage,001643,rgb,3people-garage_001643#2,511.462344,364.082605,552.997988,462.879816,12.531250,12.531250,>6,lidar_wave2,garage,3people-garage,3people-garage_001643#2,workzone_wave2
C:\Users\jiahu\OneDrive\Documents\human_detect\work-zone-safety-rgbd-dataset\workzone_rgbd_dataset_wave2\images\3people-garage_001643.png,3people-garage_001643,3people-garage,001643,rgb,3people-garage_001643#3,735.710571,344.568878,803.882996,546.356567,6.208984,6.208984,>6,lidar_wave2,garage,3people-garage,3people-garage_001643#3,workzone_wave2
C:\Users\jiahu\OneDrive\Documents\human_detect\work-zone-safety-rgbd-dataset\workzone_rgbd_dataset_wave2\images\3people-garage_001658.png,3people-garage_001658,3people-garage,001658,rgb,3people-garage_001658#1,332.232513,354.749268,391.480682,513.672729,8.046875,8.046875,>6,lidar_wave2,garage,3people-garage,3people-garage_001658#1,workzone_wave2
C:\Users\jiahu\OneDrive\Documents\human_detect\work-zone-safety-rgbd-dataset\workzone_rgbd_dataset_wave2\images\3people-garage_001658.png,3people-garage_001658,3people-garage,001658,rgb,3people-garage_001658#2,466.222717,363.886169,504.779053,463.657410,13.644531,13.644531,>6,lidar_wave2,garage,3people-garage,3people-garage_001658#2,workzone_wave2
C:\Users\jiahu\OneDrive\Documents\human_detect\work-zone-safety-rgbd-dataset\workzone_rgbd_dataset_wave2\images\3people-garage_001658.png,3people-garage_001658,3people-garage,001658,rgb,3people-garage_001658#3,696.090881,363.444885,753.129700,523.932251,7.511719,7.511719,>6,lidar_wave2,garage,3people-garage,3people-garage_001658#3,workzone_wave2
C:\Users\jiahu\OneDrive\Documents\human_detect\work-zone-safety-rgbd-dataset\workzone_rgbd_dataset_wave2\images\3people-garage_001664.png,3people-garage_001664,3people-garage,001664,rgb,3people-garage_001664#1,347.857544,355.370453,398.881439,500.400421,8.687500,8.687500,>6,lidar_wave2,garage,3people-garage,3people-garage_001664#1,workzone_wave2
C:\Users\jiahu\OneDrive\Documents\human_detect\work-zone-safety-rgbd-dataset\workzone_rgbd_dataset_wave2\images\3people-garage_001664.png,3people-garage_001664,3people-garage,001664,rgb,3people-garage_001664#2,447.801941,364.074188,481.469177,464.302460,13.179688,13.179688,>6,lidar_wave2,garage,3people-garage,3people-garage_001664#2,workzone_wave2
C:\Users\jiahu\OneDrive\Documents\human_detect\work-zone-safety-rgbd-dataset\workzone_rgbd_dataset_wave2\images\3people-garage_001664.png,3people-garage_001664,3people-garage,001664,rgb,3people-garage_001664#3,667.625427,364.489777,715.163269,507.160431,7.839844,7.839844,>6,lidar_wave2,garage,3people-garage,3people-garage_001664#3,workzone_wave2
C:\Users\jiahu\OneDrive\Documents\human_detect\work-zone-safety-rgbd-dataset\workzone_rgbd_dataset_wave2\images\3people-garage_001678.png,3people-garage_001678,3people-garage,001678,rgb,3people-garage_001678#1,386.537109,357.617645,428.200012,481.734772,9.648438,9.648438,>6,lidar_wave2,garage,3people-garage,3people-garage_001678#1,workzone_wave2
C:\Users\jiahu\OneDrive\Documents\human_detect\work-zone-safety-rgbd-dataset\workzone_rgbd_dataset_wave2\images\3people-garage_001678.png,3people-garage_001678,3people-garage,001678,rgb,3people-garage_001678#2,613.090820,372.434906,652.916077,486.972412,9.742188,9.742188,>6,lidar_wave2,garage,3people-garage,3people-garage_001678#2,workzone_wave2
C:\Users\jiahu\OneDrive\Documents\human_detect\work-zone-safety-rgbd-dataset\workzone_rgbd_dataset_wave2\images\3people-garage_001687.png,3people-garage_001687,3people-garage,001687,rgb,3people-garage_001687#1,358.157043,366.381147,397.636505,472.033002,13.628906,13.628906,>6,lidar_wave2,garage,3people-garage,3people-garage_001687#1,workzone_wave2
C:\Users\jiahu\OneDrive\Documents\human_detect\work-zone-safety-rgbd-dataset\workzone_rgbd_dataset_wave2\images\3people-garage_001687.png,3people-garage_001687,3people-garage,001687,rgb,3people-garage_001687#2,402.866455,360.192017,445.045532,479.225494,11.046875,11.046875,>6,lidar_wave2,garage,3people-garage,3people-garage_001687#2,workzone_wave2
C:\Users\jiahu\OneDrive\Documents\human_detect\work-zone-safety-rgbd-dataset\workzone_rgbd_dataset_wave2\images\3people-garage_001687.png,3people-garage_001687,3people-garage,001687,rgb,3people-garage_001687#3,573.304504,363.969849,614.980225,478.953400,11.187500,11.187500,>6,lidar_wave2,garage,3people-garage,3people-garage_001687#3,workzone_wave2
C:\Users\jiahu\OneDrive\Documents\human_detect\work-zone-safety-rgbd-dataset\workzone_rgbd_dataset_wave2\images\3people-garage_001699.png,3people-garage_001699,3people-garage,001699,rgb,3people-garage_001699#1,330.018982,362.615479,371.020142,477.433136,10.878906,10.878906,>6,lidar_wave2,garage,3people-garage,3people-garage_001699#1,workzone_wave2
C:\Users\jiahu\OneDrive\Documents\human_detect\work-zone-safety-rgbd-dataset\workzone_rgbd_dataset_wave2\images\3people-garage_001699.png,3people-garage_001699,3people-garage,001699,rgb,3people-garage_001699#2,401.718292,361.799744,449.920441,487.302429,9.671875,9.671875,>6,lidar_wave2,garage,3people-garage,3people-garage_001699#2,workzone_wave2
C:\Users\jiahu\OneDrive\Documents\human_detect\work-zone-safety-rgbd-dataset\workzone_rgbd_dataset_wave2\images\3people-garage_001699.png,3people-garage_001699,3people-garage,001699,rgb,3people-garage_001699#3,534.627332,365.738793,569.422330,467.906593,12.453125,12.453125,>6,lidar_wave2,garage,3people-garage,3people-garage_001699#3,workzone_wave2
C:\Users\jiahu\OneDrive\Documents\human_detect\work-zone-safety-rgbd-dataset\workzone_rgbd_dataset_wave2\images\3people-garage_001708.png,3people-garage_001708,3people-garage,001708,rgb,3people-garage_001708#1,316.540070,362.860199,360.453339,485.335968,10.523438,10.523438,>6,lidar_wave2,garage,3people-garage,3people-garage_001708#1,workzone_wave2
C:\Users\jiahu\OneDrive\Documents\human_detect\work-zone-safety-rgbd-dataset\workzone_rgbd_dataset_wave2\images\3people-garage_001708.png,3people-garage_001708,3people-garage,001708,rgb,3people-garage_001708#2,402.061432,357.956299,451.205475,500.248016,8.992188,8.992188,>6,lidar_wave2,garage,3people-garage,3people-garage_001708#2,workzone_wave2
C:\Users\jiahu\OneDrive\Documents\human_detect\work-zone-safety-rgbd-dataset\workzone_rgbd_dataset_wave2\images\3people-garage_001708.png,3people-garage_001708,3people-garage,001708,rgb,3people-garage_001708#3,493.893860,367.195984,533.048584,465.393799,12.398438,12.398438,>6,lidar_wave2,garage,3people-garage,3people-garage_001708#3,workzone_wave2
C:\Users\jiahu\OneDrive\Documents\human_detect\work-zone-safety-rgbd-dataset\workzone_rgbd_dataset_wave2\images\3people-garage_001710.png,3people-garage_001710,3people-garage,001710,rgb,3people-garage_001710#1,310.865387,361.865051,357.901001,485.584564,11.757812,11.757812,>6,lidar_wave2,garage,3people-garage,3people-garage_001710#1,workzone_wave2
C:\Users\jiahu\OneDrive\Documents\human_detect\work-zone-safety-rgbd-dataset\workzone_rgbd_dataset_wave2\images\3people-garage_001710.png,3people-garage_001710,3people-garage,001710,rgb,3people-garage_001710#2,392.585083,356.146454,446.706116,501.439545,8.828125,8.828125,>6,lidar_wave2,garage,3people-garage,3people-garage_001710#2,workzone_wave2
C:\Users\jiahu\OneDrive\Documents\human_detect\work-zone-safety-rgbd-dataset\workzone_rgbd_dataset_wave2\images\3people-garage_001710.png,3people-garage_001710,3people-garage,001710,rgb,3people-garage_001710#3,488.201459,362.980863,531.006434,476.038094,12.460938,12.460938,>6,lidar_wave2,garage,3people-garage,3people-garage_001710#3,workzone_wave2
C:\Users\jiahu\OneDrive\Documents\human_detect\work-zone-safety-rgbd-dataset\workzone_rgbd_dataset_wave2\images\3people-garage_001722.png,3people-garage_001722,3people-garage,001722,rgb,3people-garage_001722#1,301.942139,356.538116,351.290161,497.239563,9.027344,9.027344,>6,lidar_wave2,garage,3people-garage,3people-garage_001722#1,workzone_wave2
C:\Users\jiahu\OneDrive\Documents\human_detect\work-zone-safety-rgbd-dataset\workzone_rgbd_dataset_wave2\images\3people-garage_001722.png,3people-garage_001722,3people-garage,001722,rgb,3people-garage_001722#2,365.552551,356.489594,425.474762,525.526062,7.644531,7.644531,>6,lidar_wave2,garage,3people-garage,3people-garage_001722#2,workzone_wave2
C:\Users\jiahu\OneDrive\Documents\human_detect\work-zone-safety-rgbd-dataset\workzone_rgbd_dataset_wave2\images\3people-garage_001722.png,3people-garage_001722,3people-garage,001722,rgb,3people-garage_001722#3,437.226929,371.134186,477.749381,470.975544,13.308594,13.308594,>6,lidar_wave2,garage,3people-garage,3people-garage_001722#3,workzone_wave2
C:\Users\jiahu\OneDrive\Documents\human_detect\work-zone-safety-rgbd-dataset\workzone_rgbd_dataset_wave2\images\3people-garage_001737.png,3people-garage_001737,3people-garage,001737,rgb,3people-garage_001737#1,288.489532,356.140411,348.478302,514.839722,7.894531,7.894531,>6,lidar_wave2,garage,3people-garage,3people-garage_001737#1,workzone_wave2
C:\Users\jiahu\OneDrive\Documents\human_detect\work-zone-safety-rgbd-dataset\workzone_rgbd_dataset_wave2\images\3people-garage_001737.png,3people-garage_001737,3people-garage,001737,rgb,3people-garage_001737#2,353.704895,348.592987,425.666656,562.739685,6.125000,6.125000,>6,lidar_wave2,garage,3people-garage,3people-garage_001737#2,workzone_wave2
C:\Users\jiahu\OneDrive\Documents\human_detect\work-zone-safety-rgbd-dataset\workzone_rgbd_dataset_wave2\images\3people-garage_001743.png,3people-garage_001743,3people-garage,001743,rgb,3people-garage_001743#1,275.244171,355.268188,338.351837,526.098816,7.230469,7.230469,>6,lidar_wave2,garage,3people-garage,3people-garage_001743#1,workzone_wave2
C:\Users\jiahu\OneDrive\Documents\human_detect\work-zone-safety-rgbd-dataset\workzone_rgbd_dataset_wave2\images\3people-garage_001743.png,3people-garage_001743,3people-garage,001743,rgb,3people-garage_001743#2,332.566071,344.678192,419.479004,572.118164,5.664062,5.664062,3-6,lidar_wave2,garage,3people-garage,3people-garage_001743#2,workzone_wave2
C:\Users\jiahu\OneDrive\Documents\human_detect\work-zone-safety-rgbd-dataset\workzone_rgbd_dataset_wave2\images\3people-garage_001758.png,3people-garage_001758,3people-garage,001758,rgb,3people-garage_001758#1,230.211310,351.775391,290.303992,547.099365,6.509766,6.509766,>6,lidar_wave2,garage,3people-garage,3people-garage_001758#1,workzone_wave2
C:\Users\jiahu\OneDrive\Documents\human_detect\work-zone-safety-rgbd-dataset\workzone_rgbd_dataset_wave2\images\3people-garage_001758.png,3people-garage_001758,3people-garage,001758,rgb,3people-garage_001758#2,259.295471,335.715454,386.110321,657.829285,4.085938,4.085938,3-6,lidar_wave2,garage,3people-garage,3people-garage_001758#2,workzone_wave2
C:\Users\jiahu\OneDrive\Documents\human_detect\work-zone-safety-rgbd-dataset\workzone_rgbd_dataset_wave2\images\3people-garage_001762.png,3people-garage_001762,3people-garage,001762,rgb,3people-garage_001762#1,220.471436,349.218658,275.463501,549.676086,6.095703,6.095703,>6,lidar_wave2,garage,3people-garage,3people-garage_001762#1,workzone_wave2
C:\Users\jiahu\OneDrive\Documents\human_detect\work-zone-safety-rgbd-dataset\workzone_rgbd_dataset_wave2\images\3people-garage_001762.png,3people-garage_001762,3people-garage,001762,rgb,3people-garage_001762#2,257.715759,319.275513,379.611542,680.902649,3.582031,3.582031,3-6,lidar_wave2,garage,3people-garage,3people-garage_001762#2,workzone_wave2
C:\Users\jiahu\OneDrive\Documents\human_detect\work-zone-safety-rgbd-dataset\workzone_rgbd_dataset_wave2\images\3people-garage_001778.png,3people-garage_001778,3people-garage,001778,rgb,3people-garage_001778#1,89.910950,258.446228,331.551666,719.256409,1.906250,1.906250,<3,lidar_wave2,garage,3people-garage,3people-garage_001778#1,workzone_wave2
C:\Users\jiahu\OneDrive\Documents\human_detect\work-zone-safety-rgbd-dataset\workzone_rgbd_dataset_wave2\images\3people-garage_001789.png,3people-garage_001789,3people-garage,001789,rgb,3people-garage_001789#1,77.249107,327.941803,177.858963,644.853699,3.992188,3.992188,3-6,lidar_wave2,garage,3people-garage,3people-garage_001789#1,workzone_wave2
C:\Users\jiahu\OneDrive\Documents\human_detect\work-zone-safety-rgbd-dataset\workzone_rgbd_dataset_wave2\images\3people-garage_001789.png,3people-garage_001789,3people-garage,001789,rgb,3people-garage_001789#2,139.218658,238.453598,322.910736,719.466309,1.442383,1.442383,<3,lidar_wave2,garage,3people-garage,3people-garage_001789#2,workzone_wave2
C:\Users\jiahu\OneDrive\Documents\human_detect\work-zone-safety-rgbd-dataset\workzone_rgbd_dataset_wave2\images\3people-garage_001798.png,3people-garage_001798,3people-garage,001798,rgb,3people-garage_001798#1,0.051155,318.346191,128.944290,719.471863,3.245117,3.245117,3-6,lidar_wave2,garage,3people-garage,3people-garage_001798#1,workzone_wave2
C:\Users\jiahu\OneDrive\Documents\human_detect\work-zone-safety-rgbd-dataset\workzone_rgbd_dataset_wave2\images\3people-garage_001798.png,3people-garage_001798,3people-garage,001798,rgb,3people-garage_001798#2,167.028076,367.668579,225.107483,533.377014,7.148438,7.148438,>6,lidar_wave2,garage,3people-garage,3people-garage_001798#2,workzone_wave2
C:\Users\jiahu\OneDrive\Documents\human_detect\work-zone-safety-rgbd-dataset\workzone_rgbd_dataset_wave2\images\3people-garage_001798.png,3people-garage_001798,3people-garage,001798,rgb,3people-garage_001798#3,348.702972,237.475937,667.897827,719.377747,1.398438,1.398438,<3,lidar_wave2,garage,3people-garage,3people-garage_001798#3,workzone_wave2
C:\Users\jiahu\OneDrive\Documents\human_detect\work-zone-safety-rgbd-dataset\workzone_rgbd_dataset_wave2\images\3people-garage_001800.png,3people-garage_001800,3people-garage,001800,rgb,3people-garage_001800#1,0.089001,311.462585,103.971664,719.585999,3.248047,3.248047,3-6,lidar_wave2,garage,3people-garage,3people-garage_001800#1,workzone_wave2
C:\Users\jiahu\OneDrive\Documents\human_detect\work-zone-safety-rgbd-dataset\workzone_rgbd_dataset_wave2\images\3people-garage_001800.png,3people-garage_001800,3people-garage,001800,rgb,3people-garage_001800#2,173.734314,366.622009,234.257217,532.637146,7.039062,7.039062,>6,lidar_wave2,garage,3people-garage,3people-garage_001800#2,workzone_wave2
C:\Users\jiahu\OneDrive\Documents\human_detect\work-zone-safety-rgbd-dataset\workzone_rgbd_dataset_wave2\images\3people-garage_001800.png,3people-garage_001800,3people-garage,001800,rgb,3people-garage_001800#3,419.288635,253.958099,672.606873,719.806458,1.597168,1.597168,<3,lidar_wave2,garage,3people-garage,3people-garage_001800#3,workzone_wave2
C:\Users\jiahu\OneDrive\Documents\human_detect\work-zone-safety-rgbd-dataset\workzone_rgbd_dataset_wave2\images\3people-garage_001812.png,3people-garage_001812,3people-garage,001812,rgb,3people-garage_001812#1,233.290054,366.289764,297.843140,547.813171,6.222656,6.222656,>6,lidar_wave2,garage,3people-garage,3people-garage_001812#1,workzone_wave2
C:\Users\jiahu\OneDrive\Documents\human_detect\work-zone-safety-rgbd-dataset\workzone_rgbd_dataset_wave2\images\3people-garage_001812.png,3people-garage_001812,3people-garage,001812,rgb,3people-garage_001812#2,554.680481,302.078156,739.517212,718.678162,2.671875,2.671875,<3,lidar_wave2,garage,3people-garage,3people-garage_001812#2,workzone_wave2
C:\Users\jiahu\OneDrive\Documents\human_detect\work-zone-safety-rgbd-dataset\workzone_rgbd_dataset_wave2\images\3people-garage_001828.png,3people-garage_001828,3people-garage,001828,rgb,3people-garage_001828#1,9.919853,256.629211,209.901825,719.588745,1.680664,1.680664,<3,lidar_wave2,garage,3people-garage,3people-garage_001828#1,workzone_wave2
C:\Users\jiahu\OneDrive\Documents\human_detect\work-zone-safety-rgbd-dataset\workzone_rgbd_dataset_wave2\images\3people-garage_001828.png,3people-garage_001828,3people-garage,001828,rgb,3people-garage_001828#2,343.421448,366.209564,417.631073,571.708374,5.535156,5.535156,3-6,lidar_wave2,garage,3people-garage,3people-garage_001828#2,workzone_wave2
C:\Users\jiahu\OneDrive\Documents\human_detect\work-zone-safety-rgbd-dataset\workzone_rgbd_dataset_wave2\images\3people-garage_001828.png,3people-garage_001828,3people-garage,001828,rgb,3people-garage_001828#3,593.266479,332.695679,716.930054,646.087158,4.097656,4.097656,3-6,lidar_wave2,garage,3people-garage,3people-garage_001828#3,workzone_wave2
C:\Users\jiahu\OneDrive\Documents\human_detect\work-zone-safety-rgbd-dataset\workzone_rgbd_dataset_wave2\images\3people-garage_001830.png,3people-garage_001830,3people-garage,001830,rgb,3people-garage_001830#1,110.823174,249.075897,350.816010,719.182068,1.637695,1.637695,<3,lidar_wave2,garage,3people-garage,3people-garage_001830#1,workzone_wave2
C:\Users\jiahu\OneDrive\Documents\human_detect\work-zone-safety-rgbd-dataset\workzone_rgbd_dataset_wave2\images\3people-garage_001830.png,3people-garage_001830,3people-garage,001830,rgb,3people-garage_001830#2,359.542633,363.499054,435.288971,571.474548,5.427734,5.427734,3-6,lidar_wave2,garage,3people-garage,3people-garage_001830#2,workzone_wave2
C:\Users\jiahu\OneDrive\Documents\human_detect\work-zone-safety-rgbd-dataset\workzone_rgbd_dataset_wave2\images\3people-garage_001830.png,3people-garage_001830,3people-garage,001830,rgb,3people-garage_001830#3,582.911133,330.946167,718.092529,622.681152,4.382812,4.382812,3-6,lidar_wave2,garage,3people-garage,3people-garage_001830#3,workzone_wave2
C:\Users\jiahu\OneDrive\Documents\human_detect\work-zone-safety-rgbd-dataset\workzone_rgbd_dataset_wave2\images\3people-garage_001840.png,3people-garage_001840,3people-garage,001840,rgb,3people-garage_001840#1,373.520508,258.008972,541.400085,719.472290,1.698242,1.698242,<3,lidar_wave2,garage,3people-garage,3people-garage_001840#1,workzone_wave2
C:\Users\jiahu\OneDrive\Documents\human_detect\work-zone-safety-rgbd-dataset\workzone_rgbd_dataset_wave2\images\3people-garage_001840.png,3people-garage_001840,3people-garage,001840,rgb,3people-garage_001840#2,572.894348,340.191559,656.994873,581.917297,5.246094,5.246094,3-6,lidar_wave2,garage,3people-garage,3people-garage_001840#2,workzone_wave2
C:\Users\jiahu\OneDrive\Documents\human_detect\work-zone-safety-rgbd-dataset\workzone_rgbd_dataset_wave2\images\3people-garage_001853.png,3people-garage_001853,3people-garage,001853,rgb,3people-garage_001853#1,563.668518,342.960022,619.686890,535.117493,6.738281,6.738281,>6,lidar_wave2,garage,3people-garage,3people-garage_001853#1,workzone_wave2
C:\Users\jiahu\OneDrive\Documents\human_detect\work-zone-safety-rgbd-dataset\workzone_rgbd_dataset_wave2\images\3people-garage_001853.png,3people-garage_001853,3people-garage,001853,rgb,3people-garage_001853#2,602.745117,358.295746,667.754883,589.197937,5.011719,5.011719,3-6,lidar_wave2,garage,3people-garage,3people-garage_001853#2,workzone_wave2
C:\Users\jiahu\OneDrive\Documents\human_detect\work-zone-safety-rgbd-dataset\workzone_rgbd_dataset_wave2\images\3people-garage_001853.png,3people-garage_001853,3people-garage,001853,rgb,3people-garage_001853#3,655.203735,273.613037,864.359680,719.739319,1.917969,1.917969,<3,lidar_wave2,garage,3people-garage,3people-garage_001853#3,workzone_wave2
C:\Users\jiahu\OneDrive\Documents\human_detect\work-zone-safety-rgbd-dataset\workzone_rgbd_dataset_wave2\images\3people-garage_001869.png,3people-garage_001869,3people-garage,001869,rgb,3people-garage_001869#1,540.879211,353.506165,594.454773,509.297241,8.226562,8.226562,>6,lidar_wave2,garage,3people-garage,3people-garage_001869#1,workzone_wave2
C:\Users\jiahu\OneDrive\Documents\human_detect\work-zone-safety-rgbd-dataset\workzone_rgbd_dataset_wave2\images\3people-garage_001869.png,3people-garage_001869,3people-garage,001869,rgb,3people-garage_001869#2,724.045898,365.092621,781.934875,552.478882,6.011719,6.011719,>6,lidar_wave2,garage,3people-garage,3people-garage_001869#2,workzone_wave2
C:\Users\jiahu\OneDrive\Documents\human_detect\work-zone-safety-rgbd-dataset\workzone_rgbd_dataset_wave2\images\3people-garage_001869.png,3people-garage_001869,3people-garage,001869,rgb,3people-garage_001869#3,758.372131,306.318451,925.131226,718.609680,2.900391,2.900391,<3,lidar_wave2,garage,3people-garage,3people-garage_001869#3,workzone_wave2
C:\Users\jiahu\OneDrive\Documents\human_detect\work-zone-safety-rgbd-dataset\workzone_rgbd_dataset_wave2\images\3people-garage_001878.png,3people-garage_001878,3people-garage,001878,rgb,3people-garage_001878#1,519.911255,357.987183,568.405640,496.740692,8.890625,8.890625,>6,lidar_wave2,garage,3people-garage,3people-garage_001878#1,workzone_wave2
C:\Users\jiahu\OneDrive\Documents\human_detect\work-zone-safety-rgbd-dataset\workzone_rgbd_dataset_wave2\images\3people-garage_001878.png,3people-garage_001878,3people-garage,001878,rgb,3people-garage_001878#2,739.964172,317.435608,866.940125,655.931702,3.578125,3.578125,3-6,lidar_wave2,garage,3people-garage,3people-garage_001878#2,workzone_wave2
C:\Users\jiahu\OneDrive\Documents\human_detect\work-zone-safety-rgbd-dataset\workzone_rgbd_dataset_wave2\images\3people-garage_001888.png,3people-garage_001888,3people-garage,001888,rgb,3people-garage_001888#1,498.700317,358.394684,552.910706,489.300293,9.515625,9.515625,>6,lidar_wave2,garage,3people-garage,3people-garage_001888#1,workzone_wave2
C:\Users\jiahu\OneDrive\Documents\human_detect\work-zone-safety-rgbd-dataset\workzone_rgbd_dataset_wave2\images\3people-garage_001888.png,3people-garage_001888,3people-garage,001888,rgb,3people-garage_001888#2,722.257263,330.563660,824.495728,616.652222,4.386719,4.386719,3-6,lidar_wave2,garage,3people-garage,3people-garage_001888#2,workzone_wave2
C:\Users\jiahu\OneDrive\Documents\human_detect\work-zone-safety-rgbd-dataset\workzone_rgbd_dataset_wave2\images\3people-garage_001888.png,3people-garage_001888,3people-garage,001888,rgb,3people-garage_001888#3,806.949722,362.134437,861.589675,524.700202,6.976562,6.976562,>6,lidar_wave2,garage,3people-garage,3people-garage_001888#3,workzone_wave2
C:\Users\jiahu\OneDrive\Documents\human_detect\work-zone-safety-rgbd-dataset\workzone_rgbd_dataset_wave2\images\3people-garage_001893.png,3people-garage_001893,3people-garage,001893,rgb,3people-garage_001893#1,484.773956,357.507477,523.644775,485.593231,9.640625,9.640625,>6,lidar_wave2,garage,3people-garage,3people-garage_001893#1,workzone_wave2
C:\Users\jiahu\OneDrive\Documents\human_detect\work-zone-safety-rgbd-dataset\workzone_rgbd_dataset_wave2\images\3people-garage_001893.png,3people-garage_001893,3people-garage,001893,rgb,3people-garage_001893#2,714.570740,335.435394,802.163269,603.531189,4.777344,4.777344,3-6,lidar_wave2,garage,3people-garage,3people-garage_001893#2,workzone_wave2
C:\Users\jiahu\OneDrive\Documents\human_detect\work-zone-safety-rgbd-dataset\workzone_rgbd_dataset_wave2\images\3people-garage_001893.png,3people-garage_001893,3people-garage,001893,rgb,3people-garage_001893#3,803.879578,364.233856,861.926208,512.118042,8.453125,8.453125,>6,lidar_wave2,garage,3people-garage,3people-garage_001893#3,workzone_wave2
C:\Users\jiahu\OneDrive\Documents\human_detect\work-zone-safety-rgbd-dataset\workzone_rgbd_dataset_wave2\images\3people-garage_001901.png,3people-garage_001901,3people-garage,001901,rgb,3people-garage_001901#1,486.448792,360.717590,543.064087,486.788635,9.562500,9.562500,>6,lidar_wave2,garage,3people-garage,3people-garage_001901#1,workzone_wave2
C:\Users\jiahu\OneDrive\Documents\human_detect\work-zone-safety-rgbd-dataset\workzone_rgbd_dataset_wave2\images\3people-garage_001901.png,3people-garage_001901,3people-garage,001901,rgb,3people-garage_001901#2,696.513123,337.210907,780.378540,569.509949,5.425781,5.425781,3-6,lidar_wave2,garage,3people-garage,3people-garage_001901#2,workzone_wave2
C:\Users\jiahu\OneDrive\Documents\human_detect\work-zone-safety-rgbd-dataset\workzone_rgbd_dataset_wave2\images\3people-garage_001901.png,3people-garage_001901,3people-garage,001901,rgb,3people-garage_001901#3,794.431824,363.222198,845.151306,496.819885,9.183594,9.183594,>6,lidar_wave2,garage,3people-garage,3people-garage_001901#3,workzone_wave2
C:\Users\jiahu\OneDrive\Documents\human_detect\work-zone-safety-rgbd-dataset\workzone_rgbd_dataset_wave2\images\3people-garage_001912.png,3people-garage_001912,3people-garage,001912,rgb,3people-garage_001912#1,554.280579,353.839966,590.367371,493.196136,9.148438,9.148438,>6,lidar_wave2,garage,3people-garage,3people-garage_001912#1,workzone_wave2
C:\Users\jiahu\OneDrive\Documents\human_detect\work-zone-safety-rgbd-dataset\workzone_rgbd_dataset_wave2\images\3people-garage_001912.png,3people-garage_001912,3people-garage,001912,rgb,3people-garage_001912#2,676.952515,343.532135,746.100464,544.856567,6.167969,6.167969,>6,lidar_wave2,garage,3people-garage,3people-garage_001912#2,workzone_wave2
C:\Users\jiahu\OneDrive\Documents\human_detect\work-zone-safety-rgbd-dataset\workzone_rgbd_dataset_wave2\images\3people-garage_001912.png,3people-garage_001912,3people-garage,001912,rgb,3people-garage_001912#3,761.164185,365.951233,807.284424,480.955200,9.695312,9.695312,>6,lidar_wave2,garage,3people-garage,3people-garage_001912#3,workzone_wave2
C:\Users\jiahu\OneDrive\Documents\human_detect\work-zone-safety-rgbd-dataset\workzone_rgbd_dataset_wave2\images\3people-garage_001921.png,3people-garage_001921,3people-garage,001921,rgb,3people-garage_001921#1,617.377686,353.457947,668.157043,494.383423,8.589844,8.589844,>6,lidar_wave2,garage,3people-garage,3people-garage_001921#1,workzone_wave2
C:\Users\jiahu\OneDrive\Documents\human_detect\work-zone-safety-rgbd-dataset\workzone_rgbd_dataset_wave2\images\3people-garage_001921.png,3people-garage_001921,3people-garage,001921,rgb,3people-garage_001921#2,658.035889,346.972321,725.452698,533.499451,6.859375,6.859375,>6,lidar_wave2,garage,3people-garage,3people-garage_001921#2,workzone_wave2
C:\Users\jiahu\OneDrive\Documents\human_detect\work-zone-safety-rgbd-dataset\workzone_rgbd_dataset_wave2\images\3people-garage_001921.png,3people-garage_001921,3people-garage,001921,rgb,3people-garage_001921#3,717.438354,369.135956,768.992065,474.660095,11.398438,11.398438,>6,lidar_wave2,garage,3people-garage,3people-garage_001921#3,workzone_wave2
C:\Users\jiahu\OneDrive\Documents\human_detect\work-zone-safety-rgbd-dataset\workzone_rgbd_dataset_wave2\images\3people-garage_001931.png,3people-garage_001931,3people-garage,001931,rgb,3people-garage_001931#1,630.934998,353.189240,683.747925,514.610229,7.593750,7.593750,>6,lidar_wave2,garage,3people-garage,3people-garage_001931#1,workzone_wave2
C:\Users\jiahu\OneDrive\Documents\human_detect\work-zone-safety-rgbd-dataset\workzone_rgbd_dataset_wave2\images\3people-garage_001931.png,3people-garage_001931,3people-garage,001931,rgb,3people-garage_001931#2,674.497375,368.333130,707.597351,467.457642,,,>6,lidar_wave2,garage,3people-garage,3people-garage_001931#2,workzone_wave2
C:\Users\jiahu\OneDrive\Documents\human_detect\work-zone-safety-rgbd-dataset\workzone_rgbd_dataset_wave2\images\3people-garage_001931.png,3people-garage_001931,3people-garage,001931,rgb,3people-garage_001931#3,687.818115,351.484253,768.949036,506.579987,7.476562,7.476562,>6,lidar_wave2,garage,3people-garage,3people-garage_001931#3,workzone_wave2
C:\Users\jiahu\OneDrive\Documents\human_detect\work-zone-safety-rgbd-dataset\workzone_rgbd_dataset_wave2\images\3people-garage_001949.png,3people-garage_001949,3people-garage,001949,rgb,3people-garage_001949#1,565.318478,369.337799,608.367004,468.560268,12.421875,12.421875,>6,lidar_wave2,garage,3people-garage,3people-garage_001949#1,workzone_wave2
C:\Users\jiahu\OneDrive\Documents\human_detect\work-zone-safety-rgbd-dataset\workzone_rgbd_dataset_wave2\images\3people-garage_001949.png,3people-garage_001949,3people-garage,001949,rgb,3people-garage_001949#2,610.943726,354.983643,656.008484,493.346741,9.218750,9.218750,>6,lidar_wave2,garage,3people-garage,3people-garage_001949#2,workzone_wave2
C:\Users\jiahu\OneDrive\Documents\human_detect\work-zone-safety-rgbd-dataset\workzone_rgbd_dataset_wave2\images\3people-garage_001949.png,3people-garage_001949,3people-garage,001949,rgb,3people-garage_001949#3,817.256714,342.740631,911.558594,541.000854,6.347656,6.347656,>6,lidar_wave2,garage,3people-garage,3people-garage_001949#3,workzone_wave2
C:\Users\jiahu\OneDrive\Documents\human_detect\work-zone-safety-rgbd-dataset\workzone_rgbd_dataset_wave2\images\3people-garage_001951.png,3people-garage_001951,3people-garage,001951,rgb,3people-garage_001951#1,552.495238,370.083496,604.509514,477.455590,11.519531,11.519531,>6,lidar_wave2,garage,3people-garage,3people-garage_001951#1,workzone_wave2
C:\Users\jiahu\OneDrive\Documents\human_detect\work-zone-safety-rgbd-dataset\workzone_rgbd_dataset_wave2\images\3people-garage_001951.png,3people-garage_001951,3people-garage,001951,rgb,3people-garage_001951#2,612.203613,359.861328,652.938721,491.673187,9.046875,9.046875,>6,lidar_wave2,garage,3people-garage,3people-garage_001951#2,workzone_wave2
C:\Users\jiahu\OneDrive\Documents\human_detect\work-zone-safety-rgbd-dataset\workzone_rgbd_dataset_wave2\images\3people-garage_001951.png,3people-garage_001951,3people-garage,001951,rgb,3people-garage_001951#3,831.763367,346.174805,921.023987,553.156738,6.121094,6.121094,>6,lidar_wave2,garage,3people-garage,3people-garage_001951#3,workzone_wave2
C:\Users\jiahu\OneDrive\Documents\human_detect\work-zone-safety-rgbd-dataset\workzone_rgbd_dataset_wave2\images\3people-garage_001961.png,3people-garage_001961,3people-garage,001961,rgb,3people-garage_001961#1,501.121718,375.386704,551.619557,470.436283,12.328125,12.328125,>6,lidar_wave2,garage,3people-garage,3people-garage_001961#1,workzone_wave2
C:\Users\jiahu\OneDrive\Documents\human_detect\work-zone-safety-rgbd-dataset\workzone_rgbd_dataset_wave2\images\3people-garage_001961.png,3people-garage_001961,3people-garage,001961,rgb,3people-garage_001961#2,603.154968,354.361176,655.611389,482.046753,9.941406,9.941406,>6,lidar_wave2,garage,3people-garage,3people-garage_001961#2,workzone_wave2
C:\Users\jiahu\OneDrive\Documents\human_detect\work-zone-safety-rgbd-dataset\workzone_rgbd_dataset_wave2\images\3people-garage_001961.png,3people-garage_001961,3people-garage,001961,rgb,3people-garage_001961#3,882.615417,335.107544,959.964661,571.325684,4.902344,4.902344,3-6,lidar_wave2,garage,3people-garage,3people-garage_001961#3,workzone_wave2
C:\Users\jiahu\OneDrive\Documents\human_detect\work-zone-safety-rgbd-dataset\workzone_rgbd_dataset_wave2\images\3people-garage_001972.png,3people-garage_001972,3people-garage,001972,rgb,3people-garage_001972#1,454.196411,371.353149,495.225037,466.706268,12.195312,12.195312,>6,lidar_wave2,garage,3people-garage,3people-garage_001972#1,workzone_wave2
C:\Users\jiahu\OneDrive\Documents\human_detect\work-zone-safety-rgbd-dataset\workzone_rgbd_dataset_wave2\images\3people-garage_001972.png,3people-garage_001972,3people-garage,001972,rgb,3people-garage_001972#2,590.882812,358.417450,633.103638,474.572235,10.765625,10.765625,>6,lidar_wave2,garage,3people-garage,3people-garage_001972#2,workzone_wave2
C:\Users\jiahu\OneDrive\Documents\human_detect\work-zone-safety-rgbd-dataset\workzone_rgbd_dataset_wave2\images\3people-garage_001972.png,3people-garage_001972,3people-garage,001972,rgb,3people-garage_001972#3,898.872918,331.197968,959.769287,605.098068,5.353516,5.353516,3-6,lidar_wave2,garage,3people-garage,3people-garage_001972#3,workzone_wave2
C:\Users\jiahu\OneDrive\Documents\human_detect\work-zone-safety-rgbd-dataset\workzone_rgbd_dataset_wave2\images\3people-garage_001985.png,3people-garage_001985,3people-garage,001985,rgb,3people-garage_001985#1,415.449036,373.946899,450.183777,476.736084,10.953125,10.953125,>6,lidar_wave2,garage,3people-garage,3people-garage_001985#1,workzone_wave2
C:\Users\jiahu\OneDrive\Documents\human_detect\work-zone-safety-rgbd-dataset\workzone_rgbd_dataset_wave2\images\3people-garage_001985.png,3people-garage_001985,3people-garage,001985,rgb,3people-garage_001985#2,567.443115,361.491699,604.947697,483.681554,11.031250,11.031250,>6,lidar_wave2,garage,3people-garage,3people-garage_001985#2,workzone_wave2
C:\Users\jiahu\OneDrive\Documents\human_detect\work-zone-safety-rgbd-dataset\workzone_rgbd_dataset_wave2\images\3people-garage_001985.png,3people-garage_001985,3people-garage,001985,rgb,3people-garage_001985#3,840.531275,310.478302,959.580408,690.897034,3.330078,3.330078,3-6,lidar_wave2,garage,3people-garage,3people-garage_001985#3,workzone_wave2
C:\Users\jiahu\OneDrive\Documents\human_detect\work-zone-safety-rgbd-dataset\workzone_rgbd_dataset_wave2\images\3people-garage_001995.png,3people-garage_001995,3people-garage,001995,rgb,3people-garage_001995#1,385.849548,373.471802,425.852417,490.099091,9.605469,9.605469,>6,lidar_wave2,garage,3people-garage,3people-garage_001995#1,workzone_wave2
C:\Users\jiahu\OneDrive\Documents\human_detect\work-zone-safety-rgbd-dataset\workzone_rgbd_dataset_wave2\images\3people-garage_001995.png,3people-garage_001995,3people-garage,001995,rgb,3people-garage_001995#2,532.964412,363.126818,569.277100,462.326294,12.628906,12.628906,>6,lidar_wave2,garage,3people-garage,3people-garage_001995#2,workzone_wave2
C:\Users\jiahu\OneDrive\Documents\human_detect\work-zone-safety-rgbd-dataset\workzone_rgbd_dataset_wave2\images\3people-garage_001995.png,3people-garage_001995,3people-garage,001995,rgb,3people-garage_001995#3,761.623718,295.283630,959.440613,719.539917,2.554688,2.554688,<3,lidar_wave2,garage,3people-garage,3people-garage_001995#3,workzone_wave2
C:\Users\jiahu\OneDrive\Documents\human_detect\work-zone-safety-rgbd-dataset\workzone_rgbd_dataset_wave2\images\3people-garage_002004.png,3people-garage_002004,3people-garage,002004,rgb,3people-garage_002004#1,368.686340,371.593719,413.736694,501.032166,8.671875,8.671875,>6,lidar_wave2,garage,3people-garage,3people-garage_002004#1,workzone_wave2
C:\Users\jiahu\OneDrive\Documents\human_detect\work-zone-safety-rgbd-dataset\workzone_rgbd_dataset_wave2\images\3people-garage_002004.png,3people-garage_002004,3people-garage,002004,rgb,3people-garage_002004#2,496.862366,360.458344,530.917969,460.422302,12.406250,12.406250,>6,lidar_wave2,garage,3people-garage,3people-garage_002004#2,workzone_wave2
C:\Users\jiahu\OneDrive\Documents\human_detect\work-zone-safety-rgbd-dataset\workzone_rgbd_dataset_wave2\images\3people-garage_002004.png,3people-garage_002004,3people-garage,002004,rgb,3people-garage_002004#3,638.033203,254.562881,957.436523,718.911377,1.828125,1.828125,<3,lidar_wave2,garage,3people-garage,3people-garage_002004#3,workzone_wave2
C:\Users\jiahu\OneDrive\Documents\human_detect\work-zone-safety-rgbd-dataset\workzone_rgbd_dataset_wave2\images\3people-garage_002019.png,3people-garage_002019,3people-garage,002019,rgb,3people-garage_002019#1,136.067322,159.111603,423.145966,719.801697,0.997559,0.997559,<3,lidar_wave2,garage,3people-garage,3people-garage_002019#1,workzone_wave2
C:\Users\jiahu\OneDrive\Documents\human_detect\work-zone-safety-rgbd-dataset\workzone_rgbd_dataset_wave2\images\3people-garage_002019.png,3people-garage_002019,3people-garage,002019,rgb,3people-garage_002019#2,443.414808,355.448248,476.045120,471.271448,12.476562,12.476562,>6,lidar_wave2,garage,3people-garage,3people-garage_002019#2,workzone_wave2
C:\Users\jiahu\OneDrive\Documents\human_detect\work-zone-safety-rgbd-dataset\workzone_rgbd_dataset_wave2\images\3people-garage_002027.png,3people-garage_002027,3people-garage,002027,rgb,3people-garage_002027#1,0.000000,228.727676,286.489594,718.959778,1.485352,1.485352,<3,lidar_wave2,garage,3people-garage,3people-garage_002027#1,workzone_wave2
C:\Users\jiahu\OneDrive\Documents\human_detect\work-zone-safety-rgbd-dataset\workzone_rgbd_dataset_wave2\images\3people-garage_002027.png,3people-garage_002027,3people-garage,002027,rgb,3people-garage_002027#2,321.727020,368.179596,387.897949,546.236450,6.269531,6.269531,>6,lidar_wave2,garage,3people-garage,3people-garage_002027#2,workzone_wave2
C:\Users\jiahu\OneDrive\Documents\human_detect\work-zone-safety-rgbd-dataset\workzone_rgbd_dataset_wave2\images\3people-garage_002027.png,3people-garage_002027,3people-garage,002027,rgb,3people-garage_002027#3,418.006165,363.908752,452.998471,474.633687,13.371094,13.371094,>6,lidar_wave2,garage,3people-garage,3people-garage_002027#3,workzone_wave2
C:\Users\jiahu\OneDrive\Documents\human_detect\work-zone-safety-rgbd-dataset\workzone_rgbd_dataset_wave2\images\3people-garage_002036.png,3people-garage_002036,3people-garage,002036,rgb,3people-garage_002036#1,0.318970,267.372711,187.105118,718.491760,2.101562,2.101562,<3,lidar_wave2,garage,3people-garage,3people-garage_002036#1,workzone_wave2
C:\Users\jiahu\OneDrive\Documents\human_detect\work-zone-safety-rgbd-dataset\workzone_rgbd_dataset_wave2\images\3people-garage_002036.png,3people-garage_002036,3people-garage,002036,rgb,3people-garage_002036#2,288.931030,365.642700,364.449860,578.410400,5.484375,5.484375,3-6,lidar_wave2,garage,3people-garage,3people-garage_002036#2,workzone_wave2
C:\Users\jiahu\OneDrive\Documents\human_detect\work-zone-safety-rgbd-dataset\workzone_rgbd_dataset_wave2\images\3people-garage_002036.png,3people-garage_002036,3people-garage,002036,rgb,3people-garage_002036#3,388.784637,365.221130,433.793961,484.856085,11.328125,11.328125,>6,lidar_wave2,garage,3people-garage,3people-garage_002036#3,workzone_wave2
C:\Users\jiahu\OneDrive\Documents\human_detect\work-zone-safety-rgbd-dataset\workzone_rgbd_dataset_wave2\images\3people-garage_002040.png,3people-garage_002040,3people-garage,002040,rgb,3people-garage_002040#1,0.249847,287.846100,200.546265,719.392883,2.429688,2.429688,<3,lidar_wave2,garage,3people-garage,3people-garage_002040#1,workzone_wave2
C:\Users\jiahu\OneDrive\Documents\human_detect\work-zone-safety-rgbd-dataset\workzone_rgbd_dataset_wave2\images\3people-garage_002040.png,3people-garage_002040,3people-garage,002040,rgb,3people-garage_002040#2,281.738892,363.357117,360.884705,596.306274,5.076172,5.076172,3-6,lidar_wave2,garage,3people-garage,3people-garage_002040#2,workzone_wave2
C:\Users\jiahu\OneDrive\Documents\human_detect\work-zone-safety-rgbd-dataset\workzone_rgbd_dataset_wave2\images\3people-garage_002040.png,3people-garage_002040,3people-garage,002040,rgb,3people-garage_002040#3,380.056244,363.142975,422.853511,487.175941,11.007812,11.007812,>6,lidar_wave2,garage,3people-garage,3people-garage_002040#3,workzone_wave2
C:\Users\jiahu\OneDrive\Documents\human_detect\work-zone-safety-rgbd-dataset\workzone_rgbd_dataset_wave2\images\3people-garage_002056.png,3people-garage_002056,3people-garage,002056,rgb,3people-garage_002056#1,97.217720,321.333710,227.533173,658.170288,3.699219,3.699219,3-6,lidar_wave2,garage,3people-garage,3people-garage_002056#1,workzone_wave2
C:\Users\jiahu\OneDrive\Documents\human_detect\work-zone-safety-rgbd-dataset\workzone_rgbd_dataset_wave2\images\3people-garage_002056.png,3people-garage_002056,3people-garage,002056,rgb,3people-garage_002056#2,272.729828,347.966766,381.062622,683.754272,3.561523,3.561523,3-6,lidar_wave2,garage,3people-garage,3people-garage_002056#2,workzone_wave2
C:\Users\jiahu\OneDrive\Documents\human_detect\work-zone-safety-rgbd-dataset\workzone_rgbd_dataset_wave2\images\3people-garage_002056.png,3people-garage_002056,3people-garage,002056,rgb,3people-garage_002056#3,355.745911,361.803009,396.766479,483.674744,,,>6,lidar_wave2,garage,3people-garage,3people-garage_002056#3,workzone_wave2
C:\Users\jiahu\OneDrive\Documents\human_detect\work-zone-safety-rgbd-dataset\workzone_rgbd_dataset_wave2\images\3people-garage_002069.png,3people-garage_002069,3people-garage,002069,rgb,3people-garage_002069#1,172.112885,338.979248,262.450073,602.700256,4.964844,4.964844,3-6,lidar_wave2,garage,3people-garage,3people-garage_002069#1,workzone_wave2
C:\Users\jiahu\OneDrive\Documents\human_detect\work-zone-safety-rgbd-dataset\workzone_rgbd_dataset_wave2\images\3people-garage_002069.png,3people-garage_002069,3people-garage,002069,rgb,3people-garage_002069#2,340.172455,356.843109,389.336426,501.976532,8.734375,8.734375,>6,lidar_wave2,garage,3people-garage,3people-garage_002069#2,workzone_wave2
C:\Users\jiahu\OneDrive\Documents\human_detect\work-zone-safety-rgbd-dataset\workzone_rgbd_dataset_wave2\images\3people-garage_002069.png,3people-garage_002069,3people-garage,002069,rgb,3people-garage_002069#3,398.009216,337.674652,553.685120,719.533264,2.474609,2.474609,<3,lidar_wave2,garage,3people-garage,3people-garage_002069#3,workzone_wave2
C:\Users\jiahu\OneDrive\Documents\human_detect\work-zone-safety-rgbd-dataset\workzone_rgbd_dataset_wave2\images\3people-garage_002071.png,3people-garage_002071,3people-garage,002071,rgb,3people-garage_002071#1,180.328201,335.874756,276.573029,584.644043,5.144531,5.144531,3-6,lidar_wave2,garage,3people-garage,3people-garage_002071#1,workzone_wave2
C:\Users\jiahu\OneDrive\Documents\human_detect\work-zone-safety-rgbd-dataset\workzone_rgbd_dataset_wave2\images\3people-garage_002071.png,3people-garage_002071,3people-garage,002071,rgb,3people-garage_002071#2,339.570953,358.441833,391.334656,502.487274,8.703125,8.703125,>6,lidar_wave2,garage,3people-garage,3people-garage_002071#2,workzone_wave2
C:\Users\jiahu\OneDrive\Documents\human_detect\work-zone-safety-rgbd-dataset\workzone_rgbd_dataset_wave2\images\3people-garage_002071.png,3people-garage_002071,3people-garage,002071,rgb,3people-garage_002071#3,426.957458,335.549744,578.237366,719.444275,2.507812,2.507812,<3,lidar_wave2,garage,3people-garage,3people-garage_002071#3,workzone_wave2
C:\Users\jiahu\OneDrive\Documents\human_detect\work-zone-safety-rgbd-dataset\workzone_rgbd_dataset_wave2\images\3people-garage_002088.png,3people-garage_002088,3people-garage,002088,rgb,3people-garage_002088#1,227.412384,349.787415,297.093994,540.521606,6.539062,6.539062,>6,lidar_wave2,garage,3people-garage,3people-garage_002088#1,workzone_wave2
C:\Users\jiahu\OneDrive\Documents\human_detect\work-zone-safety-rgbd-dataset\workzone_rgbd_dataset_wave2\images\3people-garage_002088.png,3people-garage_002088,3people-garage,002088,rgb,3people-garage_002088#2,320.283600,355.943329,381.723114,527.903320,7.355469,7.355469,>6,lidar_wave2,garage,3people-garage,3people-garage_002088#2,workzone_wave2
C:\Users\jiahu\OneDrive\Documents\human_detect\work-zone-safety-rgbd-dataset\workzone_rgbd_dataset_wave2\images\3people-garage_002088.png,3people-garage_002088,3people-garage,002088,rgb,3people-garage_002088#3,832.795532,342.954071,959.393555,719.693542,2.556641,2.556641,<3,lidar_wave2,garage,3people-garage,3people-garage_002088#3,workzone_wave2
C:\Users\jiahu\OneDrive\Documents\human_detect\work-zone-safety-rgbd-dataset\workzone_rgbd_dataset_wave2\images\3people-garage_002091.png,3people-garage_002091,3people-garage,002091,rgb,3people-garage_002091#1,234.629303,353.972992,303.721497,536.496887,6.457031,6.457031,>6,lidar_wave2,garage,3people-garage,3people-garage_002091#1,workzone_wave2
C:\Users\jiahu\OneDrive\Documents\human_detect\work-zone-safety-rgbd-dataset\workzone_rgbd_dataset_wave2\images\3people-garage_002091.png,3people-garage_002091,3people-garage,002091,rgb,3people-garage_002091#2,313.401672,355.474915,375.489319,531.180603,7.222656,7.222656,>6,lidar_wave2,garage,3people-garage,3people-garage_002091#2,workzone_wave2
C:\Users\jiahu\OneDrive\Documents\human_detect\work-zone-safety-rgbd-dataset\workzone_rgbd_dataset_wave2\images\3people-garage_002091.png,3people-garage_002091,3people-garage,002091,rgb,3people-garage_002091#3,850.781128,342.999298,959.896423,718.611206,3.333984,3.333984,3-6,lidar_wave2,garage,3people-garage,3people-garage_002091#3,workzone_wave2
C:\Users\jiahu\OneDrive\Documents\human_detect\work-zone-safety-rgbd-dataset\workzone_rgbd_dataset_wave2\images\3people-garage_002109.png,3people-garage_002109,3people-garage,002109,rgb,3people-garage_002109#1,276.242004,348.719055,352.562653,566.684509,5.732422,5.732422,3-6,lidar_wave2,garage,3people-garage,3people-garage_002109#1,workzone_wave2
C:\Users\jiahu\OneDrive\Documents\human_detect\work-zone-safety-rgbd-dataset\workzone_rgbd_dataset_wave2\images\3people-garage_002109.png,3people-garage_002109,3people-garage,002109,rgb,3people-garage_002109#2,333.213226,351.135468,395.298431,519.866089,7.460938,7.460938,>6,lidar_wave2,garage,3people-garage,3people-garage_002109#2,workzone_wave2
C:\Users\jiahu\OneDrive\Documents\human_detect\work-zone-safety-rgbd-dataset\workzone_rgbd_dataset_wave2\images\3people-garage_002109.png,3people-garage_002109,3people-garage,002109,rgb,3people-garage_002109#3,865.293640,355.053841,959.362610,629.467567,3.945312,3.945312,3-6,lidar_wave2,garage,3people-garage,3people-garage_002109#3,workzone_wave2
C:\Users\jiahu\OneDrive\Documents\human_detect\work-zone-safety-rgbd-dataset\workzone_rgbd_dataset_wave2\images\3people-garage_002114.png,3people-garage_002114,3people-garage,002114,rgb,3people-garage_002114#1,254.428436,345.461517,331.596954,583.352112,5.242188,5.242188,3-6,lidar_wave2,garage,3people-garage,3people-garage_002114#1,workzone_wave2
C:\Users\jiahu\OneDrive\Documents\human_detect\work-zone-safety-rgbd-dataset\workzone_rgbd_dataset_wave2\images\3people-garage_002114.png,3people-garage_002114,3people-garage,002114,rgb,3people-garage_002114#2,348.947418,352.539917,410.417023,527.402161,7.275391,7.275391,>6,lidar_wave2,garage,3people-garage,3people-garage_002114#2,workzone_wave2
C:\Users\jiahu\OneDrive\Documents\human_detect\work-zone-safety-rgbd-dataset\workzone_rgbd_dataset_wave2\images\3people-garage_002114.png,3people-garage_002114,3people-garage,002114,rgb,3people-garage_002114#3,869.671645,352.576280,952.392470,601.950700,4.738281,4.738281,3-6,lidar_wave2,garage,3people-garage,3people-garage_002114#3,workzone_wave2
C:\Users\jiahu\OneDrive\Documents\human_detect\work-zone-safety-rgbd-dataset\workzone_rgbd_dataset_wave2\images\3people-garage_002127.png,3people-garage_002127,3people-garage,002127,rgb,3people-garage_002127#1,199.436981,333.561310,303.931976,632.295837,4.242188,4.242188,3-6,lidar_wave2,garage,3people-garage,3people-garage_002127#1,workzone_wave2
C:\Users\jiahu\OneDrive\Documents\human_detect\work-zone-safety-rgbd-dataset\workzone_rgbd_dataset_wave2\images\3people-garage_002127.png,3people-garage_002127,3people-garage,002127,rgb,3people-garage_002127#2,384.283797,346.558411,460.591353,549.255707,6.285156,6.285156,>6,lidar_wave2,garage,3people-garage,3people-garage_002127#2,workzone_wave2
C:\Users\jiahu\OneDrive\Documents\human_detect\work-zone-safety-rgbd-dataset\workzone_rgbd_dataset_wave2\images\3people-garage_002127.png,3people-garage_002127,3people-garage,002127,rgb,3people-garage_002127#3,833.709961,361.854858,899.272888,555.811340,5.898438,5.898438,3-6,lidar_wave2,garage,3people-garage,3people-garage_002127#3,workzone_wave2
C:\Users\jiahu\OneDrive\Documents\human_detect\work-zone-safety-rgbd-dataset\workzone_rgbd_dataset_wave2\images\3people-garage_002139.png,3people-garage_002139,3people-garage,002139,rgb,3people-garage_002139#1,196.648270,317.126831,328.989563,703.182007,3.396484,3.396484,3-6,lidar_wave2,garage,3people-garage,3people-garage_002139#1,workzone_wave2
C:\Users\jiahu\OneDrive\Documents\human_detect\work-zone-safety-rgbd-dataset\workzone_rgbd_dataset_wave2\images\3people-garage_002139.png,3people-garage_002139,3people-garage,002139,rgb,3people-garage_002139#2,415.899811,338.270691,501.704865,574.912537,5.410156,5.410156,3-6,lidar_wave2,garage,3people-garage,3people-garage_002139#2,workzone_wave2
C:\Users\jiahu\OneDrive\Documents\human_detect\work-zone-safety-rgbd-dataset\workzone_rgbd_dataset_wave2\images\3people-garage_002139.png,3people-garage_002139,3people-garage,002139,rgb,3people-garage_002139#3,824.873169,359.596619,883.561951,527.423035,6.947266,6.947266,>6,lidar_wave2,garage,3people-garage,3people-garage_002139#3,workzone_wave2
C:\Users\jiahu\OneDrive\Documents\human_detect\work-zone-safety-rgbd-dataset\workzone_rgbd_dataset_wave2\images\3people-garage_002140.png,3people-garage_002140,3people-garage,002140,rgb,3people-garage_002140#1,200.561890,313.921509,336.131378,702.958923,3.329102,3.329102,3-6,lidar_wave2,garage,3people-garage,3people-garage_002140#1,workzone_wave2
C:\Users\jiahu\OneDrive\Documents\human_detect\work-zone-safety-rgbd-dataset\workzone_rgbd_dataset_wave2\images\3people-garage_002140.png,3people-garage_002140,3people-garage,002140,rgb,3people-garage_002140#2,419.435394,337.037109,507.561493,577.159851,5.367188,5.367188,3-6,lidar_wave2,garage,3people-garage,3people-garage_002140#2,workzone_wave2
C:\Users\jiahu\OneDrive\Documents\human_detect\work-zone-safety-rgbd-dataset\workzone_rgbd_dataset_wave2\images\3people-garage_002140.png,3people-garage_002140,3people-garage,002140,rgb,3people-garage_002140#3,825.433044,360.192535,885.760254,520.907471,7.093750,7.093750,>6,lidar_wave2,garage,3people-garage,3people-garage_002140#3,workzone_wave2
C:\Users\jiahu\OneDrive\Documents\human_detect\work-zone-safety-rgbd-dataset\workzone_rgbd_dataset_wave2\images\3people-garage_002152.png,3people-garage_002152,3people-garage,002152,rgb,3people-garage_002152#1,331.029510,299.297607,450.985565,720.000000,2.687500,2.687500,<3,lidar_wave2,garage,3people-garage,3people-garage_002152#1,workzone_wave2
C:\Users\jiahu\OneDrive\Documents\human_detect\work-zone-safety-rgbd-dataset\workzone_rgbd_dataset_wave2\images\3people-garage_002152.png,3people-garage_002152,3people-garage,002152,rgb,3people-garage_002152#2,466.799042,332.270691,565.989441,619.471497,4.507812,4.507812,3-6,lidar_wave2,garage,3people-garage,3people-garage_002152#2,workzone_wave2
C:\Users\jiahu\OneDrive\Documents\human_detect\work-zone-safety-rgbd-dataset\workzone_rgbd_dataset_wave2\images\3people-garage_002152.png,3people-garage_002152,3people-garage,002152,rgb,3people-garage_002152#3,844.209595,363.333557,902.244141,503.874237,8.128906,8.128906,>6,lidar_wave2,garage,3people-garage,3people-garage_002152#3,workzone_wave2
C:\Users\jiahu\OneDrive\Documents\human_detect\work-zone-safety-rgbd-dataset\workzone_rgbd_dataset_wave2\images\3people-garage_002162.png,3people-garage_002162,3people-garage,002162,rgb,3people-garage_002162#1,424.375061,326.025696,532.181030,655.515991,3.949219,3.949219,3-6,lidar_wave2,garage,3people-garage,3people-garage_002162#1,workzone_wave2
C:\Users\jiahu\OneDrive\Documents\human_detect\work-zone-safety-rgbd-dataset\workzone_rgbd_dataset_wave2\images\3people-garage_002162.png,3people-garage_002162,3people-garage,002162,rgb,3people-garage_002162#2,493.415497,290.097748,668.618286,719.181580,2.388672,2.388672,<3,lidar_wave2,garage,3people-garage,3people-garage_002162#2,workzone_wave2
C:\Users\jiahu\OneDrive\Documents\human_detect\work-zone-safety-rgbd-dataset\workzone_rgbd_dataset_wave2\images\3people-garage_002162.png,3people-garage_002162,3people-garage,002162,rgb,3people-garage_002162#3,844.164185,364.701416,895.383179,492.027649,9.046875,9.046875,>6,lidar_wave2,garage,3people-garage,3people-garage_002162#3,workzone_wave2
C:\Users\jiahu\OneDrive\Documents\human_detect\work-zone-safety-rgbd-dataset\workzone_rgbd_dataset_wave2\images\3people-garage_002174.png,3people-garage_002174,3people-garage,002174,rgb,3people-garage_002174#1,321.939056,310.602783,471.683990,719.666626,2.982422,2.982422,<3,lidar_wave2,garage,3people-garage,3people-garage_002174#1,workzone_wave2
C:\Users\jiahu\OneDrive\Documents\human_detect\work-zone-safety-rgbd-dataset\workzone_rgbd_dataset_wave2\images\3people-garage_002174.png,3people-garage_002174,3people-garage,002174,rgb,3people-garage_002174#2,729.198853,288.242523,893.464050,719.066406,2.267578,2.267578,<3,lidar_wave2,garage,3people-garage,3people-garage_002174#2,workzone_wave2
C:\Users\jiahu\OneDrive\Documents\human_detect\work-zone-safety-rgbd-dataset\workzone_rgbd_dataset_wave2\images\3people-garage_002184.png,3people-garage_002184,3people-garage,002184,rgb,3people-garage_002184#1,216.845718,266.423584,422.757843,719.152100,2.023438,2.023438,<3,lidar_wave2,garage,3people-garage,3people-garage_002184#1,workzone_wave2
C:\Users\jiahu\OneDrive\Documents\human_detect\work-zone-safety-rgbd-dataset\workzone_rgbd_dataset_wave2\images\3people-garage_002184.png,3people-garage_002184,3people-garage,002184,rgb,3people-garage_002184#2,723.664185,368.491608,783.653870,472.771820,10.906250,10.906250,>6,lidar_wave2,garage,3people-garage,3people-garage_002184#2,workzone_wave2
C:\Users\jiahu\OneDrive\Documents\human_detect\work-zone-safety-rgbd-dataset\workzone_rgbd_dataset_wave2\images\3people-garage_002184.png,3people-garage_002184,3people-garage,002184,rgb,3people-garage_002184#3,829.445435,296.087799,959.387878,719.977112,2.681641,2.681641,<3,lidar_wave2,garage,3people-garage,3people-garage_002184#3,workzone_wave2
C:\Users\jiahu\OneDrive\Documents\human_detect\work-zone-safety-rgbd-dataset\workzone_rgbd_dataset_wave2\images\3people-garage_002194.png,3people-garage_002194,3people-garage,002194,rgb,3people-garage_002194#1,212.386322,209.005112,429.983459,719.376221,1.364258,1.364258,<3,lidar_wave2,garage,3people-garage,3people-garage_002194#1,workzone_wave2
C:\Users\jiahu\OneDrive\Documents\human_detect\work-zone-safety-rgbd-dataset\workzone_rgbd_dataset_wave2\images\3people-garage_002194.png,3people-garage_002194,3people-garage,002194,rgb,3people-garage_002194#2,676.727112,368.344147,712.533203,471.626251,10.859375,10.859375,>6,lidar_wave2,garage,3people-garage,3people-garage_002194#2,workzone_wave2
C:\Users\jiahu\OneDrive\Documents\human_detect\work-zone-safety-rgbd-dataset\workzone_rgbd_dataset_wave2\images\3people-garage_002194.png,3people-garage_002194,3people-garage,002194,rgb,3people-garage_002194#3,876.826904,309.431396,959.328735,677.858826,6.335938,6.335938,>6,lidar_wave2,garage,3people-garage,3people-garage_002194#3,workzone_wave2
C:\Users\jiahu\OneDrive\Documents\human_detect\work-zone-safety-rgbd-dataset\workzone_rgbd_dataset_wave2\images\3people-garage_002205.png,3people-garage_002205,3people-garage,002205,rgb,3people-garage_002205#1,167.987595,272.454132,379.815613,719.336975,1.705078,1.705078,<3,lidar_wave2,garage,3people-garage,3people-garage_002205#1,workzone_wave2
C:\Users\jiahu\OneDrive\Documents\human_detect\work-zone-safety-rgbd-dataset\workzone_rgbd_dataset_wave2\images\3people-garage_002205.png,3people-garage_002205,3people-garage,002205,rgb,3people-garage_002205#2,609.528155,362.022753,668.277278,482.521774,11.566406,11.566406,>6,lidar_wave2,garage,3people-garage,3people-garage_002205#2,workzone_wave2
C:\Users\jiahu\OneDrive\Documents\human_detect\work-zone-safety-rgbd-dataset\workzone_rgbd_dataset_wave2\images\3people-garage_002205.png,3people-garage_002205,3people-garage,002205,rgb,3people-garage_002205#3,847.945129,324.393158,959.642212,637.346924,3.890625,3.890625,3-6,lidar_wave2,garage,3people-garage,3people-garage_002205#3,workzone_wave2
C:\Users\jiahu\OneDrive\Documents\human_detect\work-zone-safety-rgbd-dataset\workzone_rgbd_dataset_wave2\images\3people-garage_002219.png,3people-garage_002219,3people-garage,002219,rgb,3people-garage_002219#1,201.356750,308.293121,366.090179,719.754272,2.871094,2.871094,<3,lidar_wave2,garage,3people-garage,3people-garage_002219#1,workzone_wave2
C:\Users\jiahu\OneDrive\Documents\human_detect\work-zone-safety-rgbd-dataset\workzone_rgbd_dataset_wave2\images\3people-garage_002219.png,3people-garage_002219,3people-garage,002219,rgb,3people-garage_002219#2,544.877869,372.198792,595.420349,482.941437,9.816406,9.816406,>6,lidar_wave2,garage,3people-garage,3people-garage_002219#2,workzone_wave2
C:\Users\jiahu\OneDrive\Documents\human_detect\work-zone-safety-rgbd-dataset\workzone_rgbd_dataset_wave2\images\3people-garage_002219.png,3people-garage_002219,3people-garage,002219,rgb,3people-garage_002219#3,772.632019,337.443695,866.078613,575.344666,5.183594,5.183594,3-6,lidar_wave2,garage,3people-garage,3people-garage_002219#3,workzone_wave2
C:\Users\jiahu\OneDrive\Documents\human_detect\work-zone-safety-rgbd-dataset\workzone_rgbd_dataset_wave2\images\3people-garage_002224.png,3people-garage_002224,3people-garage,002224,rgb,3people-garage_002224#1,225.905640,317.339478,367.375397,686.256531,3.392578,3.392578,3-6,lidar_wave2,garage,3people-garage,3people-garage_002224#1,workzone_wave2
C:\Users\jiahu\OneDrive\Documents\human_detect\work-zone-safety-rgbd-dataset\workzone_rgbd_dataset_wave2\images\3people-garage_002224.png,3people-garage_002224,3people-garage,002224,rgb,3people-garage_002224#2,512.066298,374.603378,563.805373,483.859390,10.109375,10.109375,>6,lidar_wave2,garage,3people-garage,3people-garage_002224#2,workzone_wave2
C:\Users\jiahu\OneDrive\Documents\human_detect\work-zone-safety-rgbd-dataset\workzone_rgbd_dataset_wave2\images\3people-garage_002224.png,3people-garage_002224,3people-garage,002224,rgb,3people-garage_002224#3,763.183777,340.003967,842.071472,561.397583,5.589844,5.589844,3-6,lidar_wave2,garage,3people-garage,3people-garage_002224#3,workzone_wave2
C:\Users\jiahu\OneDrive\Documents\human_detect\work-zone-safety-rgbd-dataset\workzone_rgbd_dataset_wave2\images\3people-garage_002239.png,3people-garage_002239,3people-garage,002239,rgb,3people-garage_002239#1,313.597046,338.670807,411.763550,601.731628,4.835938,4.835938,3-6,lidar_wave2,garage,3people-garage,3people-garage_002239#1,workzone_wave2
C:\Users\jiahu\OneDrive\Documents\human_detect\work-zone-safety-rgbd-dataset\workzone_rgbd_dataset_wave2\images\3people-garage_002239.png,3people-garage_002239,3people-garage,002239,rgb,3people-garage_002239#2,437.041992,370.971680,469.745178,489.025726,9.402344,9.402344,>6,lidar_wave2,garage,3people-garage,3people-garage_002239#2,workzone_wave2
C:\Users\jiahu\OneDrive\Documents\human_detect\work-zone-safety-rgbd-dataset\workzone_rgbd_dataset_wave2\images\3people-garage_002239.png,3people-garage_002239,3people-garage,002239,rgb,3people-garage_002239#3,729.721130,338.990967,796.076538,536.467102,6.841797,6.841797,>6,lidar_wave2,garage,3people-garage,3people-garage_002239#3,workzone_wave2
C:\Users\jiahu\OneDrive\Documents\human_detect\work-zone-safety-rgbd-dataset\workzone_rgbd_dataset_wave2\images\3people-garage_002242.png,3people-garage_002242,3people-garage,002242,rgb,3people-garage_002242#1,322.777954,345.730835,411.468506,592.038269,5.109375,5.109375,3-6,lidar_wave2,garage,3people-garage,3people-garage_002242#1,workzone_wave2
C:\Users\jiahu\OneDrive\Documents\human_detect\work-zone-safety-rgbd-dataset\workzone_rgbd_dataset_wave2\images\3people-garage_002242.png,3people-garage_002242,3people-garage,002242,rgb,3people-garage_002242#2,408.680786,374.593414,460.810124,500.681292,9.445312,9.445312,>6,lidar_wave2,garage,3people-garage,3people-garage_002242#2,workzone_wave2
C:\Users\jiahu\OneDrive\Documents\human_detect\work-zone-safety-rgbd-dataset\workzone_rgbd_dataset_wave2\images\3people-garage_002242.png,3people-garage_002242,3people-garage,002242,rgb,3people-garage_002242#3,713.219482,346.231323,785.125916,526.671692,7.195312,7.195312,>6,lidar_wave2,garage,3people-garage,3people-garage_002242#3,workzone_wave2
C:\Users\jiahu\OneDrive\Documents\human_detect\work-zone-safety-rgbd-dataset\workzone_rgbd_dataset_wave2\images\3people-garage_002257.png,3people-garage_002257,3people-garage,002257,rgb,3people-garage_002257#1,331.127838,361.528278,370.046105,520.777878,8.714844,8.714844,>6,lidar_wave2,garage,3people-garage,3people-garage_002257#1,workzone_wave2
C:\Users\jiahu\OneDrive\Documents\human_detect\work-zone-safety-rgbd-dataset\workzone_rgbd_dataset_wave2\images\3people-garage_002257.png,3people-garage_002257,3people-garage,002257,rgb,3people-garage_002257#2,352.104834,354.054114,416.103064,539.598975,6.626953,6.626953,>6,lidar_wave2,garage,3people-garage,3people-garage_002257#2,workzone_wave2
C:\Users\jiahu\OneDrive\Documents\human_detect\work-zone-safety-rgbd-dataset\workzone_rgbd_dataset_wave2\images\3people-garage_002257.png,3people-garage_002257,3people-garage,002257,rgb,3people-garage_002257#3,691.625916,352.408386,744.126099,506.269623,7.929688,7.929688,>6,lidar_wave2,garage,3people-garage,3people-garage_002257#3,workzone_wave2
C:\Users\jiahu\OneDrive\Documents\human_detect\work-zone-safety-rgbd-dataset\workzone_rgbd_dataset_wave2\images\3people-garage_002267.png,3people-garage_002267,3people-garage,002267,rgb,3people-garage_002267#1,272.216858,367.024353,340.104218,532.589417,7.023438,7.023438,>6,lidar_wave2,garage,3people-garage,3people-garage_002267#1,workzone_wave2
C:\Users\jiahu\OneDrive\Documents\human_detect\work-zone-safety-rgbd-dataset\workzone_rgbd_dataset_wave2\images\3people-garage_002267.png,3people-garage_002267,3people-garage,002267,rgb,3people-garage_002267#2,394.581696,352.953705,455.703217,519.912781,7.472656,7.472656,>6,lidar_wave2,garage,3people-garage,3people-garage_002267#2,workzone_wave2
C:\Users\jiahu\OneDrive\Documents\human_detect\work-zone-safety-rgbd-dataset\workzone_rgbd_dataset_wave2\images\3people-garage_002267.png,3people-garage_002267,3people-garage,002267,rgb,3people-garage_002267#3,666.339172,350.673065,712.386292,495.151337,8.843750,8.843750,>6,lidar_wave2,garage,3people-garage,3people-garage_002267#3,workzone_wave2
C:\Users\jiahu\OneDrive\Documents\human_detect\work-zone-safety-rgbd-dataset\workzone_rgbd_dataset_wave2\images\3people-garage_002274.png,3people-garage_002274,3people-garage,002274,rgb,3people-garage_002274#1,228.402374,366.686310,291.121033,545.451355,6.300781,6.300781,>6,lidar_wave2,garage,3people-garage,3people-garage_002274#1,workzone_wave2
C:\Users\jiahu\OneDrive\Documents\human_detect\work-zone-safety-rgbd-dataset\workzone_rgbd_dataset_wave2\images\3people-garage_002274.png,3people-garage_002274,3people-garage,002274,rgb,3people-garage_002274#2,442.478210,352.608612,486.223938,509.195831,7.750000,7.750000,>6,lidar_wave2,garage,3people-garage,3people-garage_002274#2,workzone_wave2
C:\Users\jiahu\OneDrive\Documents\human_detect\work-zone-safety-rgbd-dataset\workzone_rgbd_dataset_wave2\images\3people-garage_002274.png,3people-garage_002274,3people-garage,002274,rgb,3people-garage_002274#3,637.257935,355.155609,675.976074,488.376740,9.406250,9.406250,>6,lidar_wave2,garage,3people-garage,3people-garage_002274#3,workzone_wave2
C:\Users\jiahu\OneDrive\Documents\human_detect\work-zone-safety-rgbd-dataset\workzone_rgbd_dataset_wave2\images\3people-garage_002284.png,3people-garage_002284,3people-garage,002284,rgb,3people-garage_002284#1,172.310196,364.558319,243.189514,581.708374,5.414062,5.414062,3-6,lidar_wave2,garage,3people-garage,3people-garage_002284#1,workzone_wave2
C:\Users\jiahu\OneDrive\Documents\human_detect\work-zone-safety-rgbd-dataset\workzone_rgbd_dataset_wave2\images\3people-garage_002284.png,3people-garage_002284,3people-garage,002284,rgb,3people-garage_002284#2,500.996521,349.219299,564.926697,518.894897,7.242188,7.242188,>6,lidar_wave2,garage,3people-garage,3people-garage_002284#2,workzone_wave2
C:\Users\jiahu\OneDrive\Documents\human_detect\work-zone-safety-rgbd-dataset\workzone_rgbd_dataset_wave2\images\3people-garage_002284.png,3people-garage_002284,3people-garage,002284,rgb,3people-garage_002284#3,582.810791,364.010681,635.431946,482.991608,10.179688,10.179688,>6,lidar_wave2,garage,3people-garage,3people-garage_002284#3,workzone_wave2
C:\Users\jiahu\OneDrive\Documents\human_detect\work-zone-safety-rgbd-dataset\workzone_rgbd_dataset_wave2\images\3people-garage_002299.png,3people-garage_002299,3people-garage,002299,rgb,3people-garage_002299#1,47.311810,355.361610,175.903793,662.332680,3.902344,3.902344,3-6,lidar_wave2,garage,3people-garage,3people-garage_002299#1,workzone_wave2
C:\Users\jiahu\OneDrive\Documents\human_detect\work-zone-safety-rgbd-dataset\workzone_rgbd_dataset_wave2\images\3people-garage_002299.png,3people-garage_002299,3people-garage,002299,rgb,3people-garage_002299#2,523.284912,361.904863,555.481628,479.917345,10.921875,10.921875,>6,lidar_wave2,garage,3people-garage,3people-garage_002299#2,workzone_wave2
C:\Users\jiahu\OneDrive\Documents\human_detect\work-zone-safety-rgbd-dataset\workzone_rgbd_dataset_wave2\images\3people-garage_002299.png,3people-garage_002299,3people-garage,002299,rgb,3people-garage_002299#3,549.253784,339.573604,622.477255,560.046143,6.042969,6.042969,>6,lidar_wave2,garage,3people-garage,3people-garage_002299#3,workzone_wave2
C:\Users\jiahu\OneDrive\Documents\human_detect\work-zone-safety-rgbd-dataset\workzone_rgbd_dataset_wave2\images\3people-garage_002307.png,3people-garage_002307,3people-garage,002307,rgb,3people-garage_002307#1,1.785267,350.179810,122.506599,719.799866,2.954102,2.954102,<3,lidar_wave2,garage,3people-garage,3people-garage_002307#1,workzone_wave2
C:\Users\jiahu\OneDrive\Documents\human_detect\work-zone-safety-rgbd-dataset\workzone_rgbd_dataset_wave2\images\3people-garage_002307.png,3people-garage_002307,3people-garage,002307,rgb,3people-garage_002307#2,509.410307,354.637688,572.413408,495.568320,9.714844,9.714844,>6,lidar_wave2,garage,3people-garage,3people-garage_002307#2,workzone_wave2
C:\Users\jiahu\OneDrive\Documents\human_detect\work-zone-safety-rgbd-dataset\workzone_rgbd_dataset_wave2\images\3people-garage_002307.png,3people-garage_002307,3people-garage,002307,rgb,3people-garage_002307#3,547.361661,342.301183,685.873489,596.439532,5.021484,5.021484,3-6,lidar_wave2,garage,3people-garage,3people-garage_002307#3,workzone_wave2
C:\Users\jiahu\OneDrive\Documents\human_detect\work-zone-safety-rgbd-dataset\workzone_rgbd_dataset_wave2\images\3people-garage_002319.png,3people-garage_002319,3people-garage,002319,rgb,3people-garage_002319#1,0.163857,350.083923,104.661644,718.534241,2.794922,2.794922,<3,lidar_wave2,garage,3people-garage,3people-garage_002319#1,workzone_wave2
C:\Users\jiahu\OneDrive\Documents\human_detect\work-zone-safety-rgbd-dataset\workzone_rgbd_dataset_wave2\images\3people-garage_002319.png,3people-garage_002319,3people-garage,002319,rgb,3people-garage_002319#2,557.497742,360.511169,599.076416,489.641724,9.226562,9.226562,>6,lidar_wave2,garage,3people-garage,3people-garage_002319#2,workzone_wave2
C:\Users\jiahu\OneDrive\Documents\human_detect\work-zone-safety-rgbd-dataset\workzone_rgbd_dataset_wave2\images\3people-garage_002319.png,3people-garage_002319,3people-garage,002319,rgb,3people-garage_002319#3,622.536499,317.918701,781.106140,678.422791,3.680664,3.680664,3-6,lidar_wave2,garage,3people-garage,3people-garage_002319#3,workzone_wave2
C:\Users\jiahu\OneDrive\Documents\human_detect\work-zone-safety-rgbd-dataset\workzone_rgbd_dataset_wave2\images\3people-garage_002323.png,3people-garage_002323,3people-garage,002323,rgb,3people-garage_002323#1,0.129021,406.108795,74.649376,718.481567,3.246094,3.246094,3-6,lidar_wave2,garage,3people-garage,3people-garage_002323#1,workzone_wave2
C:\Users\jiahu\OneDrive\Documents\human_detect\work-zone-safety-rgbd-dataset\workzone_rgbd_dataset_wave2\images\3people-garage_002323.png,3people-garage_002323,3people-garage,002323,rgb,3people-garage_002323#2,554.638916,359.854248,602.856262,493.637238,8.468750,8.468750,>6,lidar_wave2,garage,3people-garage,3people-garage_002323#2,workzone_wave2
C:\Users\jiahu\OneDrive\Documents\human_detect\work-zone-safety-rgbd-dataset\workzone_rgbd_dataset_wave2\images\3people-garage_002323.png,3people-garage_002323,3people-garage,002323,rgb,3people-garage_002323#3,640.632996,307.505897,775.725586,716.914894,3.261719,3.261719,3-6,lidar_wave2,garage,3people-garage,3people-garage_002323#3,workzone_wave2
C:\Users\jiahu\OneDrive\Documents\human_detect\work-zone-safety-rgbd-dataset\workzone_rgbd_dataset_wave2\images\3people-garage_002333.png,3people-garage_002333,3people-garage,002333,rgb,3people-garage_002333#1,0.150650,339.061981,109.063614,718.242249,,,<3,lidar_wave2,garage,3people-garage,3people-garage_002333#1,workzone_wave2
C:\Users\jiahu\OneDrive\Documents\human_detect\work-zone-safety-rgbd-dataset\workzone_rgbd_dataset_wave2\images\3people-garage_002333.png,3people-garage_002333,3people-garage,002333,rgb,3people-garage_002333#2,541.479126,360.930664,596.000793,502.846832,8.546875,8.546875,>6,lidar_wave2,garage,3people-garage,3people-garage_002333#2,workzone_wave2
C:\Users\jiahu\OneDrive\Documents\human_detect\work-zone-safety-rgbd-dataset\workzone_rgbd_dataset_wave2\images\3people-garage_002333.png,3people-garage_002333,3people-garage,002333,rgb,3people-garage_002333#3,736.099731,275.247101,959.504517,718.186462,2.275391,2.275391,<3,lidar_wave2,garage,3people-garage,3people-garage_002333#3,workzone_wave2
C:\Users\jiahu\OneDrive\Documents\human_detect\work-zone-safety-rgbd-dataset\workzone_rgbd_dataset_wave2\images\3people-garage_002340.png,3people-garage_002340,3people-garage,002340,rgb,3people-garage_002340#1,110.966606,344.992401,244.033356,719.099915,2.942383,2.942383,<3,lidar_wave2,garage,3people-garage,3people-garage_002340#1,workzone_wave2
C:\Users\jiahu\OneDrive\Documents\human_detect\work-zone-safety-rgbd-dataset\workzone_rgbd_dataset_wave2\images\3people-garage_002340.png,3people-garage_002340,3people-garage,002340,rgb,3people-garage_002340#2,533.321838,361.423431,596.838562,507.903625,8.210938,8.210938,>6,lidar_wave2,garage,3people-garage,3people-garage_002340#2,workzone_wave2
C:\Users\jiahu\OneDrive\Documents\human_detect\work-zone-safety-rgbd-dataset\workzone_rgbd_dataset_wave2\images\3people-garage_002340.png,3people-garage_002340,3people-garage,002340,rgb,3people-garage_002340#3,815.832340,233.364736,959.838745,719.077332,1.625977,1.625977,<3,lidar_wave2,garage,3people-garage,3people-garage_002340#3,workzone_wave2
C:\Users\jiahu\OneDrive\Documents\human_detect\work-zone-safety-rgbd-dataset\workzone_rgbd_dataset_wave2\images\3people-garage_002355.png,3people-garage_002355,3people-garage,002355,rgb,3people-garage_002355#1,356.502716,364.566895,482.948944,666.221069,3.732422,3.732422,3-6,lidar_wave2,garage,3people-garage,3people-garage_002355#1,workzone_wave2
C:\Users\jiahu\OneDrive\Documents\human_detect\work-zone-safety-rgbd-dataset\workzone_rgbd_dataset_wave2\images\3people-garage_002355.png,3people-garage_002355,3people-garage,002355,rgb,3people-garage_002355#2,493.098541,364.216949,544.513611,521.982361,7.316406,7.316406,>6,lidar_wave2,garage,3people-garage,3people-garage_002355#2,workzone_wave2
C:\Users\jiahu\OneDrive\Documents\human_detect\work-zone-safety-rgbd-dataset\workzone_rgbd_dataset_wave2\images\3people-garage_002369.png,3people-garage_002369,3people-garage,002369,rgb,3people-garage_002369#1,433.678619,346.488495,496.406799,539.654419,6.375000,6.375000,>6,lidar_wave2,garage,3people-garage,3people-garage_002369#1,workzone_wave2
C:\Users\jiahu\OneDrive\Documents\human_detect\work-zone-safety-rgbd-dataset\workzone_rgbd_dataset_wave2\images\3people-garage_002369.png,3people-garage_002369,3people-garage,002369,rgb,3people-garage_002369#2,563.997620,352.234222,651.711731,611.290344,4.433594,4.433594,3-6,lidar_wave2,garage,3people-garage,3people-garage_002369#2,workzone_wave2
C:\Users\jiahu\OneDrive\Documents\human_detect\work-zone-safety-rgbd-dataset\workzone_rgbd_dataset_wave2\images\3people-garage_002379.png,3people-garage_002379,3people-garage,002379,rgb,3people-garage_002379#1,361.075195,356.838165,408.056763,544.011292,6.238281,6.238281,>6,lidar_wave2,garage,3people-garage,3people-garage_002379#1,workzone_wave2
C:\Users\jiahu\OneDrive\Documents\human_detect\work-zone-safety-rgbd-dataset\workzone_rgbd_dataset_wave2\images\3people-garage_002379.png,3people-garage_002379,3people-garage,002379,rgb,3people-garage_002379#2,662.853882,355.662415,746.558716,582.458191,5.097656,5.097656,3-6,lidar_wave2,garage,3people-garage,3people-garage_002379#2,workzone_wave2
C:\Users\jiahu\OneDrive\Documents\human_detect\work-zone-safety-rgbd-dataset\workzone_rgbd_dataset_wave2\images\3people-garage_002382.png,3people-garage_002382,3people-garage,002382,rgb,3people-garage_002382#1,345.515076,350.758789,409.011017,550.603088,6.105469,6.105469,>6,lidar_wave2,garage,3people-garage,3people-garage_002382#1,workzone_wave2
C:\Users\jiahu\OneDrive\Documents\human_detect\work-zone-safety-rgbd-dataset\workzone_rgbd_dataset_wave2\images\3people-garage_002382.png,3people-garage_002382,3people-garage,002382,rgb,3people-garage_002382#2,691.881958,357.670624,786.724609,582.743835,5.078125,5.078125,3-6,lidar_wave2,garage,3people-garage,3people-garage_002382#2,workzone_wave2
C:\Users\jiahu\OneDrive\Documents\human_detect\work-zone-safety-rgbd-dataset\workzone_rgbd_dataset_wave2\images\3people-garage_002393.png,3people-garage_002393,3people-garage,002393,rgb,3people-garage_002393#1,288.560883,346.265533,375.384552,580.379028,5.406250,5.406250,3-6,lidar_wave2,garage,3people-garage,3people-garage_002393#1,workzone_wave2
C:\Users\jiahu\OneDrive\Documents\human_detect\work-zone-safety-rgbd-dataset\workzone_rgbd_dataset_wave2\images\3people-garage_002393.png,3people-garage_002393,3people-garage,002393,rgb,3people-garage_002393#2,780.299988,363.856110,878.990723,562.581665,5.636719,5.636719,3-6,lidar_wave2,garage,3people-garage,3people-garage_002393#2,workzone_wave2
C:\Users\jiahu\OneDrive\Documents\human_detect\work-zone-safety-rgbd-dataset\workzone_rgbd_dataset_wave2\images\3people-garage_002406.png,3people-garage_002406,3people-garage,002406,rgb,3people-garage_002406#1,119.431091,331.789886,250.050568,624.056335,4.292969,4.292969,3-6,lidar_wave2,garage,3people-garage,3people-garage_002406#1,workzone_wave2
C:\Users\jiahu\OneDrive\Documents\human_detect\work-zone-safety-rgbd-dataset\workzone_rgbd_dataset_wave2\images\3people-garage_002406.png,3people-garage_002406,3people-garage,002406,rgb,3people-garage_002406#2,560.519409,269.272430,781.362549,719.508728,1.743164,1.743164,<3,lidar_wave2,garage,3people-garage,3people-garage_002406#2,workzone_wave2
C:\Users\jiahu\OneDrive\Documents\human_detect\work-zone-safety-rgbd-dataset\workzone_rgbd_dataset_wave2\images\3people-garage_002406.png,3people-garage_002406,3people-garage,002406,rgb,3people-garage_002406#3,796.018616,356.899384,893.239014,552.296082,6.062500,6.062500,>6,lidar_wave2,garage,3people-garage,3people-garage_002406#3,workzone_wave2
C:\Users\jiahu\OneDrive\Documents\human_detect\work-zone-safety-rgbd-dataset\workzone_rgbd_dataset_wave2\images\3people-garage_002416.png,3people-garage_002416,3people-garage,002416,rgb,3people-garage_002416#1,11.925144,320.157074,138.206833,700.749084,3.355469,3.355469,3-6,lidar_wave2,garage,3people-garage,3people-garage_002416#1,workzone_wave2
C:\Users\jiahu\OneDrive\Documents\human_detect\work-zone-safety-rgbd-dataset\workzone_rgbd_dataset_wave2\images\3people-garage_002416.png,3people-garage_002416,3people-garage,002416,rgb,3people-garage_002416#2,501.912079,309.622650,661.084167,719.620605,2.822266,2.822266,<3,lidar_wave2,garage,3people-garage,3people-garage_002416#2,workzone_wave2
C:\Users\jiahu\OneDrive\Documents\human_detect\work-zone-safety-rgbd-dataset\workzone_rgbd_dataset_wave2\images\3people-garage_002416.png,3people-garage_002416,3people-garage,002416,rgb,3people-garage_002416#3,740.630676,367.137543,834.899414,537.920349,6.746094,6.746094,>6,lidar_wave2,garage,3people-garage,3people-garage_002416#3,workzone_wave2
C:\Users\jiahu\OneDrive\Documents\human_detect\work-zone-safety-rgbd-dataset\workzone_rgbd_dataset_wave2\images\3people-garage_002424.png,3people-garage_002424,3people-garage,002424,rgb,3people-garage_002424#1,0.048134,309.138153,110.462547,719.444702,3.158203,3.158203,3-6,lidar_wave2,garage,3people-garage,3people-garage_002424#1,workzone_wave2
C:\Users\jiahu\OneDrive\Documents\human_detect\work-zone-safety-rgbd-dataset\workzone_rgbd_dataset_wave2\images\3people-garage_002424.png,3people-garage_002424,3people-garage,002424,rgb,3people-garage_002424#2,473.151764,326.088226,602.608521,669.720764,3.671875,3.671875,3-6,lidar_wave2,garage,3people-garage,3people-garage_002424#2,workzone_wave2
C:\Users\jiahu\OneDrive\Documents\human_detect\work-zone-safety-rgbd-dataset\workzone_rgbd_dataset_wave2\images\3people-garage_002424.png,3people-garage_002424,3people-garage,002424,rgb,3people-garage_002424#3,695.718201,359.285522,752.162109,527.338623,6.917969,6.917969,>6,lidar_wave2,garage,3people-garage,3people-garage_002424#3,workzone_wave2
C:\Users\jiahu\OneDrive\Documents\human_detect\work-zone-safety-rgbd-dataset\workzone_rgbd_dataset_wave2\images\3people-garage_002435.png,3people-garage_002435,3people-garage,002435,rgb,3people-garage_002435#1,8.879551,297.108246,174.463577,719.450500,2.636719,2.636719,<3,lidar_wave2,garage,3people-garage,3people-garage_002435#1,workzone_wave2
C:\Users\jiahu\OneDrive\Documents\human_detect\work-zone-safety-rgbd-dataset\workzone_rgbd_dataset_wave2\images\3people-garage_002435.png,3people-garage_002435,3people-garage,002435,rgb,3people-garage_002435#2,433.907501,339.315033,531.636108,589.423340,4.812500,4.812500,3-6,lidar_wave2,garage,3people-garage,3people-garage_002435#2,workzone_wave2
C:\Users\jiahu\OneDrive\Documents\human_detect\work-zone-safety-rgbd-dataset\workzone_rgbd_dataset_wave2\images\3people-garage_002435.png,3people-garage_002435,3people-garage,002435,rgb,3people-garage_002435#3,658.319885,364.779663,713.236145,511.337860,8.140625,8.140625,>6,lidar_wave2,garage,3people-garage,3people-garage_002435#3,workzone_wave2
C:\Users\jiahu\OneDrive\Documents\human_detect\work-zone-safety-rgbd-dataset\workzone_rgbd_dataset_wave2\images\3people-garage_002441.png,3people-garage_002441,3people-garage,002441,rgb,3people-garage_002441#1,146.123581,297.531830,296.182617,719.312134,2.527344,2.527344,<3,lidar_wave2,garage,3people-garage,3people-garage_002441#1,workzone_wave2
C:\Users\jiahu\OneDrive\Documents\human_detect\work-zone-safety-rgbd-dataset\workzone_rgbd_dataset_wave2\images\3people-garage_002441.png,3people-garage_002441,3people-garage,002441,rgb,3people-garage_002441#2,387.055298,345.934021,478.764404,582.873413,5.400391,5.400391,3-6,lidar_wave2,garage,3people-garage,3people-garage_002441#2,workzone_wave2
C:\Users\jiahu\OneDrive\Documents\human_detect\work-zone-safety-rgbd-dataset\workzone_rgbd_dataset_wave2\images\3people-garage_002441.png,3people-garage_002441,3people-garage,002441,rgb,3people-garage_002441#3,650.396362,369.707977,696.253845,503.060120,8.562500,8.562500,>6,lidar_wave2,garage,3people-garage,3people-garage_002441#3,workzone_wave2
C:\Users\jiahu\OneDrive\Documents\human_detect\work-zone-safety-rgbd-dataset\workzone_rgbd_dataset_wave2\images\3people-garage_002450.png,3people-garage_002450,3people-garage,002450,rgb,3people-garage_002450#1,326.328094,307.670288,445.331726,719.592102,2.939453,2.939453,<3,lidar_wave2,garage,3people-garage,3people-garage_002450#1,workzone_wave2
C:\Users\jiahu\OneDrive\Documents\human_detect\work-zone-safety-rgbd-dataset\workzone_rgbd_dataset_wave2\images\3people-garage_002450.png,3people-garage_002450,3people-garage,002450,rgb,3people-garage_002450#2,635.929382,373.395355,675.265198,490.313599,9.328125,9.328125,>6,lidar_wave2,garage,3people-garage,3people-garage_002450#2,workzone_wave2
C:\Users\jiahu\OneDrive\Documents\human_detect\work-zone-safety-rgbd-dataset\workzone_rgbd_dataset_wave2\images\3people-garage_002467.png,3people-garage_002467,3people-garage,002467,rgb,3people-garage_002467#1,315.586304,345.908203,393.781891,553.789673,6.125000,6.125000,>6,lidar_wave2,garage,3people-garage,3people-garage_002467#1,workzone_wave2
C:\Users\jiahu\OneDrive\Documents\human_detect\work-zone-safety-rgbd-dataset\workzone_rgbd_dataset_wave2\images\3people-garage_002467.png,3people-garage_002467,3people-garage,002467,rgb,3people-garage_002467#2,469.172424,328.665253,575.793640,632.131409,4.058594,4.058594,3-6,lidar_wave2,garage,3people-garage,3people-garage_002467#2,workzone_wave2
C:\Users\jiahu\OneDrive\Documents\human_detect\work-zone-safety-rgbd-dataset\workzone_rgbd_dataset_wave2\images\3people-garage_002467.png,3people-garage_002467,3people-garage,002467,rgb,3people-garage_002467#3,567.677198,369.685856,615.661532,486.277427,10.382812,10.382812,>6,lidar_wave2,garage,3people-garage,3people-garage_002467#3,workzone_wave2
C:\Users\jiahu\OneDrive\Documents\human_detect\work-zone-safety-rgbd-dataset\workzone_rgbd_dataset_wave2\images\3people-garage_002475.png,3people-garage_002475,3people-garage,002475,rgb,3people-garage_002475#1,291.032532,340.958099,382.575562,578.033020,5.390625,5.390625,3-6,lidar_wave2,garage,3people-garage,3people-garage_002475#1,workzone_wave2
C:\Users\jiahu\OneDrive\Documents\human_detect\work-zone-safety-rgbd-dataset\workzone_rgbd_dataset_wave2\images\3people-garage_002475.png,3people-garage_002475,3people-garage,002475,rgb,3people-garage_002475#2,525.554077,333.618073,621.238770,600.186462,4.628906,4.628906,3-6,lidar_wave2,garage,3people-garage,3people-garage_002475#2,workzone_wave2
C:\Users\jiahu\OneDrive\Documents\human_detect\work-zone-safety-rgbd-dataset\workzone_rgbd_dataset_wave2\images\3people-garage_002484.png,3people-garage_002484,3people-garage,002484,rgb,3people-garage_002484#1,289.208405,338.320374,397.332733,625.833862,4.546875,4.546875,3-6,lidar_wave2,garage,3people-garage,3people-garage_002484#1,workzone_wave2
C:\Users\jiahu\OneDrive\Documents\human_detect\work-zone-safety-rgbd-dataset\workzone_rgbd_dataset_wave2\images\3people-garage_002484.png,3people-garage_002484,3people-garage,002484,rgb,3people-garage_002484#2,466.242737,376.693817,512.165955,475.099091,12.351562,12.351562,>6,lidar_wave2,garage,3people-garage,3people-garage_002484#2,workzone_wave2
C:\Users\jiahu\OneDrive\Documents\human_detect\work-zone-safety-rgbd-dataset\workzone_rgbd_dataset_wave2\images\3people-garage_002484.png,3people-garage_002484,3people-garage,002484,rgb,3people-garage_002484#3,567.473511,341.293945,659.037415,571.760010,5.378906,5.378906,3-6,lidar_wave2,garage,3people-garage,3people-garage_002484#3,workzone_wave2
C:\Users\jiahu\OneDrive\Documents\human_detect\work-zone-safety-rgbd-dataset\workzone_rgbd_dataset_wave2\images\3people-garage_002490.png,3people-garage_002490,3people-garage,002490,rgb,3people-garage_002490#1,269.329498,326.985687,395.640747,657.878540,3.859375,3.859375,3-6,lidar_wave2,garage,3people-garage,3people-garage_002490#1,workzone_wave2
C:\Users\jiahu\OneDrive\Documents\human_detect\work-zone-safety-rgbd-dataset\workzone_rgbd_dataset_wave2\images\3people-garage_002490.png,3people-garage_002490,3people-garage,002490,rgb,3people-garage_002490#2,434.173370,373.058716,478.523895,477.733521,11.343750,11.343750,>6,lidar_wave2,garage,3people-garage,3people-garage_002490#2,workzone_wave2
C:\Users\jiahu\OneDrive\Documents\human_detect\work-zone-safety-rgbd-dataset\workzone_rgbd_dataset_wave2\images\3people-garage_002490.png,3people-garage_002490,3people-garage,002490,rgb,3people-garage_002490#3,572.227871,342.444672,661.132534,548.442688,6.089844,6.089844,>6,lidar_wave2,garage,3people-garage,3people-garage_002490#3,workzone_wave2
C:\Users\jiahu\OneDrive\Documents\human_detect\work-zone-safety-rgbd-dataset\workzone_rgbd_dataset_wave2\images\3people-garage_002509.png,3people-garage_002509,3people-garage,002509,rgb,3people-garage_002509#1,325.814117,272.344879,530.085449,718.919312,2.068359,2.068359,<3,lidar_wave2,garage,3people-garage,3people-garage_002509#1,workzone_wave2
C:\Users\jiahu\OneDrive\Documents\human_detect\work-zone-safety-rgbd-dataset\workzone_rgbd_dataset_wave2\images\3people-garage_002509.png,3people-garage_002509,3people-garage,002509,rgb,3people-garage_002509#2,533.762983,359.164124,587.696777,503.500945,7.769531,7.769531,>6,lidar_wave2,garage,3people-garage,3people-garage_002509#2,workzone_wave2
C:\Users\jiahu\OneDrive\Documents\human_detect\work-zone-safety-rgbd-dataset\workzone_rgbd_dataset_wave2\images\3people-garage_002519.png,3people-garage_002519,3people-garage,002519,rgb,3people-garage_002519#1,331.056427,370.646332,380.063293,509.889069,8.273438,8.273438,>6,lidar_wave2,garage,3people-garage,3people-garage_002519#1,workzone_wave2
C:\Users\jiahu\OneDrive\Documents\human_detect\work-zone-safety-rgbd-dataset\workzone_rgbd_dataset_wave2\images\3people-garage_002519.png,3people-garage_002519,3people-garage,002519,rgb,3people-garage_002519#2,525.143066,357.014465,576.289185,500.934723,8.597656,8.597656,>6,lidar_wave2,garage,3people-garage,3people-garage_002519#2,workzone_wave2
C:\Users\jiahu\OneDrive\Documents\human_detect\work-zone-safety-rgbd-dataset\workzone_rgbd_dataset_wave2\images\3people-garage_002519.png,3people-garage_002519,3people-garage,002519,rgb,3people-garage_002519#3,565.901245,188.796082,830.187012,719.238708,1.172852,1.172852,<3,lidar_wave2,garage,3people-garage,3people-garage_002519#3,workzone_wave2
C:\Users\jiahu\OneDrive\Documents\human_detect\work-zone-safety-rgbd-dataset\workzone_rgbd_dataset_wave2\images\3people-garage_002521.png,3people-garage_002521,3people-garage,002521,rgb,3people-garage_002521#1,316.564814,372.770050,372.340815,515.148987,7.890625,7.890625,>6,lidar_wave2,garage,3people-garage,3people-garage_002521#1,workzone_wave2
C:\Users\jiahu\OneDrive\Documents\human_detect\work-zone-safety-rgbd-dataset\workzone_rgbd_dataset_wave2\images\3people-garage_002521.png,3people-garage_002521,3people-garage,002521,rgb,3people-garage_002521#2,529.423340,357.224030,576.079712,499.153748,8.640625,8.640625,>6,lidar_wave2,garage,3people-garage,3people-garage_002521#2,workzone_wave2
C:\Users\jiahu\OneDrive\Documents\human_detect\work-zone-safety-rgbd-dataset\workzone_rgbd_dataset_wave2\images\3people-garage_002521.png,3people-garage_002521,3people-garage,002521,rgb,3people-garage_002521#3,672.384216,188.705503,922.098511,718.788495,1.112305,1.112305,<3,lidar_wave2,garage,3people-garage,3people-garage_002521#3,workzone_wave2
C:\Users\jiahu\OneDrive\Documents\human_detect\work-zone-safety-rgbd-dataset\workzone_rgbd_dataset_wave2\images\3people-garage_002533.png,3people-garage_002533,3people-garage,002533,rgb,3people-garage_002533#1,263.542725,371.736786,331.311798,534.017639,6.789062,6.789062,>6,lidar_wave2,garage,3people-garage,3people-garage_002533#1,workzone_wave2
C:\Users\jiahu\OneDrive\Documents\human_detect\work-zone-safety-rgbd-dataset\workzone_rgbd_dataset_wave2\images\3people-garage_002533.png,3people-garage_002533,3people-garage,002533,rgb,3people-garage_002533#2,540.901978,358.099548,582.750732,486.051819,9.273438,9.273438,>6,lidar_wave2,garage,3people-garage,3people-garage_002533#2,workzone_wave2
C:\Users\jiahu\OneDrive\Documents\human_detect\work-zone-safety-rgbd-dataset\workzone_rgbd_dataset_wave2\images\3people-garage_002541.png,3people-garage_002541,3people-garage,002541,rgb,3people-garage_002541#1,234.010071,367.273956,296.192719,542.945862,6.484375,6.484375,>6,lidar_wave2,garage,3people-garage,3people-garage_002541#1,workzone_wave2
C:\Users\jiahu\OneDrive\Documents\human_detect\work-zone-safety-rgbd-dataset\workzone_rgbd_dataset_wave2\images\3people-garage_002541.png,3people-garage_002541,3people-garage,002541,rgb,3people-garage_002541#2,527.647034,362.050140,569.318909,478.803131,10.531250,10.531250,>6,lidar_wave2,garage,3people-garage,3people-garage_002541#2,workzone_wave2
C:\Users\jiahu\OneDrive\Documents\human_detect\work-zone-safety-rgbd-dataset\workzone_rgbd_dataset_wave2\images\3people-garage_002541.png,3people-garage_002541,3people-garage,002541,rgb,3people-garage_002541#3,683.856079,211.892365,958.947693,718.045898,1.306641,1.306641,<3,lidar_wave2,garage,3people-garage,3people-garage_002541#3,workzone_wave2
C:\Users\jiahu\OneDrive\Documents\human_detect\work-zone-safety-rgbd-dataset\workzone_rgbd_dataset_wave2\images\3people-garage_002550.png,3people-garage_002550,3people-garage,002550,rgb,3people-garage_002550#1,217.106918,368.268799,288.921509,574.581238,5.537109,5.537109,3-6,lidar_wave2,garage,3people-garage,3people-garage_002550#1,workzone_wave2
C:\Users\jiahu\OneDrive\Documents\human_detect\work-zone-safety-rgbd-dataset\workzone_rgbd_dataset_wave2\images\3people-garage_002550.png,3people-garage_002550,3people-garage,002550,rgb,3people-garage_002550#2,511.133345,359.731831,539.591223,472.180481,11.359375,11.359375,>6,lidar_wave2,garage,3people-garage,3people-garage_002550#2,workzone_wave2
C:\Users\jiahu\OneDrive\Documents\human_detect\work-zone-safety-rgbd-dataset\workzone_rgbd_dataset_wave2\images\3people-garage_002550.png,3people-garage_002550,3people-garage,002550,rgb,3people-garage_002550#3,652.637573,288.356354,858.895264,720.000000,2.150391,2.150391,<3,lidar_wave2,garage,3people-garage,3people-garage_002550#3,workzone_wave2
C:\Users\jiahu\OneDrive\Documents\human_detect\work-zone-safety-rgbd-dataset\workzone_rgbd_dataset_wave2\images\3people-garage_002564.png,3people-garage_002564,3people-garage,002564,rgb,3people-garage_002564#1,196.212067,360.462891,298.512177,624.463989,4.460938,4.460938,3-6,lidar_wave2,garage,3people-garage,3people-garage_002564#1,workzone_wave2
C:\Users\jiahu\OneDrive\Documents\human_detect\work-zone-safety-rgbd-dataset\workzone_rgbd_dataset_wave2\images\3people-garage_002564.png,3people-garage_002564,3people-garage,002564,rgb,3people-garage_002564#2,448.439758,361.756195,488.555054,468.589813,11.789062,11.789062,>6,lidar_wave2,garage,3people-garage,3people-garage_002564#2,workzone_wave2
C:\Users\jiahu\OneDrive\Documents\human_detect\work-zone-safety-rgbd-dataset\workzone_rgbd_dataset_wave2\images\3people-garage_002564.png,3people-garage_002564,3people-garage,002564,rgb,3people-garage_002564#3,559.587158,326.413025,697.752686,685.997375,3.576172,3.576172,3-6,lidar_wave2,garage,3people-garage,3people-garage_002564#3,workzone_wave2
C:\Users\jiahu\OneDrive\Documents\human_detect\work-zone-safety-rgbd-dataset\workzone_rgbd_dataset_wave2\images\3people-garage_002576.png,3people-garage_002576,3people-garage,002576,rgb,3people-garage_002576#1,203.161880,345.390198,325.025513,693.865356,3.482422,3.482422,3-6,lidar_wave2,garage,3people-garage,3people-garage_002576#1,workzone_wave2
C:\Users\jiahu\OneDrive\Documents\human_detect\work-zone-safety-rgbd-dataset\workzone_rgbd_dataset_wave2\images\3people-garage_002576.png,3people-garage_002576,3people-garage,002576,rgb,3people-garage_002576#2,393.268782,361.834565,436.637968,475.560699,11.101562,11.101562,>6,lidar_wave2,garage,3people-garage,3people-garage_002576#2,workzone_wave2
C:\Users\jiahu\OneDrive\Documents\human_detect\work-zone-safety-rgbd-dataset\workzone_rgbd_dataset_wave2\images\3people-garage_002576.png,3people-garage_002576,3people-garage,002576,rgb,3people-garage_002576#3,504.364868,332.734619,600.975037,596.322693,4.738281,4.738281,3-6,lidar_wave2,garage,3people-garage,3people-garage_002576#3,workzone_wave2
C:\Users\jiahu\OneDrive\Documents\human_detect\work-zone-safety-rgbd-dataset\workzone_rgbd_dataset_wave2\images\3people-garage_002589.png,3people-garage_002589,3people-garage,002589,rgb,3people-garage_002589#1,352.355769,339.783338,406.677102,433.409159,,,>6,lidar_wave2,garage,3people-garage,3people-garage_002589#1,workzone_wave2
C:\Users\jiahu\OneDrive\Documents\human_detect\work-zone-safety-rgbd-dataset\workzone_rgbd_dataset_wave2\images\3people-garage_002589.png,3people-garage_002589,3people-garage,002589,rgb,3people-garage_002589#2,352.585327,335.226837,481.418518,719.501648,2.685547,2.685547,<3,lidar_wave2,garage,3people-garage,3people-garage_002589#2,workzone_wave2
C:\Users\jiahu\OneDrive\Documents\human_detect\work-zone-safety-rgbd-dataset\workzone_rgbd_dataset_wave2\images\3people-garage_002589.png,3people-garage_002589,3people-garage,002589,rgb,3people-garage_002589#3,500.241608,346.971954,583.175171,549.883179,6.062500,6.062500,>6,lidar_wave2,garage,3people-garage,3people-garage_002589#3,workzone_wave2
C:\Users\jiahu\OneDrive\Documents\human_detect\work-zone-safety-rgbd-dataset\workzone_rgbd_dataset_wave2\images\3people-garage_002599.png,3people-garage_002599,3people-garage,002599,rgb,3people-garage_002599#1,347.920288,362.678650,390.783325,498.296082,9.351562,9.351562,>6,lidar_wave2,garage,3people-garage,3people-garage_002599#1,workzone_wave2
C:\Users\jiahu\OneDrive\Documents\human_detect\work-zone-safety-rgbd-dataset\workzone_rgbd_dataset_wave2\images\3people-garage_002599.png,3people-garage_002599,3people-garage,002599,rgb,3people-garage_002599#2,486.166382,351.742462,549.413452,529.531311,6.900391,6.900391,>6,lidar_wave2,garage,3people-garage,3people-garage_002599#2,workzone_wave2
C:\Users\jiahu\OneDrive\Documents\human_detect\work-zone-safety-rgbd-dataset\workzone_rgbd_dataset_wave2\images\3people-garage_002599.png,3people-garage_002599,3people-garage,002599,rgb,3people-garage_002599#3,579.952332,336.424408,690.230713,718.211243,2.490234,2.490234,<3,lidar_wave2,garage,3people-garage,3people-garage_002599#3,workzone_wave2
C:\Users\jiahu\OneDrive\Documents\human_detect\work-zone-safety-rgbd-dataset\workzone_rgbd_dataset_wave2\images\3people-garage_002602.png,3people-garage_002602,3people-garage,002602,rgb,3people-garage_002602#1,349.368744,363.430756,390.106415,498.681976,8.984375,8.984375,>6,lidar_wave2,garage,3people-garage,3people-garage_002602#1,workzone_wave2
C:\Users\jiahu\OneDrive\Documents\human_detect\work-zone-safety-rgbd-dataset\workzone_rgbd_dataset_wave2\images\3people-garage_002602.png,3people-garage_002602,3people-garage,002602,rgb,3people-garage_002602#2,499.133270,350.927063,543.466003,523.982605,6.949219,6.949219,>6,lidar_wave2,garage,3people-garage,3people-garage_002602#2,workzone_wave2
C:\Users\jiahu\OneDrive\Documents\human_detect\work-zone-safety-rgbd-dataset\workzone_rgbd_dataset_wave2\images\3people-garage_002602.png,3people-garage_002602,3people-garage,002602,rgb,3people-garage_002602#3,606.261536,340.157928,825.247437,719.751343,2.597656,2.597656,<3,lidar_wave2,garage,3people-garage,3people-garage_002602#3,workzone_wave2
C:\Users\jiahu\OneDrive\Documents\human_detect\work-zone-safety-rgbd-dataset\workzone_rgbd_dataset_wave2\images\3people-garage_002609.png,3people-garage_002609,3people-garage,002609,rgb,3people-garage_002609#1,342.546844,359.312805,388.504425,508.602722,8.519531,8.519531,>6,lidar_wave2,garage,3people-garage,3people-garage_002609#1,workzone_wave2
C:\Users\jiahu\OneDrive\Documents\human_detect\work-zone-safety-rgbd-dataset\workzone_rgbd_dataset_wave2\images\3people-garage_002609.png,3people-garage_002609,3people-garage,002609,rgb,3people-garage_002609#2,503.362518,350.417175,568.171692,523.199158,7.484375,7.484375,>6,lidar_wave2,garage,3people-garage,3people-garage_002609#2,workzone_wave2
C:\Users\jiahu\OneDrive\Documents\human_detect\work-zone-safety-rgbd-dataset\workzone_rgbd_dataset_wave2\images\3people-garage_002609.png,3people-garage_002609,3people-garage,002609,rgb,3people-garage_002609#3,724.230286,342.809753,858.014832,719.453674,2.964844,2.964844,<3,lidar_wave2,garage,3people-garage,3people-garage_002609#3,workzone_wave2
C:\Users\jiahu\OneDrive\Documents\human_detect\work-zone-safety-rgbd-dataset\workzone_rgbd_dataset_wave2\images\3people-garage_002619.png,3people-garage_002619,3people-garage,002619,rgb,3people-garage_002619#1,333.714417,359.098907,386.376251,526.351685,7.671875,7.671875,>6,lidar_wave2,garage,3people-garage,3people-garage_002619#1,workzone_wave2
C:\Users\jiahu\OneDrive\Documents\human_detect\work-zone-safety-rgbd-dataset\workzone_rgbd_dataset_wave2\images\3people-garage_002619.png,3people-garage_002619,3people-garage,002619,rgb,3people-garage_002619#2,498.657349,347.465424,569.924561,538.477112,6.832031,6.832031,>6,lidar_wave2,garage,3people-garage,3people-garage_002619#2,workzone_wave2
C:\Users\jiahu\OneDrive\Documents\human_detect\work-zone-safety-rgbd-dataset\workzone_rgbd_dataset_wave2\images\3people-garage_002619.png,3people-garage_002619,3people-garage,002619,rgb,3people-garage_002619#3,748.418213,350.833069,876.694580,660.594971,3.733398,3.733398,3-6,lidar_wave2,garage,3people-garage,3people-garage_002619#3,workzone_wave2
C:\Users\jiahu\OneDrive\Documents\human_detect\work-zone-safety-rgbd-dataset\workzone_rgbd_dataset_wave2\images\3people-garage_002633.png,3people-garage_002633,3people-garage,002633,rgb,3people-garage_002633#1,293.402100,347.763275,361.042999,548.336548,6.453125,6.453125,>6,lidar_wave2,garage,3people-garage,3people-garage_002633#1,workzone_wave2
C:\Users\jiahu\OneDrive\Documents\human_detect\work-zone-safety-rgbd-dataset\workzone_rgbd_dataset_wave2\images\3people-garage_002633.png,3people-garage_002633,3people-garage,002633,rgb,3people-garage_002633#2,523.178101,336.127716,608.213623,588.240295,5.171875,5.171875,3-6,lidar_wave2,garage,3people-garage,3people-garage_002633#2,workzone_wave2
C:\Users\jiahu\OneDrive\Documents\human_detect\work-zone-safety-rgbd-dataset\workzone_rgbd_dataset_wave2\images\3people-garage_002633.png,3people-garage_002633,3people-garage,002633,rgb,3people-garage_002633#3,775.901001,357.658356,870.599487,586.214722,4.855469,4.855469,3-6,lidar_wave2,garage,3people-garage,3people-garage_002633#3,workzone_wave2
C:\Users\jiahu\OneDrive\Documents\human_detect\work-zone-safety-rgbd-dataset\workzone_rgbd_dataset_wave2\images\3people-garage_002645.png,3people-garage_002645,3people-garage,002645,rgb,3people-garage_002645#1,241.758591,344.550934,334.481720,582.399048,5.171875,5.171875,3-6,lidar_wave2,garage,3people-garage,3people-garage_002645#1,workzone_wave2
C:\Users\jiahu\OneDrive\Documents\human_detect\work-zone-safety-rgbd-dataset\workzone_rgbd_dataset_wave2\images\3people-garage_002645.png,3people-garage_002645,3people-garage,002645,rgb,3people-garage_002645#2,586.035278,326.147125,716.481812,671.525391,3.921875,3.921875,3-6,lidar_wave2,garage,3people-garage,3people-garage_002645#2,workzone_wave2
C:\Users\jiahu\OneDrive\Documents\human_detect\work-zone-safety-rgbd-dataset\workzone_rgbd_dataset_wave2\images\3people-garage_002645.png,3people-garage_002645,3people-garage,002645,rgb,3people-garage_002645#3,775.411743,356.112122,844.416504,551.566650,6.000000,6.000000,3-6,lidar_wave2,garage,3people-garage,3people-garage_002645#3,workzone_wave2
C:\Users\jiahu\OneDrive\Documents\human_detect\work-zone-safety-rgbd-dataset\workzone_rgbd_dataset_wave2\images\3people-garage_002650.png,3people-garage_002650,3people-garage,002650,rgb,3people-garage_002650#1,212.126953,341.733429,298.016052,610.925354,4.761719,4.761719,3-6,lidar_wave2,garage,3people-garage,3people-garage_002650#1,workzone_wave2
C:\Users\jiahu\OneDrive\Documents\human_detect\work-zone-safety-rgbd-dataset\workzone_rgbd_dataset_wave2\images\3people-garage_002650.png,3people-garage_002650,3people-garage,002650,rgb,3people-garage_002650#2,611.870789,320.609253,798.589783,705.837769,3.369141,3.369141,3-6,lidar_wave2,garage,3people-garage,3people-garage_002650#2,workzone_wave2
C:\Users\jiahu\OneDrive\Documents\human_detect\work-zone-safety-rgbd-dataset\workzone_rgbd_dataset_wave2\images\3people-garage_002650.png,3people-garage_002650,3people-garage,002650,rgb,3people-garage_002650#3,750.373718,359.069550,816.388367,537.204346,6.490234,6.490234,>6,lidar_wave2,garage,3people-garage,3people-garage_002650#3,workzone_wave2
C:\Users\jiahu\OneDrive\Documents\human_detect\work-zone-safety-rgbd-dataset\workzone_rgbd_dataset_wave2\images\3people-garage_002667.png,3people-garage_002667,3people-garage,002667,rgb,3people-garage_002667#1,12.707726,313.326874,200.697876,711.195435,3.144531,3.144531,3-6,lidar_wave2,garage,3people-garage,3people-garage_002667#1,workzone_wave2
C:\Users\jiahu\OneDrive\Documents\human_detect\work-zone-safety-rgbd-dataset\workzone_rgbd_dataset_wave2\images\3people-garage_002667.png,3people-garage_002667,3people-garage,002667,rgb,3people-garage_002667#2,634.541260,378.366669,684.066101,509.212555,7.968750,7.968750,>6,lidar_wave2,garage,3people-garage,3people-garage_002667#2,workzone_wave2
C:\Users\jiahu\OneDrive\Documents\human_detect\work-zone-safety-rgbd-dataset\workzone_rgbd_dataset_wave2\images\3people-garage_002667.png,3people-garage_002667,3people-garage,002667,rgb,3people-garage_002667#3,855.758423,232.077087,959.875854,718.355225,1.814453,1.814453,<3,lidar_wave2,garage,3people-garage,3people-garage_002667#3,workzone_wave2
C:\Users\jiahu\OneDrive\Documents\human_detect\work-zone-safety-rgbd-dataset\workzone_rgbd_dataset_wave2\images\3people-garage_002671.png,3people-garage_002671,3people-garage,002671,rgb,3people-garage_002671#1,0.117096,304.729523,158.112549,719.188171,2.765625,2.765625,<3,lidar_wave2,garage,3people-garage,3people-garage_002671#1,workzone_wave2
C:\Users\jiahu\OneDrive\Documents\human_detect\work-zone-safety-rgbd-dataset\workzone_rgbd_dataset_wave2\images\3people-garage_002671.png,3people-garage_002671,3people-garage,002671,rgb,3people-garage_002671#2,608.094604,377.538452,659.187256,506.317291,7.890625,7.890625,>6,lidar_wave2,garage,3people-garage,3people-garage_002671#2,workzone_wave2
C:\Users\jiahu\OneDrive\Documents\human_detect\work-zone-safety-rgbd-dataset\workzone_rgbd_dataset_wave2\images\3people-garage_002680.png,3people-garage_002680,3people-garage,002680,rgb,3people-garage_002680#1,0.314884,368.943433,82.227074,717.624128,3.669922,3.669922,3-6,lidar_wave2,garage,3people-garage,3people-garage_002680#1,workzone_wave2
C:\Users\jiahu\OneDrive\Documents\human_detect\work-zone-safety-rgbd-dataset\workzone_rgbd_dataset_wave2\images\3people-garage_002680.png,3people-garage_002680,3people-garage,002680,rgb,3people-garage_002680#2,528.150024,375.957733,597.022034,508.908783,7.902344,7.902344,>6,lidar_wave2,garage,3people-garage,3people-garage_002680#2,workzone_wave2
C:\Users\jiahu\OneDrive\Documents\human_detect\work-zone-safety-rgbd-dataset\workzone_rgbd_dataset_wave2\images\3people-garage_002696.png,3people-garage_002696,3people-garage,002696,rgb,3people-garage_002696#1,0.000000,220.851395,222.890915,719.027527,1.326172,1.326172,<3,lidar_wave2,garage,3people-garage,3people-garage_002696#1,workzone_wave2
C:\Users\jiahu\OneDrive\Documents\human_detect\work-zone-safety-rgbd-dataset\workzone_rgbd_dataset_wave2\images\3people-garage_002696.png,3people-garage_002696,3people-garage,002696,rgb,3people-garage_002696#2,439.417419,367.625763,495.269714,525.981079,7.179688,7.179688,>6,lidar_wave2,garage,3people-garage,3people-garage_002696#2,workzone_wave2
C:\Users\jiahu\OneDrive\Documents\human_detect\work-zone-safety-rgbd-dataset\workzone_rgbd_dataset_wave2\images\3people-garage_002696.png,3people-garage_002696,3people-garage,002696,rgb,3people-garage_002696#3,713.271240,322.030731,890.800781,705.010376,3.386719,3.386719,3-6,lidar_wave2,garage,3people-garage,3people-garage_002696#3,workzone_wave2
C:\Users\jiahu\OneDrive\Documents\human_detect\work-zone-safety-rgbd-dataset\workzone_rgbd_dataset_wave2\images\3people-garage_002700.png,3people-garage_002700,3people-garage,002700,rgb,3people-garage_002700#1,89.704193,215.328827,427.878387,719.681091,1.291992,1.291992,<3,lidar_wave2,garage,3people-garage,3people-garage_002700#1,workzone_wave2
C:\Users\jiahu\OneDrive\Documents\human_detect\work-zone-safety-rgbd-dataset\workzone_rgbd_dataset_wave2\images\3people-garage_002700.png,3people-garage_002700,3people-garage,002700,rgb,3people-garage_002700#2,418.778503,370.029187,470.775330,530.778302,6.669922,6.669922,>6,lidar_wave2,garage,3people-garage,3people-garage_002700#2,workzone_wave2
C:\Users\jiahu\OneDrive\Documents\human_detect\work-zone-safety-rgbd-dataset\workzone_rgbd_dataset_wave2\images\3people-garage_002700.png,3people-garage_002700,3people-garage,002700,rgb,3people-garage_002700#3,668.718079,322.445618,778.880310,658.951782,3.775391,3.775391,3-6,lidar_wave2,garage,3people-garage,3people-garage_002700#3,workzone_wave2
C:\Users\jiahu\OneDrive\Documents\human_detect\work-zone-safety-rgbd-dataset\workzone_rgbd_dataset_wave2\images\3people-garage_002716.png,3people-garage_002716,3people-garage,002716,rgb,3people-garage_002716#1,244.774246,369.414429,335.448425,552.610901,5.910156,5.910156,3-6,lidar_wave2,garage,3people-garage,3people-garage_002716#1,workzone_wave2
C:\Users\jiahu\OneDrive\Documents\human_detect\work-zone-safety-rgbd-dataset\workzone_rgbd_dataset_wave2\images\3people-garage_002716.png,3people-garage_002716,3people-garage,002716,rgb,3people-garage_002716#2,582.737732,346.801758,651.208374,576.229675,5.406250,5.406250,3-6,lidar_wave2,garage,3people-garage,3people-garage_002716#2,workzone_wave2
C:\Users\jiahu\OneDrive\Documents\human_detect\work-zone-safety-rgbd-dataset\workzone_rgbd_dataset_wave2\images\3people-garage_002716.png,3people-garage_002716,3people-garage,002716,rgb,3people-garage_002716#3,647.458557,223.232727,946.629089,719.633667,1.448242,1.448242,<3,lidar_wave2,garage,3people-garage,3people-garage_002716#3,workzone_wave2
C:\Users\jiahu\OneDrive\Documents\human_detect\work-zone-safety-rgbd-dataset\workzone_rgbd_dataset_wave2\images\3people-garage_002720.png,3people-garage_002720,3people-garage,002720,rgb,3people-garage_002720#1,193.407578,372.063660,280.743927,553.260803,5.673828,5.673828,3-6,lidar_wave2,garage,3people-garage,3people-garage_002720#1,workzone_wave2
C:\Users\jiahu\OneDrive\Documents\human_detect\work-zone-safety-rgbd-dataset\workzone_rgbd_dataset_wave2\images\3people-garage_002720.png,3people-garage_002720,3people-garage,002720,rgb,3people-garage_002720#2,576.574402,348.103271,658.320007,559.793335,5.957031,5.957031,3-6,lidar_wave2,garage,3people-garage,3people-garage_002720#2,workzone_wave2
C:\Users\jiahu\OneDrive\Documents\human_detect\work-zone-safety-rgbd-dataset\workzone_rgbd_dataset_wave2\images\3people-garage_002720.png,3people-garage_002720,3people-garage,002720,rgb,3people-garage_002720#3,700.690674,246.416748,959.435730,718.821716,1.626953,1.626953,<3,lidar_wave2,garage,3people-garage,3people-garage_002720#3,workzone_wave2
C:\Users\jiahu\OneDrive\Documents\human_detect\work-zone-safety-rgbd-dataset\workzone_rgbd_dataset_wave2\images\3people-garage_002738.png,3people-garage_002738,3people-garage,002738,rgb,3people-garage_002738#1,0.000000,364.104584,111.764084,612.842285,4.820312,4.820312,3-6,lidar_wave2,garage,3people-garage,3people-garage_002738#1,workzone_wave2
C:\Users\jiahu\OneDrive\Documents\human_detect\work-zone-safety-rgbd-dataset\workzone_rgbd_dataset_wave2\images\3people-garage_002738.png,3people-garage_002738,3people-garage,002738,rgb,3people-garage_002738#2,553.247498,354.910950,609.619690,513.910278,7.925781,7.925781,>6,lidar_wave2,garage,3people-garage,3people-garage_002738#2,workzone_wave2
C:\Users\jiahu\OneDrive\Documents\human_detect\work-zone-safety-rgbd-dataset\workzone_rgbd_dataset_wave2\images\3people-garage_002738.png,3people-garage_002738,3people-garage,002738,rgb,3people-garage_002738#3,836.695129,296.286896,960.000000,720.000000,2.613281,2.613281,<3,lidar_wave2,garage,3people-garage,3people-garage_002738#3,workzone_wave2
C:\Users\jiahu\OneDrive\Documents\human_detect\work-zone-safety-rgbd-dataset\workzone_rgbd_dataset_wave2\images\3people-garage_002741.png,3people-garage_002741,3people-garage,002741,rgb,3people-garage_002741#1,0.000000,359.757973,61.810407,619.252907,4.644531,4.644531,3-6,lidar_wave2,garage,3people-garage,3people-garage_002741#1,workzone_wave2
C:\Users\jiahu\OneDrive\Documents\human_detect\work-zone-safety-rgbd-dataset\workzone_rgbd_dataset_wave2\images\3people-garage_002741.png,3people-garage_002741,3people-garage,002741,rgb,3people-garage_002741#2,542.663208,353.406372,599.019836,504.108032,8.226562,8.226562,>6,lidar_wave2,garage,3people-garage,3people-garage_002741#2,workzone_wave2
C:\Users\jiahu\OneDrive\Documents\human_detect\work-zone-safety-rgbd-dataset\workzone_rgbd_dataset_wave2\images\3people-garage_002741.png,3people-garage_002741,3people-garage,002741,rgb,3people-garage_002741#3,832.006348,300.221680,959.393738,717.627136,2.746094,2.746094,<3,lidar_wave2,garage,3people-garage,3people-garage_002741#3,workzone_wave2
C:\Users\jiahu\OneDrive\Documents\human_detect\work-zone-safety-rgbd-dataset\workzone_rgbd_dataset_wave2\images\3people-garage_002756.png,3people-garage_002756,3people-garage,002756,rgb,3people-garage_002756#1,460.379425,361.145599,506.140961,492.301666,9.187500,9.187500,>6,lidar_wave2,garage,3people-garage,3people-garage_002756#1,workzone_wave2
C:\Users\jiahu\OneDrive\Documents\human_detect\work-zone-safety-rgbd-dataset\workzone_rgbd_dataset_wave2\images\3people-garage_002756.png,3people-garage_002756,3people-garage,002756,rgb,3people-garage_002756#2,760.490234,321.362579,875.197083,638.646240,3.960938,3.960938,3-6,lidar_wave2,garage,3people-garage,3people-garage_002756#2,workzone_wave2
C:\Users\jiahu\OneDrive\Documents\human_detect\work-zone-safety-rgbd-dataset\workzone_rgbd_dataset_wave2\images\3people-garage_002766.png,3people-garage_002766,3people-garage,002766,rgb,3people-garage_002766#1,392.207336,359.455078,448.199158,496.051300,9.117188,9.117188,>6,lidar_wave2,garage,3people-garage,3people-garage_002766#1,workzone_wave2
C:\Users\jiahu\OneDrive\Documents\human_detect\work-zone-safety-rgbd-dataset\workzone_rgbd_dataset_wave2\images\3people-garage_002766.png,3people-garage_002766,3people-garage,002766,rgb,3people-garage_002766#2,712.272583,332.767090,796.475464,589.768433,4.871094,4.871094,3-6,lidar_wave2,garage,3people-garage,3people-garage_002766#2,workzone_wave2
C:\Users\jiahu\OneDrive\Documents\human_detect\work-zone-safety-rgbd-dataset\workzone_rgbd_dataset_wave2\images\3people-garage_002770.png,3people-garage_002770,3people-garage,002770,rgb,3people-garage_002770#1,365.072235,356.644958,421.198639,497.973724,8.507812,8.507812,>6,lidar_wave2,garage,3people-garage,3people-garage_002770#1,workzone_wave2
C:\Users\jiahu\OneDrive\Documents\human_detect\work-zone-safety-rgbd-dataset\workzone_rgbd_dataset_wave2\images\3people-garage_002770.png,3people-garage_002770,3people-garage,002770,rgb,3people-garage_002770#2,700.625610,338.980957,778.383362,586.230896,5.140625,5.140625,3-6,lidar_wave2,garage,3people-garage,3people-garage_002770#2,workzone_wave2
C:\Users\jiahu\OneDrive\Documents\human_detect\work-zone-safety-rgbd-dataset\workzone_rgbd_dataset_wave2\images\3people-garage_002786.png,3people-garage_002786,3people-garage,002786,rgb,3people-garage_002786#1,311.898132,353.428345,376.704071,527.792419,7.230469,7.230469,>6,lidar_wave2,garage,3people-garage,3people-garage_002786#1,workzone_wave2
C:\Users\jiahu\OneDrive\Documents\human_detect\work-zone-safety-rgbd-dataset\workzone_rgbd_dataset_wave2\images\3people-garage_002786.png,3people-garage_002786,3people-garage,002786,rgb,3people-garage_002786#2,637.444580,347.136200,719.372375,538.344971,6.550781,6.550781,>6,lidar_wave2,garage,3people-garage,3people-garage_002786#2,workzone_wave2
C:\Users\jiahu\OneDrive\Documents\human_detect\work-zone-safety-rgbd-dataset\workzone_rgbd_dataset_wave2\images\3people-garage_002798.png,3people-garage_002798,3people-garage,002798,rgb,3people-garage_002798#1,0.366028,287.162109,248.684143,719.126587,1.068359,1.068359,<3,lidar_wave2,garage,3people-garage,3people-garage_002798#1,workzone_wave2
C:\Users\jiahu\OneDrive\Documents\human_detect\work-zone-safety-rgbd-dataset\workzone_rgbd_dataset_wave2\images\3people-garage_002798.png,3people-garage_002798,3people-garage,002798,rgb,3people-garage_002798#2,287.571991,344.611084,366.651398,557.356934,5.968750,5.968750,3-6,lidar_wave2,garage,3people-garage,3people-garage_002798#2,workzone_wave2
C:\Users\jiahu\OneDrive\Documents\human_detect\work-zone-safety-rgbd-dataset\workzone_rgbd_dataset_wave2\images\3people-garage_002798.png,3people-garage_002798,3people-garage,002798,rgb,3people-garage_002798#3,624.093933,349.486176,682.068237,516.289734,7.281250,7.281250,>6,lidar_wave2,garage,3people-garage,3people-garage_002798#3,workzone_wave2
C:\Users\jiahu\OneDrive\Documents\human_detect\work-zone-safety-rgbd-dataset\workzone_rgbd_dataset_wave2\images\3people-garage_002800.png,3people-garage_002800,3people-garage,002800,rgb,3people-garage_002800#1,87.936058,276.173218,352.242554,718.898438,0.923340,0.923340,<3,lidar_wave2,garage,3people-garage,3people-garage_002800#1,workzone_wave2
C:\Users\jiahu\OneDrive\Documents\human_detect\work-zone-safety-rgbd-dataset\workzone_rgbd_dataset_wave2\images\3people-garage_002800.png,3people-garage_002800,3people-garage,002800,rgb,3people-garage_002800#2,285.273438,364.834991,364.538605,566.918762,5.753906,5.753906,3-6,lidar_wave2,garage,3people-garage,3people-garage_002800#2,workzone_wave2
C:\Users\jiahu\OneDrive\Documents\human_detect\work-zone-safety-rgbd-dataset\workzone_rgbd_dataset_wave2\images\3people-garage_002800.png,3people-garage_002800,3people-garage,002800,rgb,3people-garage_002800#3,629.263428,349.903168,677.818420,512.850037,7.451172,7.451172,>6,lidar_wave2,garage,3people-garage,3people-garage_002800#3,workzone_wave2
C:\Users\jiahu\OneDrive\Documents\human_detect\work-zone-safety-rgbd-dataset\workzone_rgbd_dataset_wave2\images\3people-garage_002817.png,3people-garage_002817,3people-garage,002817,rgb,3people-garage_002817#1,185.180191,316.267151,326.196564,676.852722,3.708984,3.708984,3-6,lidar_wave2,garage,3people-garage,3people-garage_002817#1,workzone_wave2
C:\Users\jiahu\OneDrive\Documents\human_detect\work-zone-safety-rgbd-dataset\workzone_rgbd_dataset_wave2\images\3people-garage_002817.png,3people-garage_002817,3people-garage,002817,rgb,3people-garage_002817#2,605.553833,356.373413,654.906799,489.994446,9.281250,9.281250,>6,lidar_wave2,garage,3people-garage,3people-garage_002817#2,workzone_wave2
C:\Users\jiahu\OneDrive\Documents\human_detect\work-zone-safety-rgbd-dataset\workzone_rgbd_dataset_wave2\images\3people-garage_002817.png,3people-garage_002817,3people-garage,002817,rgb,3people-garage_002817#3,744.473877,313.021851,959.309326,718.731995,1.702148,1.702148,<3,lidar_wave2,garage,3people-garage,3people-garage_002817#3,workzone_wave2
C:\Users\jiahu\OneDrive\Documents\human_detect\work-zone-safety-rgbd-dataset\workzone_rgbd_dataset_wave2\images\3people-garage_002820.png,3people-garage_002820,3people-garage,002820,rgb,3people-garage_002820#1,141.260101,317.012299,313.829712,719.280945,3.355469,3.355469,3-6,lidar_wave2,garage,3people-garage,3people-garage_002820#1,workzone_wave2
C:\Users\jiahu\OneDrive\Documents\human_detect\work-zone-safety-rgbd-dataset\workzone_rgbd_dataset_wave2\images\3people-garage_002820.png,3people-garage_002820,3people-garage,002820,rgb,3people-garage_002820#2,602.138000,355.062927,646.946289,488.970520,9.207031,9.207031,>6,lidar_wave2,garage,3people-garage,3people-garage_002820#2,workzone_wave2
C:\Users\jiahu\OneDrive\Documents\human_detect\work-zone-safety-rgbd-dataset\workzone_rgbd_dataset_wave2\images\3people-garage_002820.png,3people-garage_002820,3people-garage,002820,rgb,3people-garage_002820#3,772.637512,325.771088,959.328918,719.045715,1.918945,1.918945,<3,lidar_wave2,garage,3people-garage,3people-garage_002820#3,workzone_wave2
C:\Users\jiahu\OneDrive\Documents\human_detect\work-zone-safety-rgbd-dataset\workzone_rgbd_dataset_wave2\images\3people-garage_002834.png,3people-garage_002834,3people-garage,002834,rgb,3people-garage_002834#1,0.000000,238.249084,197.725708,720.000000,1.540039,1.540039,<3,lidar_wave2,garage,3people-garage,3people-garage_002834#1,workzone_wave2
C:\Users\jiahu\OneDrive\Documents\human_detect\work-zone-safety-rgbd-dataset\workzone_rgbd_dataset_wave2\images\3people-garage_002834.png,3people-garage_002834,3people-garage,002834,rgb,3people-garage_002834#2,591.190918,355.632599,630.056885,477.361847,10.554688,10.554688,>6,lidar_wave2,garage,3people-garage,3people-garage_002834#2,workzone_wave2
C:\Users\jiahu\OneDrive\Documents\human_detect\work-zone-safety-rgbd-dataset\workzone_rgbd_dataset_wave2\images\3people-garage_002834.png,3people-garage_002834,3people-garage,002834,rgb,3people-garage_002834#3,845.201172,344.685883,959.367798,705.539795,3.031250,3.031250,3-6,lidar_wave2,garage,3people-garage,3people-garage_002834#3,workzone_wave2
C:\Users\jiahu\OneDrive\Documents\human_detect\work-zone-safety-rgbd-dataset\workzone_rgbd_dataset_wave2\images\3people-garage_002847.png,3people-garage_002847,3people-garage,002847,rgb,3people-garage_002847#1,578.340576,351.675659,627.367782,482.171668,10.683594,10.683594,>6,lidar_wave2,garage,3people-garage,3people-garage_002847#1,workzone_wave2
C:\Users\jiahu\OneDrive\Documents\human_detect\work-zone-safety-rgbd-dataset\workzone_rgbd_dataset_wave2\images\3people-garage_002847.png,3people-garage_002847,3people-garage,002847,rgb,3people-garage_002847#2,806.430359,349.826721,926.729553,623.719727,4.214844,4.214844,3-6,lidar_wave2,garage,3people-garage,3people-garage_002847#2,workzone_wave2
C:\Users\jiahu\OneDrive\Documents\human_detect\work-zone-safety-rgbd-dataset\workzone_rgbd_dataset_wave2\images\3people-garage_002853.png,3people-garage_002853,3people-garage,002853,rgb,3people-garage_002853#1,563.907166,363.275085,604.490361,484.030668,10.781250,10.781250,>6,lidar_wave2,garage,3people-garage,3people-garage_002853#1,workzone_wave2
C:\Users\jiahu\OneDrive\Documents\human_detect\work-zone-safety-rgbd-dataset\workzone_rgbd_dataset_wave2\images\3people-garage_002853.png,3people-garage_002853,3people-garage,002853,rgb,3people-garage_002853#2,815.736694,354.555847,898.427856,595.975342,4.742188,4.742188,3-6,lidar_wave2,garage,3people-garage,3people-garage_002853#2,workzone_wave2
C:\Users\jiahu\OneDrive\Documents\human_detect\work-zone-safety-rgbd-dataset\workzone_rgbd_dataset_wave2\images\3people-garage_002868.png,3people-garage_002868,3people-garage,002868,rgb,3people-garage_002868#1,510.987925,368.504163,559.285894,470.715048,12.488281,12.488281,>6,lidar_wave2,garage,3people-garage,3people-garage_002868#1,workzone_wave2
C:\Users\jiahu\OneDrive\Documents\human_detect\work-zone-safety-rgbd-dataset\workzone_rgbd_dataset_wave2\images\3people-garage_002868.png,3people-garage_002868,3people-garage,002868,rgb,3people-garage_002868#2,790.939819,362.637634,856.118042,547.289062,6.066406,6.066406,>6,lidar_wave2,garage,3people-garage,3people-garage_002868#2,workzone_wave2
C:\Users\jiahu\OneDrive\Documents\human_detect\work-zone-safety-rgbd-dataset\workzone_rgbd_dataset_wave2\images\3people-garage_002871.png,3people-garage_002871,3people-garage,002871,rgb,3people-garage_002871#1,513.686096,364.540558,547.305908,460.950348,15.898438,15.898438,>6,lidar_wave2,garage,3people-garage,3people-garage_002871#1,workzone_wave2
C:\Users\jiahu\OneDrive\Documents\human_detect\work-zone-safety-rgbd-dataset\workzone_rgbd_dataset_wave2\images\3people-garage_002871.png,3people-garage_002871,3people-garage,002871,rgb,3people-garage_002871#2,773.687683,367.011688,854.911438,540.188965,6.480469,6.480469,>6,lidar_wave2,garage,3people-garage,3people-garage_002871#2,workzone_wave2
C:\Users\jiahu\OneDrive\Documents\human_detect\work-zone-safety-rgbd-dataset\workzone_rgbd_dataset_wave2\images\3people-garage_002884.png,3people-garage_002884,3people-garage,002884,rgb,3people-garage_002884#1,470.599856,362.338549,506.959201,460.625536,12.511719,12.511719,>6,lidar_wave2,garage,3people-garage,3people-garage_002884#1,workzone_wave2
C:\Users\jiahu\OneDrive\Documents\human_detect\work-zone-safety-rgbd-dataset\workzone_rgbd_dataset_wave2\images\3people-garage_002884.png,3people-garage_002884,3people-garage,002884,rgb,3people-garage_002884#2,757.499512,370.052307,820.912781,514.205444,7.757812,7.757812,>6,lidar_wave2,garage,3people-garage,3people-garage_002884#2,workzone_wave2
C:\Users\jiahu\OneDrive\Documents\human_detect\work-zone-safety-rgbd-dataset\workzone_rgbd_dataset_wave2\images\3people-garage_002895.png,3people-garage_002895,3people-garage,002895,rgb,3people-garage_002895#1,429.485535,366.230972,465.082062,462.307694,13.023438,13.023438,>6,lidar_wave2,garage,3people-garage,3people-garage_002895#1,workzone_wave2
C:\Users\jiahu\OneDrive\Documents\human_detect\work-zone-safety-rgbd-dataset\workzone_rgbd_dataset_wave2\images\3people-garage_002895.png,3people-garage_002895,3people-garage,002895,rgb,3people-garage_002895#2,735.175134,371.764626,788.589563,501.672462,8.765625,8.765625,>6,lidar_wave2,garage,3people-garage,3people-garage_002895#2,workzone_wave2
C:\Users\jiahu\OneDrive\Documents\human_detect\work-zone-safety-rgbd-dataset\workzone_rgbd_dataset_wave2\images\3people-garage_002903.png,3people-garage_002903,3people-garage,002903,rgb,3people-garage_002903#1,0.830200,5.132446,288.602234,717.879456,0.238525,0.238525,<3,lidar_wave2,garage,3people-garage,3people-garage_002903#1,workzone_wave2
C:\Users\jiahu\OneDrive\Documents\human_detect\work-zone-safety-rgbd-dataset\workzone_rgbd_dataset_wave2\images\3people-garage_002903.png,3people-garage_002903,3people-garage,002903,rgb,3people-garage_002903#2,404.554413,362.846069,442.089935,463.127106,12.765625,12.765625,>6,lidar_wave2,garage,3people-garage,3people-garage_002903#2,workzone_wave2
C:\Users\jiahu\OneDrive\Documents\human_detect\work-zone-safety-rgbd-dataset\workzone_rgbd_dataset_wave2\images\3people-garage_002903.png,3people-garage_002903,3people-garage,002903,rgb,3people-garage_002903#3,721.740601,369.057434,769.688782,486.227905,9.546875,9.546875,>6,lidar_wave2,garage,3people-garage,3people-garage_002903#3,workzone_wave2
C:\Users\jiahu\OneDrive\Documents\human_detect\work-zone-safety-rgbd-dataset\workzone_rgbd_dataset_wave2\images\3people-garage_002909.png,3people-garage_002909,3people-garage,002909,rgb,3people-garage_002909#1,166.450470,108.001648,551.809937,718.221191,0.710938,0.710938,<3,lidar_wave2,garage,3people-garage,3people-garage_002909#1,workzone_wave2
C:\Users\jiahu\OneDrive\Documents\human_detect\work-zone-safety-rgbd-dataset\workzone_rgbd_dataset_wave2\images\3people-garage_002909.png,3people-garage_002909,3people-garage,002909,rgb,3people-garage_002909#2,724.981995,367.689667,767.495056,482.299805,9.906250,9.906250,>6,lidar_wave2,garage,3people-garage,3people-garage_002909#2,workzone_wave2
C:\Users\jiahu\OneDrive\Documents\human_detect\work-zone-safety-rgbd-dataset\workzone_rgbd_dataset_wave2\images\3people-garage_002928.png,3people-garage_002928,3people-garage,002928,rgb,3people-garage_002928#1,323.237823,364.178406,362.346222,472.374146,11.648438,11.648438,>6,lidar_wave2,garage,3people-garage,3people-garage_002928#1,workzone_wave2
C:\Users\jiahu\OneDrive\Documents\human_detect\work-zone-safety-rgbd-dataset\workzone_rgbd_dataset_wave2\images\3people-garage_002928.png,3people-garage_002928,3people-garage,002928,rgb,3people-garage_002928#2,733.506836,368.664917,780.350342,487.470795,9.562500,9.562500,>6,lidar_wave2,garage,3people-garage,3people-garage_002928#2,workzone_wave2
C:\Users\jiahu\OneDrive\Documents\human_detect\work-zone-safety-rgbd-dataset\workzone_rgbd_dataset_wave2\images\3people-garage_002928.png,3people-garage_002928,3people-garage,002928,rgb,3people-garage_002928#3,845.620239,266.502686,959.378906,719.747925,2.275391,2.275391,<3,lidar_wave2,garage,3people-garage,3people-garage_002928#3,workzone_wave2
C:\Users\jiahu\OneDrive\Documents\human_detect\work-zone-safety-rgbd-dataset\workzone_rgbd_dataset_wave2\images\3people-garage_002929.png,3people-garage_002929,3people-garage,002929,rgb,3people-garage_002929#1,319.419525,365.688812,359.689087,472.184875,11.484375,11.484375,>6,lidar_wave2,garage,3people-garage,3people-garage_002929#1,workzone_wave2
C:\Users\jiahu\OneDrive\Documents\human_detect\work-zone-safety-rgbd-dataset\workzone_rgbd_dataset_wave2\images\3people-garage_002929.png,3people-garage_002929,3people-garage,002929,rgb,3people-garage_002929#2,735.916870,368.233856,779.072021,487.218201,9.617188,9.617188,>6,lidar_wave2,garage,3people-garage,3people-garage_002929#2,workzone_wave2
C:\Users\jiahu\OneDrive\Documents\human_detect\work-zone-safety-rgbd-dataset\workzone_rgbd_dataset_wave2\images\3people-garage_002929.png,3people-garage_002929,3people-garage,002929,rgb,3people-garage_002929#3,858.931458,274.750244,959.828430,718.771545,2.230469,2.230469,<3,lidar_wave2,garage,3people-garage,3people-garage_002929#3,workzone_wave2
C:\Users\jiahu\OneDrive\Documents\human_detect\work-zone-safety-rgbd-dataset\workzone_rgbd_dataset_wave2\images\3people-garage_002942.png,3people-garage_002942,3people-garage,002942,rgb,3people-garage_002942#1,295.460815,361.444275,336.960632,480.284210,10.656250,10.656250,>6,lidar_wave2,garage,3people-garage,3people-garage_002942#1,workzone_wave2
C:\Users\jiahu\OneDrive\Documents\human_detect\work-zone-safety-rgbd-dataset\workzone_rgbd_dataset_wave2\images\3people-garage_002942.png,3people-garage_002942,3people-garage,002942,rgb,3people-garage_002942#2,734.251709,368.144073,780.299988,502.062103,8.417969,8.417969,>6,lidar_wave2,garage,3people-garage,3people-garage_002942#2,workzone_wave2
C:\Users\jiahu\OneDrive\Documents\human_detect\work-zone-safety-rgbd-dataset\workzone_rgbd_dataset_wave2\images\3people-garage_002942.png,3people-garage_002942,3people-garage,002942,rgb,3people-garage_002942#3,910.903931,359.364594,959.907166,661.630188,3.591797,3.591797,3-6,lidar_wave2,garage,3people-garage,3people-garage_002942#3,workzone_wave2
C:\Users\jiahu\OneDrive\Documents\human_detect\work-zone-safety-rgbd-dataset\workzone_rgbd_dataset_wave2\images\3people-garage_002949.png,3people-garage_002949,3people-garage,002949,rgb,3people-garage_002949#1,289.276825,359.788330,333.842682,486.345886,10.234375,10.234375,>6,lidar_wave2,garage,3people-garage,3people-garage_002949#1,workzone_wave2
C:\Users\jiahu\OneDrive\Documents\human_detect\work-zone-safety-rgbd-dataset\workzone_rgbd_dataset_wave2\images\3people-garage_002949.png,3people-garage_002949,3people-garage,002949,rgb,3people-garage_002949#2,705.591797,365.502258,767.504517,503.712555,8.406250,8.406250,>6,lidar_wave2,garage,3people-garage,3people-garage_002949#2,workzone_wave2
C:\Users\jiahu\OneDrive\Documents\human_detect\work-zone-safety-rgbd-dataset\workzone_rgbd_dataset_wave2\images\3people-garage_002949.png,3people-garage_002949,3people-garage,002949,rgb,3people-garage_002949#3,903.146569,325.622358,959.985802,639.148420,4.039062,4.039062,3-6,lidar_wave2,garage,3people-garage,3people-garage_002949#3,workzone_wave2
C:\Users\jiahu\OneDrive\Documents\human_detect\work-zone-safety-rgbd-dataset\workzone_rgbd_dataset_wave2\images\3people-garage_002962.png,3people-garage_002962,3people-garage,002962,rgb,3people-garage_002962#1,267.564240,360.147125,316.168610,496.392975,8.640625,8.640625,>6,lidar_wave2,garage,3people-garage,3people-garage_002962#1,workzone_wave2
C:\Users\jiahu\OneDrive\Documents\human_detect\work-zone-safety-rgbd-dataset\workzone_rgbd_dataset_wave2\images\3people-garage_002962.png,3people-garage_002962,3people-garage,002962,rgb,3people-garage_002962#2,622.778093,375.495028,679.565141,496.855166,8.953125,8.953125,>6,lidar_wave2,garage,3people-garage,3people-garage_002962#2,workzone_wave2
C:\Users\jiahu\OneDrive\Documents\human_detect\work-zone-safety-rgbd-dataset\workzone_rgbd_dataset_wave2\images\3people-garage_002962.png,3people-garage_002962,3people-garage,002962,rgb,3people-garage_002962#3,894.210754,338.859467,959.779907,575.933594,6.316406,6.316406,>6,lidar_wave2,garage,3people-garage,3people-garage_002962#3,workzone_wave2
C:\Users\jiahu\OneDrive\Documents\human_detect\work-zone-safety-rgbd-dataset\workzone_rgbd_dataset_wave2\images\3people-garage_002977.png,3people-garage_002977,3people-garage,002977,rgb,3people-garage_002977#1,238.656235,360.098755,293.753265,519.343750,7.525391,7.525391,>6,lidar_wave2,garage,3people-garage,3people-garage_002977#1,workzone_wave2
C:\Users\jiahu\OneDrive\Documents\human_detect\work-zone-safety-rgbd-dataset\workzone_rgbd_dataset_wave2\images\3people-garage_002977.png,3people-garage_002977,3people-garage,002977,rgb,3people-garage_002977#2,547.302307,387.192902,581.026794,481.696747,10.125000,10.125000,>6,lidar_wave2,garage,3people-garage,3people-garage_002977#2,workzone_wave2
C:\Users\jiahu\OneDrive\Documents\human_detect\work-zone-safety-rgbd-dataset\workzone_rgbd_dataset_wave2\images\3people-garage_002977.png,3people-garage_002977,3people-garage,002977,rgb,3people-garage_002977#3,793.969666,346.894745,875.117249,536.110840,5.953125,5.953125,3-6,lidar_wave2,garage,3people-garage,3people-garage_002977#3,workzone_wave2
C:\Users\jiahu\OneDrive\Documents\human_detect\work-zone-safety-rgbd-dataset\workzone_rgbd_dataset_wave2\images\3people-garage_002981.png,3people-garage_002981,3people-garage,002981,rgb,3people-garage_002981#1,228.109268,352.672302,286.139130,523.195374,7.683594,7.683594,>6,lidar_wave2,garage,3people-garage,3people-garage_002981#1,workzone_wave2
C:\Users\jiahu\OneDrive\Documents\human_detect\work-zone-safety-rgbd-dataset\workzone_rgbd_dataset_wave2\images\3people-garage_002981.png,3people-garage_002981,3people-garage,002981,rgb,3people-garage_002981#2,512.440491,382.092590,569.541931,482.553223,10.519531,10.519531,>6,lidar_wave2,garage,3people-garage,3people-garage_002981#2,workzone_wave2
C:\Users\jiahu\OneDrive\Documents\human_detect\work-zone-safety-rgbd-dataset\workzone_rgbd_dataset_wave2\images\3people-garage_002981.png,3people-garage_002981,3people-garage,002981,rgb,3people-garage_002981#3,776.845703,348.788483,839.308289,521.186401,6.777344,6.777344,>6,lidar_wave2,garage,3people-garage,3people-garage_002981#3,workzone_wave2
C:\Users\jiahu\OneDrive\Documents\human_detect\work-zone-safety-rgbd-dataset\workzone_rgbd_dataset_wave2\images\3people-garage_002989.png,3people-garage_002989,3people-garage,002989,rgb,3people-garage_002989#1,190.442688,353.650757,260.493622,535.302734,6.439453,6.439453,>6,lidar_wave2,garage,3people-garage,3people-garage_002989#1,workzone_wave2
C:\Users\jiahu\OneDrive\Documents\human_detect\work-zone-safety-rgbd-dataset\workzone_rgbd_dataset_wave2\images\3people-garage_002989.png,3people-garage_002989,3people-garage,002989,rgb,3people-garage_002989#2,471.091827,369.549377,501.932098,479.199188,10.816406,10.816406,>6,lidar_wave2,garage,3people-garage,3people-garage_002989#2,workzone_wave2
C:\Users\jiahu\OneDrive\Documents\human_detect\work-zone-safety-rgbd-dataset\workzone_rgbd_dataset_wave2\images\3people-garage_002989.png,3people-garage_002989,3people-garage,002989,rgb,3people-garage_002989#3,709.333374,345.934784,762.981812,526.653076,6.992188,6.992188,>6,lidar_wave2,garage,3people-garage,3people-garage_002989#3,workzone_wave2
C:\Users\jiahu\OneDrive\Documents\human_detect\work-zone-safety-rgbd-dataset\workzone_rgbd_dataset_wave2\images\3people-garage_003004.png,3people-garage_003004,3people-garage,003004,rgb,3people-garage_003004#1,144.383606,346.072418,232.712448,565.946594,5.683594,5.683594,3-6,lidar_wave2,garage,3people-garage,3people-garage_003004#1,workzone_wave2
C:\Users\jiahu\OneDrive\Documents\human_detect\work-zone-safety-rgbd-dataset\workzone_rgbd_dataset_wave2\images\3people-garage_003004.png,3people-garage_003004,3people-garage,003004,rgb,3people-garage_003004#2,371.138386,370.120349,416.603107,484.844452,11.031250,11.031250,>6,lidar_wave2,garage,3people-garage,3people-garage_003004#2,workzone_wave2
C:\Users\jiahu\OneDrive\Documents\human_detect\work-zone-safety-rgbd-dataset\workzone_rgbd_dataset_wave2\images\3people-garage_003004.png,3people-garage_003004,3people-garage,003004,rgb,3people-garage_003004#3,655.227356,339.619354,736.542969,562.328247,5.773438,5.773438,3-6,lidar_wave2,garage,3people-garage,3people-garage_003004#3,workzone_wave2
C:\Users\jiahu\OneDrive\Documents\human_detect\work-zone-safety-rgbd-dataset\workzone_rgbd_dataset_wave2\images\3people-garage_003009.png,3people-garage_003009,3people-garage,003009,rgb,3people-garage_003009#1,134.407623,344.411224,226.159805,579.535645,5.324219,5.324219,3-6,lidar_wave2,garage,3people-garage,3people-garage_003009#1,workzone_wave2
C:\Users\jiahu\OneDrive\Documents\human_detect\work-zone-safety-rgbd-dataset\workzone_rgbd_dataset_wave2\images\3people-garage_003009.png,3people-garage_003009,3people-garage,003009,rgb,3people-garage_003009#2,332.604431,373.984619,385.946808,487.112946,9.871094,9.871094,>6,lidar_wave2,garage,3people-garage,3people-garage_003009#2,workzone_wave2
C:\Users\jiahu\OneDrive\Documents\human_detect\work-zone-safety-rgbd-dataset\workzone_rgbd_dataset_wave2\images\3people-garage_003009.png,3people-garage_003009,3people-garage,003009,rgb,3people-garage_003009#3,661.540100,336.681610,755.193970,585.410950,5.203125,5.203125,3-6,lidar_wave2,garage,3people-garage,3people-garage_003009#3,workzone_wave2
C:\Users\jiahu\OneDrive\Documents\human_detect\work-zone-safety-rgbd-dataset\workzone_rgbd_dataset_wave2\images\3people-garage_003024.png,3people-garage_003024,3people-garage,003024,rgb,3people-garage_003024#1,67.314720,330.047821,202.772049,638.064880,4.058594,4.058594,3-6,lidar_wave2,garage,3people-garage,3people-garage_003024#1,workzone_wave2
C:\Users\jiahu\OneDrive\Documents\human_detect\work-zone-safety-rgbd-dataset\workzone_rgbd_dataset_wave2\images\3people-garage_003024.png,3people-garage_003024,3people-garage,003024,rgb,3people-garage_003024#2,277.690521,372.082489,319.607483,503.092255,7.542969,7.542969,>6,lidar_wave2,garage,3people-garage,3people-garage_003024#2,workzone_wave2
C:\Users\jiahu\OneDrive\Documents\human_detect\work-zone-safety-rgbd-dataset\workzone_rgbd_dataset_wave2\images\3people-garage_003024.png,3people-garage_003024,3people-garage,003024,rgb,3people-garage_003024#3,728.717102,317.298981,891.150879,697.793213,3.367188,3.367188,3-6,lidar_wave2,garage,3people-garage,3people-garage_003024#3,workzone_wave2
C:\Users\jiahu\OneDrive\Documents\human_detect\work-zone-safety-rgbd-dataset\workzone_rgbd_dataset_wave2\images\3people-garage_003029.png,3people-garage_003029,3people-garage,003029,rgb,3people-garage_003029#1,41.946297,328.221100,163.390640,673.450745,3.642578,3.642578,3-6,lidar_wave2,garage,3people-garage,3people-garage_003029#1,workzone_wave2
C:\Users\jiahu\OneDrive\Documents\human_detect\work-zone-safety-rgbd-dataset\workzone_rgbd_dataset_wave2\images\3people-garage_003029.png,3people-garage_003029,3people-garage,003029,rgb,3people-garage_003029#2,259.966386,369.607293,309.916734,513.008538,8.160156,8.160156,>6,lidar_wave2,garage,3people-garage,3people-garage_003029#2,workzone_wave2
C:\Users\jiahu\OneDrive\Documents\human_detect\work-zone-safety-rgbd-dataset\workzone_rgbd_dataset_wave2\images\3people-garage_003029.png,3people-garage_003029,3people-garage,003029,rgb,3people-garage_003029#3,796.306641,297.273743,959.591309,719.779541,2.662109,2.662109,<3,lidar_wave2,garage,3people-garage,3people-garage_003029#3,workzone_wave2
C:\Users\jiahu\OneDrive\Documents\human_detect\work-zone-safety-rgbd-dataset\workzone_rgbd_dataset_wave2\images\3people-garage_003047.png,3people-garage_003047,3people-garage,003047,rgb,3people-garage_003047#1,48.751274,300.211304,225.783691,719.928650,2.626953,2.626953,<3,lidar_wave2,garage,3people-garage,3people-garage_003047#1,workzone_wave2
C:\Users\jiahu\OneDrive\Documents\human_detect\work-zone-safety-rgbd-dataset\workzone_rgbd_dataset_wave2\images\3people-garage_003047.png,3people-garage_003047,3people-garage,003047,rgb,3people-garage_003047#2,175.230754,369.574677,254.593365,555.774553,5.980469,5.980469,3-6,lidar_wave2,garage,3people-garage,3people-garage_003047#2,workzone_wave2
C:\Users\jiahu\OneDrive\Documents\human_detect\work-zone-safety-rgbd-dataset\workzone_rgbd_dataset_wave2\images\3people-garage_003058.png,3people-garage_003058,3people-garage,003058,rgb,3people-garage_003058#1,81.010803,366.668976,177.010956,582.605225,5.554688,5.554688,3-6,lidar_wave2,garage,3people-garage,3people-garage_003058#1,workzone_wave2
C:\Users\jiahu\OneDrive\Documents\human_detect\work-zone-safety-rgbd-dataset\workzone_rgbd_dataset_wave2\images\3people-garage_003058.png,3people-garage_003058,3people-garage,003058,rgb,3people-garage_003058#2,202.357544,274.643372,368.769379,719.589478,2.044922,2.044922,<3,lidar_wave2,garage,3people-garage,3people-garage_003058#2,workzone_wave2
C:\Users\jiahu\OneDrive\Documents\human_detect\work-zone-safety-rgbd-dataset\workzone_rgbd_dataset_wave2\images\3people-garage_003064.png,3people-garage_003064,3people-garage,003064,rgb,3people-garage_003064#1,12.378330,363.440643,125.747070,605.412598,4.976562,4.976562,3-6,lidar_wave2,garage,3people-garage,3people-garage_003064#1,workzone_wave2
C:\Users\jiahu\OneDrive\Documents\human_detect\work-zone-safety-rgbd-dataset\workzone_rgbd_dataset_wave2\images\3people-garage_003064.png,3people-garage_003064,3people-garage,003064,rgb,3people-garage_003064#2,335.099396,273.646505,496.482232,718.359906,2.050781,2.050781,<3,lidar_wave2,garage,3people-garage,3people-garage_003064#2,workzone_wave2
C:\Users\jiahu\OneDrive\Documents\human_detect\work-zone-safety-rgbd-dataset\workzone_rgbd_dataset_wave2\images\3people-garage_003069.png,3people-garage_003069,3people-garage,003069,rgb,3people-garage_003069#1,0.000000,365.806732,70.713257,605.415710,4.675781,4.675781,3-6,lidar_wave2,garage,3people-garage,3people-garage_003069#1,workzone_wave2
C:\Users\jiahu\OneDrive\Documents\human_detect\work-zone-safety-rgbd-dataset\workzone_rgbd_dataset_wave2\images\3people-garage_003069.png,3people-garage_003069,3people-garage,003069,rgb,3people-garage_003069#2,468.632263,271.956390,631.175049,719.454163,1.952148,1.952148,<3,lidar_wave2,garage,3people-garage,3people-garage_003069#2,workzone_wave2
C:\Users\jiahu\OneDrive\Documents\human_detect\work-zone-safety-rgbd-dataset\workzone_rgbd_dataset_wave2\images\3people-garage_003080.png,3people-garage_003080,3people-garage,003080,rgb,3people-garage_003080#1,675.322510,287.695587,850.746887,719.702698,2.189453,2.189453,<3,lidar_wave2,garage,3people-garage,3people-garage_003080#1,workzone_wave2
C:\Users\jiahu\OneDrive\Documents\human_detect\work-zone-safety-rgbd-dataset\workzone_rgbd_dataset_wave2\images\3people-pave_000001.png,3people-pave_000001,3people-pave,000001,rgb,3people-pave_000001#1,381.845703,395.411865,458.553162,603.570801,5.500000,5.500000,3-6,lidar_wave2,pavement,3people-pave,3people-pave_000001#1,workzone_wave2
C:\Users\jiahu\OneDrive\Documents\human_detect\work-zone-safety-rgbd-dataset\workzone_rgbd_dataset_wave2\images\3people-pave_000011.png,3people-pave_000011,3people-pave,000011,rgb,3people-pave_000011#1,364.132080,397.776306,451.557892,634.673767,4.726562,4.726562,3-6,lidar_wave2,pavement,3people-pave,3people-pave_000011#1,workzone_wave2
C:\Users\jiahu\OneDrive\Documents\human_detect\work-zone-safety-rgbd-dataset\workzone_rgbd_dataset_wave2\images\3people-pave_000029.png,3people-pave_000029,3people-pave,000029,rgb,3people-pave_000029#1,455.378723,384.977173,525.339844,659.621094,4.328125,4.328125,3-6,lidar_wave2,pavement,3people-pave,3people-pave_000029#1,workzone_wave2
C:\Users\jiahu\OneDrive\Documents\human_detect\work-zone-safety-rgbd-dataset\workzone_rgbd_dataset_wave2\images\3people-pave_000029.png,3people-pave_000029,3people-pave,000029,rgb,3people-pave_000029#2,796.937622,403.429962,959.629028,688.029053,0.753418,0.753418,<3,lidar_wave2,pavement,3people-pave,3people-pave_000029#2,workzone_wave2
C:\Users\jiahu\OneDrive\Documents\human_detect\work-zone-safety-rgbd-dataset\workzone_rgbd_dataset_wave2\images\3people-pave_000033.png,3people-pave_000033,3people-pave,000033,rgb,3people-pave_000033#1,475.172150,387.318420,593.413757,651.885498,4.355469,4.355469,3-6,lidar_wave2,pavement,3people-pave,3people-pave_000033#1,workzone_wave2
C:\Users\jiahu\OneDrive\Documents\human_detect\work-zone-safety-rgbd-dataset\workzone_rgbd_dataset_wave2\images\3people-pave_000033.png,3people-pave_000033,3people-pave,000033,rgb,3people-pave_000033#2,623.171448,221.769653,959.908081,719.191223,1.051758,1.051758,<3,lidar_wave2,pavement,3people-pave,3people-pave_000033#2,workzone_wave2
C:\Users\jiahu\OneDrive\Documents\human_detect\work-zone-safety-rgbd-dataset\workzone_rgbd_dataset_wave2\images\3people-pave_000046.png,3people-pave_000046,3people-pave,000046,rgb,3people-pave_000046#1,395.381744,314.897369,616.301025,719.405151,2.255859,2.255859,<3,lidar_wave2,pavement,3people-pave,3people-pave_000046#1,workzone_wave2
C:\Users\jiahu\OneDrive\Documents\human_detect\work-zone-safety-rgbd-dataset\workzone_rgbd_dataset_wave2\images\3people-pave_000046.png,3people-pave_000046,3people-pave,000046,rgb,3people-pave_000046#2,583.314209,390.519470,676.036377,633.259827,4.625000,4.625000,3-6,lidar_wave2,pavement,3people-pave,3people-pave_000046#2,workzone_wave2
C:\Users\jiahu\OneDrive\Documents\human_detect\work-zone-safety-rgbd-dataset\workzone_rgbd_dataset_wave2\images\3people-pave_000057.png,3people-pave_000057,3people-pave,000057,rgb,3people-pave_000057#1,375.393402,350.947174,516.790100,716.056519,3.447266,3.447266,3-6,lidar_wave2,pavement,3people-pave,3people-pave_000057#1,workzone_wave2
C:\Users\jiahu\OneDrive\Documents\human_detect\work-zone-safety-rgbd-dataset\workzone_rgbd_dataset_wave2\images\3people-pave_000057.png,3people-pave_000057,3people-pave,000057,rgb,3people-pave_000057#2,588.755188,391.876831,686.089417,622.950256,5.093750,5.093750,3-6,lidar_wave2,pavement,3people-pave,3people-pave_000057#2,workzone_wave2
C:\Users\jiahu\OneDrive\Documents\human_detect\work-zone-safety-rgbd-dataset\workzone_rgbd_dataset_wave2\images\3people-pave_000057.png,3people-pave_000057,3people-pave,000057,rgb,3people-pave_000057#3,807.047485,343.917023,942.526306,719.654541,2.873047,2.873047,<3,lidar_wave2,pavement,3people-pave,3people-pave_000057#3,workzone_wave2
C:\Users\jiahu\OneDrive\Documents\human_detect\work-zone-safety-rgbd-dataset\workzone_rgbd_dataset_wave2\images\3people-pave_000061.png,3people-pave_000061,3people-pave,000061,rgb,3people-pave_000061#1,382.710022,355.580475,503.193420,687.449524,3.871094,3.871094,3-6,lidar_wave2,pavement,3people-pave,3people-pave_000061#1,workzone_wave2
C:\Users\jiahu\OneDrive\Documents\human_detect\work-zone-safety-rgbd-dataset\workzone_rgbd_dataset_wave2\images\3people-pave_000061.png,3people-pave_000061,3people-pave,000061,rgb,3people-pave_000061#2,595.090576,391.061646,694.714355,616.711304,5.281250,5.281250,3-6,lidar_wave2,pavement,3people-pave,3people-pave_000061#2,workzone_wave2
C:\Users\jiahu\OneDrive\Documents\human_detect\work-zone-safety-rgbd-dataset\workzone_rgbd_dataset_wave2\images\3people-pave_000061.png,3people-pave_000061,3people-pave,000061,rgb,3people-pave_000061#3,740.916504,348.104462,889.349670,719.659668,3.150391,3.150391,3-6,lidar_wave2,pavement,3people-pave,3people-pave_000061#3,workzone_wave2
C:\Users\jiahu\OneDrive\Documents\human_detect\work-zone-safety-rgbd-dataset\workzone_rgbd_dataset_wave2\images\3people-pave_000070.png,3people-pave_000070,3people-pave,000070,rgb,3people-pave_000070#1,393.959747,367.541473,493.073090,632.349670,4.886719,4.886719,3-6,lidar_wave2,pavement,3people-pave,3people-pave_000070#1,workzone_wave2
C:\Users\jiahu\OneDrive\Documents\human_detect\work-zone-safety-rgbd-dataset\workzone_rgbd_dataset_wave2\images\3people-pave_000070.png,3people-pave_000070,3people-pave,000070,rgb,3people-pave_000070#2,563.092529,393.667877,656.648682,589.661743,5.810547,5.810547,3-6,lidar_wave2,pavement,3people-pave,3people-pave_000070#2,workzone_wave2
C:\Users\jiahu\OneDrive\Documents\human_detect\work-zone-safety-rgbd-dataset\workzone_rgbd_dataset_wave2\images\3people-pave_000070.png,3people-pave_000070,3people-pave,000070,rgb,3people-pave_000070#3,674.546875,360.403564,775.306335,693.992432,3.791016,3.791016,3-6,lidar_wave2,pavement,3people-pave,3people-pave_000070#3,workzone_wave2
C:\Users\jiahu\OneDrive\Documents\human_detect\work-zone-safety-rgbd-dataset\workzone_rgbd_dataset_wave2\images\3people-pave_000080.png,3people-pave_000080,3people-pave,000080,rgb,3people-pave_000080#1,374.843384,372.530792,456.780792,592.005249,5.824219,5.824219,3-6,lidar_wave2,pavement,3people-pave,3people-pave_000080#1,workzone_wave2
C:\Users\jiahu\OneDrive\Documents\human_detect\work-zone-safety-rgbd-dataset\workzone_rgbd_dataset_wave2\images\3people-pave_000080.png,3people-pave_000080,3people-pave,000080,rgb,3people-pave_000080#2,535.484253,394.547607,604.001404,562.566833,6.769531,6.769531,>6,lidar_wave2,pavement,3people-pave,3people-pave_000080#2,workzone_wave2
C:\Users\jiahu\OneDrive\Documents\human_detect\work-zone-safety-rgbd-dataset\workzone_rgbd_dataset_wave2\images\3people-pave_000080.png,3people-pave_000080,3people-pave,000080,rgb,3people-pave_000080#3,593.260315,367.076752,687.124573,652.308472,4.494141,4.494141,3-6,lidar_wave2,pavement,3people-pave,3people-pave_000080#3,workzone_wave2
C:\Users\jiahu\OneDrive\Documents\human_detect\work-zone-safety-rgbd-dataset\workzone_rgbd_dataset_wave2\images\3people-pave_000093.png,3people-pave_000093,3people-pave,000093,rgb,3people-pave_000093#1,284.404287,370.696125,366.467707,563.992554,6.000000,6.000000,3-6,lidar_wave2,pavement,3people-pave,3people-pave_000093#1,workzone_wave2
C:\Users\jiahu\OneDrive\Documents\human_detect\work-zone-safety-rgbd-dataset\workzone_rgbd_dataset_wave2\images\3people-pave_000093.png,3people-pave_000093,3people-pave,000093,rgb,3people-pave_000093#2,501.066604,395.843353,559.146560,546.617676,7.332031,7.332031,>6,lidar_wave2,pavement,3people-pave,3people-pave_000093#2,workzone_wave2
C:\Users\jiahu\OneDrive\Documents\human_detect\work-zone-safety-rgbd-dataset\workzone_rgbd_dataset_wave2\images\3people-pave_000093.png,3people-pave_000093,3people-pave,000093,rgb,3people-pave_000093#3,551.672974,373.634033,623.817627,603.446228,5.515625,5.515625,3-6,lidar_wave2,pavement,3people-pave,3people-pave_000093#3,workzone_wave2
C:\Users\jiahu\OneDrive\Documents\human_detect\work-zone-safety-rgbd-dataset\workzone_rgbd_dataset_wave2\images\3people-pave_000100.png,3people-pave_000100,3people-pave,000100,rgb,3people-pave_000100#1,227.864594,373.777222,271.517029,412.768616,,,>6,lidar_wave2,pavement,3people-pave,3people-pave_000100#1,workzone_wave2
C:\Users\jiahu\OneDrive\Documents\human_detect\work-zone-safety-rgbd-dataset\workzone_rgbd_dataset_wave2\images\3people-pave_000100.png,3people-pave_000100,3people-pave,000100,rgb,3people-pave_000100#2,490.061933,388.388134,541.097405,537.682880,8.085938,8.085938,>6,lidar_wave2,pavement,3people-pave,3people-pave_000100#2,workzone_wave2
C:\Users\jiahu\OneDrive\Documents\human_detect\work-zone-safety-rgbd-dataset\workzone_rgbd_dataset_wave2\images\3people-pave_000100.png,3people-pave_000100,3people-pave,000100,rgb,3people-pave_000100#3,534.416809,374.875946,608.431885,582.291748,6.160156,6.160156,>6,lidar_wave2,pavement,3people-pave,3people-pave_000100#3,workzone_wave2
C:\Users\jiahu\OneDrive\Documents\human_detect\work-zone-safety-rgbd-dataset\workzone_rgbd_dataset_wave2\images\3people-pave_000118.png,3people-pave_000118,3people-pave,000118,rgb,3people-pave_000118#1,275.084015,372.826008,319.557939,442.166631,,,3-6,lidar_wave2,pavement,3people-pave,3people-pave_000118#1,workzone_wave2
C:\Users\jiahu\OneDrive\Documents\human_detect\work-zone-safety-rgbd-dataset\workzone_rgbd_dataset_wave2\images\3people-pave_000118.png,3people-pave_000118,3people-pave,000118,rgb,3people-pave_000118#2,385.951660,399.678545,416.721324,521.037292,,,>6,lidar_wave2,pavement,3people-pave,3people-pave_000118#2,workzone_wave2
C:\Users\jiahu\OneDrive\Documents\human_detect\work-zone-safety-rgbd-dataset\workzone_rgbd_dataset_wave2\images\3people-pave_000118.png,3people-pave_000118,3people-pave,000118,rgb,3people-pave_000118#3,537.596130,383.180786,590.795776,547.168579,7.515625,7.515625,>6,lidar_wave2,pavement,3people-pave,3people-pave_000118#3,workzone_wave2
C:\Users\jiahu\OneDrive\Documents\human_detect\work-zone-safety-rgbd-dataset\workzone_rgbd_dataset_wave2\images\3people-pave_000120.png,3people-pave_000120,3people-pave,000120,rgb,3people-pave_000120#1,286.811218,377.653839,332.525604,432.171844,,,3-6,lidar_wave2,pavement,3people-pave,3people-pave_000120#1,workzone_wave2
C:\Users\jiahu\OneDrive\Documents\human_detect\work-zone-safety-rgbd-dataset\workzone_rgbd_dataset_wave2\images\3people-pave_000120.png,3people-pave_000120,3people-pave,000120,rgb,3people-pave_000120#2,355.886200,405.779114,410.187653,523.118042,,,>6,lidar_wave2,pavement,3people-pave,3people-pave_000120#2,workzone_wave2
C:\Users\jiahu\OneDrive\Documents\human_detect\work-zone-safety-rgbd-dataset\workzone_rgbd_dataset_wave2\images\3people-pave_000120.png,3people-pave_000120,3people-pave,000120,rgb,3people-pave_000120#3,541.340576,384.666870,590.808716,547.273865,7.679688,7.679688,>6,lidar_wave2,pavement,3people-pave,3people-pave_000120#3,workzone_wave2
C:\Users\jiahu\OneDrive\Documents\human_detect\work-zone-safety-rgbd-dataset\workzone_rgbd_dataset_wave2\images\3people-pave_000134.png,3people-pave_000134,3people-pave,000134,rgb,3people-pave_000134#1,415.590912,382.604431,475.910431,548.813660,7.269531,7.269531,>6,lidar_wave2,pavement,3people-pave,3people-pave_000134#1,workzone_wave2
C:\Users\jiahu\OneDrive\Documents\human_detect\work-zone-safety-rgbd-dataset\workzone_rgbd_dataset_wave2\images\3people-pave_000134.png,3people-pave_000134,3people-pave,000134,rgb,3people-pave_000134#2,536.596436,384.863617,583.901367,526.708618,9.046875,9.046875,>6,lidar_wave2,pavement,3people-pave,3people-pave_000134#2,workzone_wave2
C:\Users\jiahu\OneDrive\Documents\human_detect\work-zone-safety-rgbd-dataset\workzone_rgbd_dataset_wave2\images\3people-pave_000142.png,3people-pave_000142,3people-pave,000142,rgb,3people-pave_000142#1,478.897064,386.231781,558.974915,543.754822,8.046875,8.046875,>6,lidar_wave2,pavement,3people-pave,3people-pave_000142#1,workzone_wave2
C:\Users\jiahu\OneDrive\Documents\human_detect\work-zone-safety-rgbd-dataset\workzone_rgbd_dataset_wave2\images\3people-pave_000142.png,3people-pave_000142,3people-pave,000142,rgb,3people-pave_000142#2,541.414307,387.751038,581.639038,514.575012,,,>6,lidar_wave2,pavement,3people-pave,3people-pave_000142#2,workzone_wave2
C:\Users\jiahu\OneDrive\Documents\human_detect\work-zone-safety-rgbd-dataset\workzone_rgbd_dataset_wave2\images\3people-pave_000156.png,3people-pave_000156,3people-pave,000156,rgb,3people-pave_000156#1,541.825233,380.649549,600.764566,515.699650,10.523438,10.523438,>6,lidar_wave2,pavement,3people-pave,3people-pave_000156#1,workzone_wave2
C:\Users\jiahu\OneDrive\Documents\human_detect\work-zone-safety-rgbd-dataset\workzone_rgbd_dataset_wave2\images\3people-pave_000156.png,3people-pave_000156,3people-pave,000156,rgb,3people-pave_000156#2,608.283508,378.259491,689.696655,563.576660,7.257812,7.257812,>6,lidar_wave2,pavement,3people-pave,3people-pave_000156#2,workzone_wave2
C:\Users\jiahu\OneDrive\Documents\human_detect\work-zone-safety-rgbd-dataset\workzone_rgbd_dataset_wave2\images\3people-pave_000162.png,3people-pave_000162,3people-pave,000162,rgb,3people-pave_000162#1,550.027188,380.802546,596.213623,498.867554,11.476562,11.476562,>6,lidar_wave2,pavement,3people-pave,3people-pave_000162#1,workzone_wave2
C:\Users\jiahu\OneDrive\Documents\human_detect\work-zone-safety-rgbd-dataset\workzone_rgbd_dataset_wave2\images\3people-pave_000162.png,3people-pave_000162,3people-pave,000162,rgb,3people-pave_000162#2,656.701416,384.030670,752.207886,573.827148,6.738281,6.738281,>6,lidar_wave2,pavement,3people-pave,3people-pave_000162#2,workzone_wave2
C:\Users\jiahu\OneDrive\Documents\human_detect\work-zone-safety-rgbd-dataset\workzone_rgbd_dataset_wave2\images\3people-pave_000170.png,3people-pave_000170,3people-pave,000170,rgb,3people-pave_000170#1,267.769454,385.578759,307.879025,429.640140,,,>6,lidar_wave2,pavement,3people-pave,3people-pave_000170#1,workzone_wave2
C:\Users\jiahu\OneDrive\Documents\human_detect\work-zone-safety-rgbd-dataset\workzone_rgbd_dataset_wave2\images\3people-pave_000170.png,3people-pave_000170,3people-pave,000170,rgb,3people-pave_000170#2,561.565796,391.817993,600.720947,495.732086,11.835938,11.835938,>6,lidar_wave2,pavement,3people-pave,3people-pave_000170#2,workzone_wave2
C:\Users\jiahu\OneDrive\Documents\human_detect\work-zone-safety-rgbd-dataset\workzone_rgbd_dataset_wave2\images\3people-pave_000170.png,3people-pave_000170,3people-pave,000170,rgb,3people-pave_000170#3,711.034973,381.900208,815.614746,607.458496,5.820312,5.820312,3-6,lidar_wave2,pavement,3people-pave,3people-pave_000170#3,workzone_wave2
C:\Users\jiahu\OneDrive\Documents\human_detect\work-zone-safety-rgbd-dataset\workzone_rgbd_dataset_wave2\images\3people-pave_000180.png,3people-pave_000180,3people-pave,000180,rgb,3people-pave_000180#1,315.745056,395.523926,371.237457,562.354858,6.324219,6.324219,>6,lidar_wave2,pavement,3people-pave,3people-pave_000180#1,workzone_wave2
C:\Users\jiahu\OneDrive\Documents\human_detect\work-zone-safety-rgbd-dataset\workzone_rgbd_dataset_wave2\images\3people-pave_000180.png,3people-pave_000180,3people-pave,000180,rgb,3people-pave_000180#2,565.311401,392.908661,597.539978,489.405334,12.000000,12.000000,>6,lidar_wave2,pavement,3people-pave,3people-pave_000180#2,workzone_wave2
C:\Users\jiahu\OneDrive\Documents\human_detect\work-zone-safety-rgbd-dataset\workzone_rgbd_dataset_wave2\images\3people-pave_000180.png,3people-pave_000180,3people-pave,000180,rgb,3people-pave_000180#3,746.827698,369.694458,872.458374,644.766113,4.632812,4.632812,3-6,lidar_wave2,pavement,3people-pave,3people-pave_000180#3,workzone_wave2
C:\Users\jiahu\OneDrive\Documents\human_detect\work-zone-safety-rgbd-dataset\workzone_rgbd_dataset_wave2\images\3people-pave_000196.png,3people-pave_000196,3people-pave,000196,rgb,3people-pave_000196#1,375.176758,403.659027,441.339752,570.320312,6.203125,6.203125,>6,lidar_wave2,pavement,3people-pave,3people-pave_000196#1,workzone_wave2
C:\Users\jiahu\OneDrive\Documents\human_detect\work-zone-safety-rgbd-dataset\workzone_rgbd_dataset_wave2\images\3people-pave_000196.png,3people-pave_000196,3people-pave,000196,rgb,3people-pave_000196#2,565.148399,384.041180,610.131661,490.964212,12.476562,12.476562,>6,lidar_wave2,pavement,3people-pave,3people-pave_000196#2,workzone_wave2
C:\Users\jiahu\OneDrive\Documents\human_detect\work-zone-safety-rgbd-dataset\workzone_rgbd_dataset_wave2\images\3people-pave_000196.png,3people-pave_000196,3people-pave,000196,rgb,3people-pave_000196#3,756.130554,341.858337,947.283508,719.518677,2.912109,2.912109,<3,lidar_wave2,pavement,3people-pave,3people-pave_000196#3,workzone_wave2
C:\Users\jiahu\OneDrive\Documents\human_detect\work-zone-safety-rgbd-dataset\workzone_rgbd_dataset_wave2\images\3people-pave_000204.png,3people-pave_000204,3people-pave,000204,rgb,3people-pave_000204#1,426.478912,395.758667,487.292999,596.792725,5.734375,5.734375,3-6,lidar_wave2,pavement,3people-pave,3people-pave_000204#1,workzone_wave2
C:\Users\jiahu\OneDrive\Documents\human_detect\work-zone-safety-rgbd-dataset\workzone_rgbd_dataset_wave2\images\3people-pave_000204.png,3people-pave_000204,3people-pave,000204,rgb,3people-pave_000204#2,565.807251,396.125610,613.934657,496.488289,12.308594,12.308594,>6,lidar_wave2,pavement,3people-pave,3people-pave_000204#2,workzone_wave2
C:\Users\jiahu\OneDrive\Documents\human_detect\work-zone-safety-rgbd-dataset\workzone_rgbd_dataset_wave2\images\3people-pave_000204.png,3people-pave_000204,3people-pave,000204,rgb,3people-pave_000204#3,798.997192,304.525482,959.367920,719.267212,1.958008,1.958008,<3,lidar_wave2,pavement,3people-pave,3people-pave_000204#3,workzone_wave2
C:\Users\jiahu\OneDrive\Documents\human_detect\work-zone-safety-rgbd-dataset\workzone_rgbd_dataset_wave2\images\3people-pave_000215.png,3people-pave_000215,3people-pave,000215,rgb,3people-pave_000215#1,455.293030,390.035156,541.194214,644.391174,4.703125,4.703125,3-6,lidar_wave2,pavement,3people-pave,3people-pave_000215#1,workzone_wave2
C:\Users\jiahu\OneDrive\Documents\human_detect\work-zone-safety-rgbd-dataset\workzone_rgbd_dataset_wave2\images\3people-pave_000215.png,3people-pave_000215,3people-pave,000215,rgb,3people-pave_000215#2,549.306396,399.101532,577.311646,479.910736,,,>6,lidar_wave2,pavement,3people-pave,3people-pave_000215#2,workzone_wave2
C:\Users\jiahu\OneDrive\Documents\human_detect\work-zone-safety-rgbd-dataset\workzone_rgbd_dataset_wave2\images\3people-pave_000215.png,3people-pave_000215,3people-pave,000215,rgb,3people-pave_000215#3,730.734253,234.740387,959.108521,718.801941,1.177734,1.177734,<3,lidar_wave2,pavement,3people-pave,3people-pave_000215#3,workzone_wave2
C:\Users\jiahu\OneDrive\Documents\human_detect\work-zone-safety-rgbd-dataset\workzone_rgbd_dataset_wave2\images\3people-pave_000228.png,3people-pave_000228,3people-pave,000228,rgb,3people-pave_000228#1,0.572227,174.821869,208.414215,718.072449,0.898926,0.898926,<3,lidar_wave2,pavement,3people-pave,3people-pave_000228#1,workzone_wave2
C:\Users\jiahu\OneDrive\Documents\human_detect\work-zone-safety-rgbd-dataset\workzone_rgbd_dataset_wave2\images\3people-pave_000228.png,3people-pave_000228,3people-pave,000228,rgb,3people-pave_000228#2,443.503693,393.266144,554.520813,696.773499,3.923828,3.923828,3-6,lidar_wave2,pavement,3people-pave,3people-pave_000228#2,workzone_wave2
C:\Users\jiahu\OneDrive\Documents\human_detect\work-zone-safety-rgbd-dataset\workzone_rgbd_dataset_wave2\images\3people-pave_000228.png,3people-pave_000228,3people-pave,000228,rgb,3people-pave_000228#3,527.095276,395.516144,554.232971,448.523804,,,>6,lidar_wave2,pavement,3people-pave,3people-pave_000228#3,workzone_wave2
C:\Users\jiahu\OneDrive\Documents\human_detect\work-zone-safety-rgbd-dataset\workzone_rgbd_dataset_wave2\images\3people-pave_000237.png,3people-pave_000237,3people-pave,000237,rgb,3people-pave_000237#1,431.784091,396.098511,541.656853,702.597669,3.578125,3.578125,3-6,lidar_wave2,pavement,3people-pave,3people-pave_000237#1,workzone_wave2
C:\Users\jiahu\OneDrive\Documents\human_detect\work-zone-safety-rgbd-dataset\workzone_rgbd_dataset_wave2\images\3people-pave_000237.png,3people-pave_000237,3people-pave,000237,rgb,3people-pave_000237#2,521.243952,391.284114,563.840154,493.017994,,,>6,lidar_wave2,pavement,3people-pave,3people-pave_000237#2,workzone_wave2
C:\Users\jiahu\OneDrive\Documents\human_detect\work-zone-safety-rgbd-dataset\workzone_rgbd_dataset_wave2\images\3people-pave_000244.png,3people-pave_000244,3people-pave,000244,rgb,3people-pave_000244#1,438.088715,371.583984,537.877808,699.982178,3.583984,3.583984,3-6,lidar_wave2,pavement,3people-pave,3people-pave_000244#1,workzone_wave2
C:\Users\jiahu\OneDrive\Documents\human_detect\work-zone-safety-rgbd-dataset\workzone_rgbd_dataset_wave2\images\3people-pave_000244.png,3people-pave_000244,3people-pave,000244,rgb,3people-pave_000244#2,533.977844,399.107483,561.413086,484.901184,,,>6,lidar_wave2,pavement,3people-pave,3people-pave_000244#2,workzone_wave2
C:\Users\jiahu\OneDrive\Documents\human_detect\work-zone-safety-rgbd-dataset\workzone_rgbd_dataset_wave2\images\3people-pave_000255.png,3people-pave_000255,3people-pave,000255,rgb,3people-pave_000255#1,0.000000,311.190399,155.891632,720.000000,2.224609,2.224609,<3,lidar_wave2,pavement,3people-pave,3people-pave_000255#1,workzone_wave2
C:\Users\jiahu\OneDrive\Documents\human_detect\work-zone-safety-rgbd-dataset\workzone_rgbd_dataset_wave2\images\3people-pave_000255.png,3people-pave_000255,3people-pave,000255,rgb,3people-pave_000255#2,431.957062,416.321411,538.647644,700.523071,3.564453,3.564453,3-6,lidar_wave2,pavement,3people-pave,3people-pave_000255#2,workzone_wave2
C:\Users\jiahu\OneDrive\Documents\human_detect\work-zone-safety-rgbd-dataset\workzone_rgbd_dataset_wave2\images\3people-pave_000255.png,3people-pave_000255,3people-pave,000255,rgb,3people-pave_000255#3,543.249634,396.452179,574.980286,489.152527,,,>6,lidar_wave2,pavement,3people-pave,3people-pave_000255#3,workzone_wave2
C:\Users\jiahu\OneDrive\Documents\human_detect\work-zone-safety-rgbd-dataset\workzone_rgbd_dataset_wave2\images\3people-pave_000262.png,3people-pave_000262,3people-pave,000262,rgb,3people-pave_000262#1,114.100868,335.540253,275.798187,719.323792,2.957031,2.957031,<3,lidar_wave2,pavement,3people-pave,3people-pave_000262#1,workzone_wave2
C:\Users\jiahu\OneDrive\Documents\human_detect\work-zone-safety-rgbd-dataset\workzone_rgbd_dataset_wave2\images\3people-pave_000262.png,3people-pave_000262,3people-pave,000262,rgb,3people-pave_000262#2,439.202911,376.718079,536.355164,701.098083,3.607422,3.607422,3-6,lidar_wave2,pavement,3people-pave,3people-pave_000262#2,workzone_wave2
C:\Users\jiahu\OneDrive\Documents\human_detect\work-zone-safety-rgbd-dataset\workzone_rgbd_dataset_wave2\images\3people-pave_000262.png,3people-pave_000262,3people-pave,000262,rgb,3people-pave_000262#3,551.871277,395.563873,590.765991,492.308655,,,>6,lidar_wave2,pavement,3people-pave,3people-pave_000262#3,workzone_wave2
C:\Users\jiahu\OneDrive\Documents\human_detect\work-zone-safety-rgbd-dataset\workzone_rgbd_dataset_wave2\images\3people-pave_000270.png,3people-pave_000270,3people-pave,000270,rgb,3people-pave_000270#1,256.953125,353.993347,398.813904,692.398254,3.632812,3.632812,3-6,lidar_wave2,pavement,3people-pave,3people-pave_000270#1,workzone_wave2
C:\Users\jiahu\OneDrive\Documents\human_detect\work-zone-safety-rgbd-dataset\workzone_rgbd_dataset_wave2\images\3people-pave_000270.png,3people-pave_000270,3people-pave,000270,rgb,3people-pave_000270#2,531.249634,379.346191,624.831360,719.954590,3.384766,3.384766,3-6,lidar_wave2,pavement,3people-pave,3people-pave_000270#2,workzone_wave2
C:\Users\jiahu\OneDrive\Documents\human_detect\work-zone-safety-rgbd-dataset\workzone_rgbd_dataset_wave2\images\3people-pave_000289.png,3people-pave_000289,3people-pave,000289,rgb,3people-pave_000289#1,536.967041,371.468536,655.089294,627.569885,4.839844,4.839844,3-6,lidar_wave2,pavement,3people-pave,3people-pave_000289#1,workzone_wave2
C:\Users\jiahu\OneDrive\Documents\human_detect\work-zone-safety-rgbd-dataset\workzone_rgbd_dataset_wave2\images\3people-pave_000289.png,3people-pave_000289,3people-pave,000289,rgb,3people-pave_000289#2,727.458069,378.802185,842.992859,691.359375,3.787109,3.787109,3-6,lidar_wave2,pavement,3people-pave,3people-pave_000289#2,workzone_wave2
C:\Users\jiahu\OneDrive\Documents\human_detect\work-zone-safety-rgbd-dataset\workzone_rgbd_dataset_wave2\images\3people-pave_000293.png,3people-pave_000293,3people-pave,000293,rgb,3people-pave_000293#1,564.686340,391.338867,603.948181,515.078613,10.460938,10.460938,>6,lidar_wave2,pavement,3people-pave,3people-pave_000293#1,workzone_wave2
C:\Users\jiahu\OneDrive\Documents\human_detect\work-zone-safety-rgbd-dataset\workzone_rgbd_dataset_wave2\images\3people-pave_000293.png,3people-pave_000293,3people-pave,000293,rgb,3people-pave_000293#2,586.076106,375.753515,676.074275,621.446539,5.000000,5.000000,3-6,lidar_wave2,pavement,3people-pave,3people-pave_000293#2,workzone_wave2
C:\Users\jiahu\OneDrive\Documents\human_detect\work-zone-safety-rgbd-dataset\workzone_rgbd_dataset_wave2\images\3people-pave_000293.png,3people-pave_000293,3people-pave,000293,rgb,3people-pave_000293#3,739.588867,388.477020,842.607117,670.396240,4.027344,4.027344,3-6,lidar_wave2,pavement,3people-pave,3people-pave_000293#3,workzone_wave2
C:\Users\jiahu\OneDrive\Documents\human_detect\work-zone-safety-rgbd-dataset\workzone_rgbd_dataset_wave2\images\3people-pave_000304.png,3people-pave_000304,3people-pave,000304,rgb,3people-pave_000304#1,545.487915,389.537201,598.526978,527.564575,9.238281,9.238281,>6,lidar_wave2,pavement,3people-pave,3people-pave_000304#1,workzone_wave2
C:\Users\jiahu\OneDrive\Documents\human_detect\work-zone-safety-rgbd-dataset\workzone_rgbd_dataset_wave2\images\3people-pave_000304.png,3people-pave_000304,3people-pave,000304,rgb,3people-pave_000304#2,686.094238,380.476654,769.021790,596.347961,5.367188,5.367188,3-6,lidar_wave2,pavement,3people-pave,3people-pave_000304#2,workzone_wave2
C:\Users\jiahu\OneDrive\Documents\human_detect\work-zone-safety-rgbd-dataset\workzone_rgbd_dataset_wave2\images\3people-pave_000304.png,3people-pave_000304,3people-pave,000304,rgb,3people-pave_000304#3,738.929504,391.230103,823.076172,637.102295,4.699219,4.699219,3-6,lidar_wave2,pavement,3people-pave,3people-pave_000304#3,workzone_wave2
C:\Users\jiahu\OneDrive\Documents\human_detect\work-zone-safety-rgbd-dataset\workzone_rgbd_dataset_wave2\images\3people-pave_000318.png,3people-pave_000318,3people-pave,000318,rgb,3people-pave_000318#1,518.174072,385.668457,587.804138,540.186279,7.740234,7.740234,>6,lidar_wave2,pavement,3people-pave,3people-pave_000318#1,workzone_wave2
C:\Users\jiahu\OneDrive\Documents\human_detect\work-zone-safety-rgbd-dataset\workzone_rgbd_dataset_wave2\images\3people-pave_000318.png,3people-pave_000318,3people-pave,000318,rgb,3people-pave_000318#2,726.617859,395.894379,808.609680,609.327148,5.402344,5.402344,3-6,lidar_wave2,pavement,3people-pave,3people-pave_000318#2,workzone_wave2
C:\Users\jiahu\OneDrive\Documents\human_detect\work-zone-safety-rgbd-dataset\workzone_rgbd_dataset_wave2\images\3people-pave_000318.png,3people-pave_000318,3people-pave,000318,rgb,3people-pave_000318#3,821.728333,380.959076,890.483704,609.976013,5.464844,5.464844,3-6,lidar_wave2,pavement,3people-pave,3people-pave_000318#3,workzone_wave2
C:\Users\jiahu\OneDrive\Documents\human_detect\work-zone-safety-rgbd-dataset\workzone_rgbd_dataset_wave2\images\3people-pave_000328.png,3people-pave_000328,3people-pave,000328,rgb,3people-pave_000328#1,500.757294,382.479675,567.344299,562.305420,7.017578,7.017578,>6,lidar_wave2,pavement,3people-pave,3people-pave_000328#1,workzone_wave2
C:\Users\jiahu\OneDrive\Documents\human_detect\work-zone-safety-rgbd-dataset\workzone_rgbd_dataset_wave2\images\3people-pave_000328.png,3people-pave_000328,3people-pave,000328,rgb,3people-pave_000328#2,728.614990,397.896912,806.691162,586.267273,5.960938,5.960938,3-6,lidar_wave2,pavement,3people-pave,3people-pave_000328#2,workzone_wave2
C:\Users\jiahu\OneDrive\Documents\human_detect\work-zone-safety-rgbd-dataset\workzone_rgbd_dataset_wave2\images\3people-pave_000328.png,3people-pave_000328,3people-pave,000328,rgb,3people-pave_000328#3,862.801392,375.233002,958.646118,619.039185,5.000000,5.000000,3-6,lidar_wave2,pavement,3people-pave,3people-pave_000328#3,workzone_wave2
C:\Users\jiahu\OneDrive\Documents\human_detect\work-zone-safety-rgbd-dataset\workzone_rgbd_dataset_wave2\images\3people-pave_000333.png,3people-pave_000333,3people-pave,000333,rgb,3people-pave_000333#1,473.738525,376.995483,564.708069,575.040894,6.652344,6.652344,>6,lidar_wave2,pavement,3people-pave,3people-pave_000333#1,workzone_wave2
C:\Users\jiahu\OneDrive\Documents\human_detect\work-zone-safety-rgbd-dataset\workzone_rgbd_dataset_wave2\images\3people-pave_000333.png,3people-pave_000333,3people-pave,000333,rgb,3people-pave_000333#2,728.384277,399.955078,808.563232,582.543091,6.230469,6.230469,>6,lidar_wave2,pavement,3people-pave,3people-pave_000333#2,workzone_wave2
C:\Users\jiahu\OneDrive\Documents\human_detect\work-zone-safety-rgbd-dataset\workzone_rgbd_dataset_wave2\images\3people-pave_000333.png,3people-pave_000333,3people-pave,000333,rgb,3people-pave_000333#3,853.684570,378.101929,955.219116,632.298340,4.902344,4.902344,3-6,lidar_wave2,pavement,3people-pave,3people-pave_000333#3,workzone_wave2
C:\Users\jiahu\OneDrive\Documents\human_detect\work-zone-safety-rgbd-dataset\workzone_rgbd_dataset_wave2\images\3people-pave_000340.png,3people-pave_000340,3people-pave,000340,rgb,3people-pave_000340#1,456.830475,375.200226,533.677795,588.319397,5.761719,5.761719,3-6,lidar_wave2,pavement,3people-pave,3people-pave_000340#1,workzone_wave2
C:\Users\jiahu\OneDrive\Documents\human_detect\work-zone-safety-rgbd-dataset\workzone_rgbd_dataset_wave2\images\3people-pave_000340.png,3people-pave_000340,3people-pave,000340,rgb,3people-pave_000340#2,701.753174,399.583923,763.409546,568.086792,6.843750,6.843750,>6,lidar_wave2,pavement,3people-pave,3people-pave_000340#2,workzone_wave2
C:\Users\jiahu\OneDrive\Documents\human_detect\work-zone-safety-rgbd-dataset\workzone_rgbd_dataset_wave2\images\3people-pave_000340.png,3people-pave_000340,3people-pave,000340,rgb,3people-pave_000340#3,837.825439,371.793335,959.296143,669.622070,4.441406,4.441406,3-6,lidar_wave2,pavement,3people-pave,3people-pave_000340#3,workzone_wave2
C:\Users\jiahu\OneDrive\Documents\human_detect\work-zone-safety-rgbd-dataset\workzone_rgbd_dataset_wave2\images\3people-pave_000359.png,3people-pave_000359,3people-pave,000359,rgb,3people-pave_000359#1,378.060303,373.747620,491.108368,664.895569,4.359375,4.359375,3-6,lidar_wave2,pavement,3people-pave,3people-pave_000359#1,workzone_wave2
C:\Users\jiahu\OneDrive\Documents\human_detect\work-zone-safety-rgbd-dataset\workzone_rgbd_dataset_wave2\images\3people-pave_000359.png,3people-pave_000359,3people-pave,000359,rgb,3people-pave_000359#2,547.164673,397.508148,629.494583,556.808730,7.126953,7.126953,>6,lidar_wave2,pavement,3people-pave,3people-pave_000359#2,workzone_wave2
C:\Users\jiahu\OneDrive\Documents\human_detect\work-zone-safety-rgbd-dataset\workzone_rgbd_dataset_wave2\images\3people-pave_000359.png,3people-pave_000359,3people-pave,000359,rgb,3people-pave_000359#3,756.883545,333.300934,959.540283,719.636719,2.689453,2.689453,<3,lidar_wave2,pavement,3people-pave,3people-pave_000359#3,workzone_wave2
C:\Users\jiahu\OneDrive\Documents\human_detect\work-zone-safety-rgbd-dataset\workzone_rgbd_dataset_wave2\images\3people-pave_000361.png,3people-pave_000361,3people-pave,000361,rgb,3people-pave_000361#1,391.649506,362.262115,507.378937,664.806458,4.183594,4.183594,3-6,lidar_wave2,pavement,3people-pave,3people-pave_000361#1,workzone_wave2
C:\Users\jiahu\OneDrive\Documents\human_detect\work-zone-safety-rgbd-dataset\workzone_rgbd_dataset_wave2\images\3people-pave_000361.png,3people-pave_000361,3people-pave,000361,rgb,3people-pave_000361#2,536.167236,399.954712,608.329285,545.591309,7.851562,7.851562,>6,lidar_wave2,pavement,3people-pave,3people-pave_000361#2,workzone_wave2
C:\Users\jiahu\OneDrive\Documents\human_detect\work-zone-safety-rgbd-dataset\workzone_rgbd_dataset_wave2\images\3people-pave_000361.png,3people-pave_000361,3people-pave,000361,rgb,3people-pave_000361#3,737.126160,324.441193,959.321045,719.514221,2.542969,2.542969,<3,lidar_wave2,pavement,3people-pave,3people-pave_000361#3,workzone_wave2
C:\Users\jiahu\OneDrive\Documents\human_detect\work-zone-safety-rgbd-dataset\workzone_rgbd_dataset_wave2\images\3people-pave_000371.png,3people-pave_000371,3people-pave,000371,rgb,3people-pave_000371#1,437.214661,349.573608,577.936035,709.382690,3.558594,3.558594,3-6,lidar_wave2,pavement,3people-pave,3people-pave_000371#1,workzone_wave2
C:\Users\jiahu\OneDrive\Documents\human_detect\work-zone-safety-rgbd-dataset\workzone_rgbd_dataset_wave2\images\3people-pave_000371.png,3people-pave_000371,3people-pave,000371,rgb,3people-pave_000371#2,663.064697,304.144684,844.036438,719.346924,1.800781,1.800781,<3,lidar_wave2,pavement,3people-pave,3people-pave_000371#2,workzone_wave2
C:\Users\jiahu\OneDrive\Documents\human_detect\work-zone-safety-rgbd-dataset\workzone_rgbd_dataset_wave2\images\3people-pave_000383.png,3people-pave_000383,3people-pave,000383,rgb,3people-pave_000383#1,309.386353,299.105225,606.576294,719.303894,1.816406,1.816406,<3,lidar_wave2,pavement,3people-pave,3people-pave_000383#1,workzone_wave2
C:\Users\jiahu\OneDrive\Documents\human_detect\work-zone-safety-rgbd-dataset\workzone_rgbd_dataset_wave2\images\3people-pave_000383.png,3people-pave_000383,3people-pave,000383,rgb,3people-pave_000383#2,573.311157,342.309998,767.298401,717.639404,3.314453,3.314453,3-6,lidar_wave2,pavement,3people-pave,3people-pave_000383#2,workzone_wave2
C:\Users\jiahu\OneDrive\Documents\human_detect\work-zone-safety-rgbd-dataset\workzone_rgbd_dataset_wave2\images\3people-pave_000399.png,3people-pave_000399,3people-pave,000399,rgb,3people-pave_000399#1,325.326874,388.032898,381.911407,573.966797,6.298828,6.298828,>6,lidar_wave2,pavement,3people-pave,3people-pave_000399#1,workzone_wave2
C:\Users\jiahu\OneDrive\Documents\human_detect\work-zone-safety-rgbd-dataset\workzone_rgbd_dataset_wave2\images\3people-pave_000399.png,3people-pave_000399,3people-pave,000399,rgb,3people-pave_000399#2,418.410553,346.614349,567.704956,718.161255,3.287109,3.287109,3-6,lidar_wave2,pavement,3people-pave,3people-pave_000399#2,workzone_wave2
C:\Users\jiahu\OneDrive\Documents\human_detect\work-zone-safety-rgbd-dataset\workzone_rgbd_dataset_wave2\images\3people-pave_000399.png,3people-pave_000399,3people-pave,000399,rgb,3people-pave_000399#3,635.237793,360.745056,759.050964,683.637817,3.996094,3.996094,3-6,lidar_wave2,pavement,3people-pave,3people-pave_000399#3,workzone_wave2
C:\Users\jiahu\OneDrive\Documents\human_detect\work-zone-safety-rgbd-dataset\workzone_rgbd_dataset_wave2\images\3people-pave_000404.png,3people-pave_000404,3people-pave,000404,rgb,3people-pave_000404#1,294.401737,386.687164,368.185727,576.577997,5.558594,5.558594,3-6,lidar_wave2,pavement,3people-pave,3people-pave_000404#1,workzone_wave2
C:\Users\jiahu\OneDrive\Documents\human_detect\work-zone-safety-rgbd-dataset\workzone_rgbd_dataset_wave2\images\3people-pave_000404.png,3people-pave_000404,3people-pave,000404,rgb,3people-pave_000404#2,446.805634,357.639465,568.852478,710.897156,3.650391,3.650391,3-6,lidar_wave2,pavement,3people-pave,3people-pave_000404#2,workzone_wave2
C:\Users\jiahu\OneDrive\Documents\human_detect\work-zone-safety-rgbd-dataset\workzone_rgbd_dataset_wave2\images\3people-pave_000404.png,3people-pave_000404,3people-pave,000404,rgb,3people-pave_000404#3,636.774841,363.262756,750.504761,657.287170,4.347656,4.347656,3-6,lidar_wave2,pavement,3people-pave,3people-pave_000404#3,workzone_wave2
C:\Users\jiahu\OneDrive\Documents\human_detect\work-zone-safety-rgbd-dataset\workzone_rgbd_dataset_wave2\images\3people-pave_000417.png,3people-pave_000417,3people-pave,000417,rgb,3people-pave_000417#1,462.415558,370.414856,555.617798,632.106445,4.917969,4.917969,3-6,lidar_wave2,pavement,3people-pave,3people-pave_000417#1,workzone_wave2
C:\Users\jiahu\OneDrive\Documents\human_detect\work-zone-safety-rgbd-dataset\workzone_rgbd_dataset_wave2\images\3people-pave_000417.png,3people-pave_000417,3people-pave,000417,rgb,3people-pave_000417#2,626.263794,375.008881,714.860657,610.207642,5.335938,5.335938,3-6,lidar_wave2,pavement,3people-pave,3people-pave_000417#2,workzone_wave2
C:\Users\jiahu\OneDrive\Documents\human_detect\work-zone-safety-rgbd-dataset\workzone_rgbd_dataset_wave2\images\3people-pave_000420.png,3people-pave_000420,3people-pave,000420,rgb,3people-pave_000420#1,460.675507,369.475159,551.643555,615.171448,5.167969,5.167969,3-6,lidar_wave2,pavement,3people-pave,3people-pave_000420#1,workzone_wave2
C:\Users\jiahu\OneDrive\Documents\human_detect\work-zone-safety-rgbd-dataset\workzone_rgbd_dataset_wave2\images\3people-pave_000420.png,3people-pave_000420,3people-pave,000420,rgb,3people-pave_000420#2,614.971985,374.762329,697.705322,595.422974,5.609375,5.609375,3-6,lidar_wave2,pavement,3people-pave,3people-pave_000420#2,workzone_wave2
C:\Users\jiahu\OneDrive\Documents\human_detect\work-zone-safety-rgbd-dataset\workzone_rgbd_dataset_wave2\images\3people-pave_000437.png,3people-pave_000437,3people-pave,000437,rgb,3people-pave_000437#1,442.712860,377.499664,509.196808,561.601196,6.750000,6.750000,>6,lidar_wave2,pavement,3people-pave,3people-pave_000437#1,workzone_wave2
C:\Users\jiahu\OneDrive\Documents\human_detect\work-zone-safety-rgbd-dataset\workzone_rgbd_dataset_wave2\images\3people-pave_000437.png,3people-pave_000437,3people-pave,000437,rgb,3people-pave_000437#2,602.617310,379.259766,679.286865,561.589233,7.183594,7.183594,>6,lidar_wave2,pavement,3people-pave,3people-pave_000437#2,workzone_wave2
C:\Users\jiahu\OneDrive\Documents\human_detect\work-zone-safety-rgbd-dataset\workzone_rgbd_dataset_wave2\images\3people-pave_000441.png,3people-pave_000441,3people-pave,000441,rgb,3people-pave_000441#1,275.761431,384.202310,315.369912,436.035109,,,>6,lidar_wave2,pavement,3people-pave,3people-pave_000441#1,workzone_wave2
C:\Users\jiahu\OneDrive\Documents\human_detect\work-zone-safety-rgbd-dataset\workzone_rgbd_dataset_wave2\images\3people-pave_000441.png,3people-pave_000441,3people-pave,000441,rgb,3people-pave_000441#2,450.794769,378.348755,496.272766,561.828308,6.689453,6.689453,>6,lidar_wave2,pavement,3people-pave,3people-pave_000441#2,workzone_wave2
C:\Users\jiahu\OneDrive\Documents\human_detect\work-zone-safety-rgbd-dataset\workzone_rgbd_dataset_wave2\images\3people-pave_000441.png,3people-pave_000441,3people-pave,000441,rgb,3people-pave_000441#3,615.245911,381.291046,674.022217,556.735291,7.441406,7.441406,>6,lidar_wave2,pavement,3people-pave,3people-pave_000441#3,workzone_wave2
C:\Users\jiahu\OneDrive\Documents\human_detect\work-zone-safety-rgbd-dataset\workzone_rgbd_dataset_wave2\images\3people-pave_000455.png,3people-pave_000455,3people-pave,000455,rgb,3people-pave_000455#1,339.437439,394.413757,387.663025,552.803650,7.216797,7.216797,>6,lidar_wave2,pavement,3people-pave,3people-pave_000455#1,workzone_wave2
C:\Users\jiahu\OneDrive\Documents\human_detect\work-zone-safety-rgbd-dataset\workzone_rgbd_dataset_wave2\images\3people-pave_000455.png,3people-pave_000455,3people-pave,000455,rgb,3people-pave_000455#2,487.145630,381.048340,553.370911,568.809143,6.863281,6.863281,>6,lidar_wave2,pavement,3people-pave,3people-pave_000455#2,workzone_wave2
C:\Users\jiahu\OneDrive\Documents\human_detect\work-zone-safety-rgbd-dataset\workzone_rgbd_dataset_wave2\images\3people-pave_000455.png,3people-pave_000455,3people-pave,000455,rgb,3people-pave_000455#3,615.314758,383.253967,668.779419,533.342102,8.617188,8.617188,>6,lidar_wave2,pavement,3people-pave,3people-pave_000455#3,workzone_wave2
C:\Users\jiahu\OneDrive\Documents\human_detect\work-zone-safety-rgbd-dataset\workzone_rgbd_dataset_wave2\images\3people-pave_000463.png,3people-pave_000463,3people-pave,000463,rgb,3people-pave_000463#1,384.311462,394.301697,436.875549,555.216492,7.027344,7.027344,>6,lidar_wave2,pavement,3people-pave,3people-pave_000463#1,workzone_wave2
C:\Users\jiahu\OneDrive\Documents\human_detect\work-zone-safety-rgbd-dataset\workzone_rgbd_dataset_wave2\images\3people-pave_000463.png,3people-pave_000463,3people-pave,000463,rgb,3people-pave_000463#2,498.168549,376.011261,579.981873,581.247986,6.226562,6.226562,>6,lidar_wave2,pavement,3people-pave,3people-pave_000463#2,workzone_wave2
C:\Users\jiahu\OneDrive\Documents\human_detect\work-zone-safety-rgbd-dataset\workzone_rgbd_dataset_wave2\images\3people-pave_000463.png,3people-pave_000463,3people-pave,000463,rgb,3people-pave_000463#3,601.442383,387.009979,653.019348,524.150085,9.164062,9.164062,>6,lidar_wave2,pavement,3people-pave,3people-pave_000463#3,workzone_wave2
C:\Users\jiahu\OneDrive\Documents\human_detect\work-zone-safety-rgbd-dataset\workzone_rgbd_dataset_wave2\images\3people-pave_000473.png,3people-pave_000473,3people-pave,000473,rgb,3people-pave_000473#1,439.556763,395.732574,524.789612,570.858093,6.574219,6.574219,>6,lidar_wave2,pavement,3people-pave,3people-pave_000473#1,workzone_wave2
C:\Users\jiahu\OneDrive\Documents\human_detect\work-zone-safety-rgbd-dataset\workzone_rgbd_dataset_wave2\images\3people-pave_000473.png,3people-pave_000473,3people-pave,000473,rgb,3people-pave_000473#2,560.298035,376.962799,657.171265,613.902161,5.277344,5.277344,3-6,lidar_wave2,pavement,3people-pave,3people-pave_000473#2,workzone_wave2
C:\Users\jiahu\OneDrive\Documents\human_detect\work-zone-safety-rgbd-dataset\workzone_rgbd_dataset_wave2\images\3people-pave_000482.png,3people-pave_000482,3people-pave,000482,rgb,3people-pave_000482#1,554.339966,388.785919,605.564087,580.348083,6.273438,6.273438,>6,lidar_wave2,pavement,3people-pave,3people-pave_000482#1,workzone_wave2
C:\Users\jiahu\OneDrive\Documents\human_detect\work-zone-safety-rgbd-dataset\workzone_rgbd_dataset_wave2\images\3people-pave_000482.png,3people-pave_000482,3people-pave,000482,rgb,3people-pave_000482#2,638.201355,368.832581,759.493713,655.051147,4.589844,4.589844,3-6,lidar_wave2,pavement,3people-pave,3people-pave_000482#2,workzone_wave2
C:\Users\jiahu\OneDrive\Documents\human_detect\work-zone-safety-rgbd-dataset\workzone_rgbd_dataset_wave2\images\3people-pave_000492.png,3people-pave_000492,3people-pave,000492,rgb,3people-pave_000492#1,547.519220,379.511321,598.954273,502.503496,11.460938,11.460938,>6,lidar_wave2,pavement,3people-pave,3people-pave_000492#1,workzone_wave2
C:\Users\jiahu\OneDrive\Documents\human_detect\work-zone-safety-rgbd-dataset\workzone_rgbd_dataset_wave2\images\3people-pave_000492.png,3people-pave_000492,3people-pave,000492,rgb,3people-pave_000492#2,659.205261,397.910522,717.006042,592.350037,5.828125,5.828125,3-6,lidar_wave2,pavement,3people-pave,3people-pave_000492#2,workzone_wave2
C:\Users\jiahu\OneDrive\Documents\human_detect\work-zone-safety-rgbd-dataset\workzone_rgbd_dataset_wave2\images\3people-pave_000492.png,3people-pave_000492,3people-pave,000492,rgb,3people-pave_000492#3,694.527893,356.548950,846.201294,719.114319,3.683594,3.683594,3-6,lidar_wave2,pavement,3people-pave,3people-pave_000492#3,workzone_wave2
C:\Users\jiahu\OneDrive\Documents\human_detect\work-zone-safety-rgbd-dataset\workzone_rgbd_dataset_wave2\images\3people-pave_000505.png,3people-pave_000505,3people-pave,000505,rgb,3people-pave_000505#1,531.618269,384.490540,574.078585,489.244635,,,>6,lidar_wave2,pavement,3people-pave,3people-pave_000505#1,workzone_wave2
C:\Users\jiahu\OneDrive\Documents\human_detect\work-zone-safety-rgbd-dataset\workzone_rgbd_dataset_wave2\images\3people-pave_000505.png,3people-pave_000505,3people-pave,000505,rgb,3people-pave_000505#2,590.573242,333.595612,712.705505,719.002625,2.564453,2.564453,<3,lidar_wave2,pavement,3people-pave,3people-pave_000505#2,workzone_wave2
C:\Users\jiahu\OneDrive\Documents\human_detect\work-zone-safety-rgbd-dataset\workzone_rgbd_dataset_wave2\images\3people-pave_000505.png,3people-pave_000505,3people-pave,000505,rgb,3people-pave_000505#3,776.351624,396.094849,840.186951,610.699097,5.496094,5.496094,3-6,lidar_wave2,pavement,3people-pave,3people-pave_000505#3,workzone_wave2
C:\Users\jiahu\OneDrive\Documents\human_detect\work-zone-safety-rgbd-dataset\workzone_rgbd_dataset_wave2\images\3people-pave_000511.png,3people-pave_000511,3people-pave,000511,rgb,3people-pave_000511#1,412.597046,305.328552,557.540405,719.357483,2.185547,2.185547,<3,lidar_wave2,pavement,3people-pave,3people-pave_000511#1,workzone_wave2
C:\Users\jiahu\OneDrive\Documents\human_detect\work-zone-safety-rgbd-dataset\workzone_rgbd_dataset_wave2\images\3people-pave_000511.png,3people-pave_000511,3people-pave,000511,rgb,3people-pave_000511#2,816.724976,399.015015,912.651550,618.089417,5.167969,5.167969,3-6,lidar_wave2,pavement,3people-pave,3people-pave_000511#2,workzone_wave2
C:\Users\jiahu\OneDrive\Documents\human_detect\work-zone-safety-rgbd-dataset\workzone_rgbd_dataset_wave2\images\3people-pave_000528.png,3people-pave_000528,3people-pave,000528,rgb,3people-pave_000528#1,0.254539,280.231750,92.020729,717.168152,1.967773,1.967773,<3,lidar_wave2,pavement,3people-pave,3people-pave_000528#1,workzone_wave2
C:\Users\jiahu\OneDrive\Documents\human_detect\work-zone-safety-rgbd-dataset\workzone_rgbd_dataset_wave2\images\3people-pave_000528.png,3people-pave_000528,3people-pave,000528,rgb,3people-pave_000528#2,521.816956,392.747864,552.713623,478.801758,,,>6,lidar_wave2,pavement,3people-pave,3people-pave_000528#2,workzone_wave2
C:\Users\jiahu\OneDrive\Documents\human_detect\work-zone-safety-rgbd-dataset\workzone_rgbd_dataset_wave2\images\3people-pave_000545.png,3people-pave_000545,3people-pave,000545,rgb,3people-pave_000545#1,0.196930,256.698334,237.579346,719.598572,1.380859,1.380859,<3,lidar_wave2,pavement,3people-pave,3people-pave_000545#1,workzone_wave2
C:\Users\jiahu\OneDrive\Documents\human_detect\work-zone-safety-rgbd-dataset\workzone_rgbd_dataset_wave2\images\3people-pave_000545.png,3people-pave_000545,3people-pave,000545,rgb,3people-pave_000545#2,556.884583,401.247528,594.506165,478.838287,,,>6,lidar_wave2,pavement,3people-pave,3people-pave_000545#2,workzone_wave2
C:\Users\jiahu\OneDrive\Documents\human_detect\work-zone-safety-rgbd-dataset\workzone_rgbd_dataset_wave2\images\3people-pave_000553.png,3people-pave_000553,3people-pave,000553,rgb,3people-pave_000553#1,326.842682,304.299225,492.691406,719.041138,1.894531,1.894531,<3,lidar_wave2,pavement,3people-pave,3people-pave_000553#1,workzone_wave2
C:\Users\jiahu\OneDrive\Documents\human_detect\work-zone-safety-rgbd-dataset\workzone_rgbd_dataset_wave2\images\3people-pave_000553.png,3people-pave_000553,3people-pave,000553,rgb,3people-pave_000553#2,588.485229,401.223175,619.794128,480.867279,,,>6,lidar_wave2,pavement,3people-pave,3people-pave_000553#2,workzone_wave2
C:\Users\jiahu\OneDrive\Documents\human_detect\work-zone-safety-rgbd-dataset\workzone_rgbd_dataset_wave2\images\3people-pave_000560.png,3people-pave_000560,3people-pave,000560,rgb,3people-pave_000560#1,487.497253,322.906860,671.228943,719.496277,2.328125,2.328125,<3,lidar_wave2,pavement,3people-pave,3people-pave_000560#1,workzone_wave2
C:\Users\jiahu\OneDrive\Documents\human_detect\work-zone-safety-rgbd-dataset\workzone_rgbd_dataset_wave2\images\3people-pave_000577.png,3people-pave_000577,3people-pave,000577,rgb,3people-pave_000577#1,580.793579,399.283081,614.378601,493.364319,,,>6,lidar_wave2,pavement,3people-pave,3people-pave_000577#1,workzone_wave2
C:\Users\jiahu\OneDrive\Documents\human_detect\work-zone-safety-rgbd-dataset\workzone_rgbd_dataset_wave2\images\3people-pave_000577.png,3people-pave_000577,3people-pave,000577,rgb,3people-pave_000577#2,617.371460,353.440247,742.196289,696.214661,3.726562,3.726562,3-6,lidar_wave2,pavement,3people-pave,3people-pave_000577#2,workzone_wave2
C:\Users\jiahu\OneDrive\Documents\human_detect\work-zone-safety-rgbd-dataset\workzone_rgbd_dataset_wave2\images\3people-pave_000577.png,3people-pave_000577,3people-pave,000577,rgb,3people-pave_000577#3,880.048754,402.543391,960.000000,596.339698,5.689453,5.689453,3-6,lidar_wave2,pavement,3people-pave,3people-pave_000577#3,workzone_wave2
C:\Users\jiahu\OneDrive\Documents\human_detect\work-zone-safety-rgbd-dataset\workzone_rgbd_dataset_wave2\images\3people-pave_000582.png,3people-pave_000582,3people-pave,000582,rgb,3people-pave_000582#1,565.856033,393.697266,612.855875,499.107195,12.226562,12.226562,>6,lidar_wave2,pavement,3people-pave,3people-pave_000582#1,workzone_wave2
C:\Users\jiahu\OneDrive\Documents\human_detect\work-zone-safety-rgbd-dataset\workzone_rgbd_dataset_wave2\images\3people-pave_000582.png,3people-pave_000582,3people-pave,000582,rgb,3people-pave_000582#2,634.309570,359.690063,763.095886,669.386780,4.128906,4.128906,3-6,lidar_wave2,pavement,3people-pave,3people-pave_000582#2,workzone_wave2
C:\Users\jiahu\OneDrive\Documents\human_detect\work-zone-safety-rgbd-dataset\workzone_rgbd_dataset_wave2\images\3people-pave_000582.png,3people-pave_000582,3people-pave,000582,rgb,3people-pave_000582#3,820.753052,411.063995,913.256836,598.727051,6.007812,6.007812,>6,lidar_wave2,pavement,3people-pave,3people-pave_000582#3,workzone_wave2
C:\Users\jiahu\OneDrive\Documents\human_detect\work-zone-safety-rgbd-dataset\workzone_rgbd_dataset_wave2\images\3people-pave_000591.png,3people-pave_000591,3people-pave,000591,rgb,3people-pave_000591#1,563.549561,393.727234,598.678040,499.225189,,,>6,lidar_wave2,pavement,3people-pave,3people-pave_000591#1,workzone_wave2
C:\Users\jiahu\OneDrive\Documents\human_detect\work-zone-safety-rgbd-dataset\workzone_rgbd_dataset_wave2\images\3people-pave_000591.png,3people-pave_000591,3people-pave,000591,rgb,3people-pave_000591#2,648.684875,369.899353,750.647705,633.051392,4.800781,4.800781,3-6,lidar_wave2,pavement,3people-pave,3people-pave_000591#2,workzone_wave2
C:\Users\jiahu\OneDrive\Documents\human_detect\work-zone-safety-rgbd-dataset\workzone_rgbd_dataset_wave2\images\3people-pave_000591.png,3people-pave_000591,3people-pave,000591,rgb,3people-pave_000591#3,726.247684,400.355072,791.040222,591.459522,7.863281,7.863281,>6,lidar_wave2,pavement,3people-pave,3people-pave_000591#3,workzone_wave2
C:\Users\jiahu\OneDrive\Documents\human_detect\work-zone-safety-rgbd-dataset\workzone_rgbd_dataset_wave2\images\3people-pave_000604.png,3people-pave_000604,3people-pave,000604,rgb,3people-pave_000604#1,529.388306,389.473297,620.381836,581.689514,6.232422,6.232422,>6,lidar_wave2,pavement,3people-pave,3people-pave_000604#1,workzone_wave2
C:\Users\jiahu\OneDrive\Documents\human_detect\work-zone-safety-rgbd-dataset\workzone_rgbd_dataset_wave2\images\3people-pave_000604.png,3people-pave_000604,3people-pave,000604,rgb,3people-pave_000604#2,651.891785,374.582947,724.168579,599.639160,5.628906,5.628906,3-6,lidar_wave2,pavement,3people-pave,3people-pave_000604#2,workzone_wave2
C:\Users\jiahu\OneDrive\Documents\human_detect\work-zone-safety-rgbd-dataset\workzone_rgbd_dataset_wave2\images\3people-pave_000619.png,3people-pave_000619,3people-pave,000619,rgb,3people-pave_000619#1,391.454865,400.624054,437.564301,571.017761,6.324219,6.324219,>6,lidar_wave2,pavement,3people-pave,3people-pave_000619#1,workzone_wave2
C:\Users\jiahu\OneDrive\Documents\human_detect\work-zone-safety-rgbd-dataset\workzone_rgbd_dataset_wave2\images\3people-pave_000619.png,3people-pave_000619,3people-pave,000619,rgb,3people-pave_000619#2,534.178162,388.027252,586.752502,531.261780,8.925781,8.925781,>6,lidar_wave2,pavement,3people-pave,3people-pave_000619#2,workzone_wave2
C:\Users\jiahu\OneDrive\Documents\human_detect\work-zone-safety-rgbd-dataset\workzone_rgbd_dataset_wave2\images\3people-pave_000619.png,3people-pave_000619,3people-pave,000619,rgb,3people-pave_000619#3,614.575989,372.227814,705.733398,612.330322,5.261719,5.261719,3-6,lidar_wave2,pavement,3people-pave,3people-pave_000619#3,workzone_wave2
C:\Users\jiahu\OneDrive\Documents\human_detect\work-zone-safety-rgbd-dataset\workzone_rgbd_dataset_wave2\images\3people-pave_000625.png,3people-pave_000625,3people-pave,000625,rgb,3people-pave_000625#1,325.801392,388.583862,381.198853,570.551575,6.332031,6.332031,>6,lidar_wave2,pavement,3people-pave,3people-pave_000625#1,workzone_wave2
C:\Users\jiahu\OneDrive\Documents\human_detect\work-zone-safety-rgbd-dataset\workzone_rgbd_dataset_wave2\images\3people-pave_000625.png,3people-pave_000625,3people-pave,000625,rgb,3people-pave_000625#2,534.536499,386.649933,580.574707,540.230286,8.007812,8.007812,>6,lidar_wave2,pavement,3people-pave,3people-pave_000625#2,workzone_wave2
C:\Users\jiahu\OneDrive\Documents\human_detect\work-zone-safety-rgbd-dataset\workzone_rgbd_dataset_wave2\images\3people-pave_000625.png,3people-pave_000625,3people-pave,000625,rgb,3people-pave_000625#3,584.746948,370.490570,692.386414,641.373596,4.929688,4.929688,3-6,lidar_wave2,pavement,3people-pave,3people-pave_000625#3,workzone_wave2
C:\Users\jiahu\OneDrive\Documents\human_detect\work-zone-safety-rgbd-dataset\workzone_rgbd_dataset_wave2\images\3people-pave_000631.png,3people-pave_000631,3people-pave,000631,rgb,3people-pave_000631#1,285.721154,375.422882,346.948792,463.980832,,,3-6,lidar_wave2,pavement,3people-pave,3people-pave_000631#1,workzone_wave2
C:\Users\jiahu\OneDrive\Documents\human_detect\work-zone-safety-rgbd-dataset\workzone_rgbd_dataset_wave2\images\3people-pave_000631.png,3people-pave_000631,3people-pave,000631,rgb,3people-pave_000631#2,536.739502,387.087616,591.973083,547.719910,7.736328,7.736328,>6,lidar_wave2,pavement,3people-pave,3people-pave_000631#2,workzone_wave2
C:\Users\jiahu\OneDrive\Documents\human_detect\work-zone-safety-rgbd-dataset\workzone_rgbd_dataset_wave2\images\3people-pave_000631.png,3people-pave_000631,3people-pave,000631,rgb,3people-pave_000631#3,579.624756,363.358856,671.957520,655.504395,4.335938,4.335938,3-6,lidar_wave2,pavement,3people-pave,3people-pave_000631#3,workzone_wave2
C:\Users\jiahu\OneDrive\Documents\human_detect\work-zone-safety-rgbd-dataset\workzone_rgbd_dataset_wave2\images\3people-pave_000648.png,3people-pave_000648,3people-pave,000648,rgb,3people-pave_000648#1,263.918828,377.074135,310.069320,439.765811,,,3-6,lidar_wave2,pavement,3people-pave,3people-pave_000648#1,workzone_wave2
C:\Users\jiahu\OneDrive\Documents\human_detect\work-zone-safety-rgbd-dataset\workzone_rgbd_dataset_wave2\images\3people-pave_000648.png,3people-pave_000648,3people-pave,000648,rgb,3people-pave_000648#2,496.952271,339.770538,605.624451,719.616516,3.001953,3.001953,3-6,lidar_wave2,pavement,3people-pave,3people-pave_000648#2,workzone_wave2
C:\Users\jiahu\OneDrive\Documents\human_detect\work-zone-safety-rgbd-dataset\workzone_rgbd_dataset_wave2\images\3people-pave_000648.png,3people-pave_000648,3people-pave,000648,rgb,3people-pave_000648#3,589.227234,378.401581,651.953674,595.214294,5.875000,5.875000,3-6,lidar_wave2,pavement,3people-pave,3people-pave_000648#3,workzone_wave2
C:\Users\jiahu\OneDrive\Documents\human_detect\work-zone-safety-rgbd-dataset\workzone_rgbd_dataset_wave2\images\3people-pave_000653.png,3people-pave_000653,3people-pave,000653,rgb,3people-pave_000653#1,284.335144,389.536285,341.870544,500.247345,4.443359,4.443359,3-6,lidar_wave2,pavement,3people-pave,3people-pave_000653#1,workzone_wave2
C:\Users\jiahu\OneDrive\Documents\human_detect\work-zone-safety-rgbd-dataset\workzone_rgbd_dataset_wave2\images\3people-pave_000653.png,3people-pave_000653,3people-pave,000653,rgb,3people-pave_000653#2,440.661896,329.190582,548.748230,718.941895,2.556641,2.556641,<3,lidar_wave2,pavement,3people-pave,3people-pave_000653#2,workzone_wave2
C:\Users\jiahu\OneDrive\Documents\human_detect\work-zone-safety-rgbd-dataset\workzone_rgbd_dataset_wave2\images\3people-pave_000653.png,3people-pave_000653,3people-pave,000653,rgb,3people-pave_000653#3,602.003357,375.315186,682.406494,619.920105,5.320312,5.320312,3-6,lidar_wave2,pavement,3people-pave,3people-pave_000653#3,workzone_wave2
C:\Users\jiahu\OneDrive\Documents\human_detect\work-zone-safety-rgbd-dataset\workzone_rgbd_dataset_wave2\images\3people-pave_000669.png,3people-pave_000669,3people-pave,000669,rgb,3people-pave_000669#1,120.607727,297.691040,310.522369,719.111938,1.668945,1.668945,<3,lidar_wave2,pavement,3people-pave,3people-pave_000669#1,workzone_wave2
C:\Users\jiahu\OneDrive\Documents\human_detect\work-zone-safety-rgbd-dataset\workzone_rgbd_dataset_wave2\images\3people-pave_000669.png,3people-pave_000669,3people-pave,000669,rgb,3people-pave_000669#2,373.871002,392.264557,464.145294,610.408875,5.291016,5.291016,3-6,lidar_wave2,pavement,3people-pave,3people-pave_000669#2,workzone_wave2
C:\Users\jiahu\OneDrive\Documents\human_detect\work-zone-safety-rgbd-dataset\workzone_rgbd_dataset_wave2\images\3people-pave_000669.png,3people-pave_000669,3people-pave,000669,rgb,3people-pave_000669#3,757.682922,362.888306,904.379517,711.561768,3.689453,3.689453,3-6,lidar_wave2,pavement,3people-pave,3people-pave_000669#3,workzone_wave2
C:\Users\jiahu\OneDrive\Documents\human_detect\work-zone-safety-rgbd-dataset\workzone_rgbd_dataset_wave2\images\3people-pave_000677.png,3people-pave_000677,3people-pave,000677,rgb,3people-pave_000677#1,2.028236,292.704895,225.378128,720.000000,1.537598,1.537598,<3,lidar_wave2,pavement,3people-pave,3people-pave_000677#1,workzone_wave2
C:\Users\jiahu\OneDrive\Documents\human_detect\work-zone-safety-rgbd-dataset\workzone_rgbd_dataset_wave2\images\3people-pave_000677.png,3people-pave_000677,3people-pave,000677,rgb,3people-pave_000677#2,431.926483,391.653381,534.672607,632.334351,4.722656,4.722656,3-6,lidar_wave2,pavement,3people-pave,3people-pave_000677#2,workzone_wave2
C:\Users\jiahu\OneDrive\Documents\human_detect\work-zone-safety-rgbd-dataset\workzone_rgbd_dataset_wave2\images\3people-pave_000677.png,3people-pave_000677,3people-pave,000677,rgb,3people-pave_000677#3,856.966370,348.818329,959.869812,720.000000,2.955078,2.955078,<3,lidar_wave2,pavement,3people-pave,3people-pave_000677#3,workzone_wave2
C:\Users\jiahu\OneDrive\Documents\human_detect\work-zone-safety-rgbd-dataset\workzone_rgbd_dataset_wave2\images\3people-pave_000688.png,3people-pave_000688,3people-pave,000688,rgb,3people-pave_000688#1,44.764343,314.374298,340.940308,720.000000,1.348633,1.348633,<3,lidar_wave2,pavement,3people-pave,3people-pave_000688#1,workzone_wave2
C:\Users\jiahu\OneDrive\Documents\human_detect\work-zone-safety-rgbd-dataset\workzone_rgbd_dataset_wave2\images\3people-pave_000688.png,3people-pave_000688,3people-pave,000688,rgb,3people-pave_000688#2,577.456604,391.993286,718.709473,666.125610,4.015625,4.015625,3-6,lidar_wave2,pavement,3people-pave,3people-pave_000688#2,workzone_wave2
C:\Users\jiahu\OneDrive\Documents\human_detect\work-zone-safety-rgbd-dataset\workzone_rgbd_dataset_wave2\images\3people-pave_000688.png,3people-pave_000688,3people-pave,000688,rgb,3people-pave_000688#3,867.469116,335.004547,959.825684,719.326904,2.470703,2.470703,<3,lidar_wave2,pavement,3people-pave,3people-pave_000688#3,workzone_wave2
C:\Users\jiahu\OneDrive\Documents\human_detect\work-zone-safety-rgbd-dataset\workzone_rgbd_dataset_wave2\images\3people-pave_000693.png,3people-pave_000693,3people-pave,000693,rgb,3people-pave_000693#1,54.744507,447.745056,402.957550,719.541321,1.429688,1.429688,<3,lidar_wave2,pavement,3people-pave,3people-pave_000693#1,workzone_wave2
C:\Users\jiahu\OneDrive\Documents\human_detect\work-zone-safety-rgbd-dataset\workzone_rgbd_dataset_wave2\images\3people-pave_000693.png,3people-pave_000693,3people-pave,000693,rgb,3people-pave_000693#2,670.823792,396.010254,830.529663,688.679443,3.938477,3.938477,3-6,lidar_wave2,pavement,3people-pave,3people-pave_000693#2,workzone_wave2
C:\Users\jiahu\OneDrive\Documents\human_detect\work-zone-safety-rgbd-dataset\workzone_rgbd_dataset_wave2\images\3people-pave_000693.png,3people-pave_000693,3people-pave,000693,rgb,3people-pave_000693#3,860.650330,319.146210,959.904846,719.352722,2.203125,2.203125,<3,lidar_wave2,pavement,3people-pave,3people-pave_000693#3,workzone_wave2
C:\Users\jiahu\OneDrive\Documents\human_detect\work-zone-safety-rgbd-dataset\workzone_rgbd_dataset_wave2\images\3people-pave_000700.png,3people-pave_000700,3people-pave,000700,rgb,3people-pave_000700#1,89.641350,608.218933,383.877167,719.584961,1.522461,1.522461,<3,lidar_wave2,pavement,3people-pave,3people-pave_000700#1,workzone_wave2
C:\Users\jiahu\OneDrive\Documents\human_detect\work-zone-safety-rgbd-dataset\workzone_rgbd_dataset_wave2\images\3people-pave_000700.png,3people-pave_000700,3people-pave,000700,rgb,3people-pave_000700#2,691.152283,323.878143,831.069946,719.709656,2.122070,2.122070,<3,lidar_wave2,pavement,3people-pave,3people-pave_000700#2,workzone_wave2
C:\Users\jiahu\OneDrive\Documents\human_detect\work-zone-safety-rgbd-dataset\workzone_rgbd_dataset_wave2\images\3people-pave_000700.png,3people-pave_000700,3people-pave,000700,rgb,3people-pave_000700#3,828.493530,392.559998,938.439026,689.074585,3.832031,3.832031,3-6,lidar_wave2,pavement,3people-pave,3people-pave_000700#3,workzone_wave2
C:\Users\jiahu\OneDrive\Documents\human_detect\work-zone-safety-rgbd-dataset\workzone_rgbd_dataset_wave2\images\3people-pave_000716.png,3people-pave_000716,3people-pave,000716,rgb,3people-pave_000716#1,94.679123,623.371399,384.071045,719.583618,1.575195,1.575195,<3,lidar_wave2,pavement,3people-pave,3people-pave_000716#1,workzone_wave2
C:\Users\jiahu\OneDrive\Documents\human_detect\work-zone-safety-rgbd-dataset\workzone_rgbd_dataset_wave2\images\3people-pave_000716.png,3people-pave_000716,3people-pave,000716,rgb,3people-pave_000716#2,435.044769,340.103363,594.292664,718.807983,3.259766,3.259766,3-6,lidar_wave2,pavement,3people-pave,3people-pave_000716#2,workzone_wave2
C:\Users\jiahu\OneDrive\Documents\human_detect\work-zone-safety-rgbd-dataset\workzone_rgbd_dataset_wave2\images\3people-pave_000720.png,3people-pave_000720,3people-pave,000720,rgb,3people-pave_000720#1,93.493652,623.647034,385.576202,719.609680,1.562012,1.562012,<3,lidar_wave2,pavement,3people-pave,3people-pave_000720#1,workzone_wave2
C:\Users\jiahu\OneDrive\Documents\human_detect\work-zone-safety-rgbd-dataset\workzone_rgbd_dataset_wave2\images\3people-pave_000720.png,3people-pave_000720,3people-pave,000720,rgb,3people-pave_000720#2,444.559662,350.898132,560.500000,711.298035,3.558594,3.558594,3-6,lidar_wave2,pavement,3people-pave,3people-pave_000720#2,workzone_wave2
C:\Users\jiahu\OneDrive\Documents\human_detect\work-zone-safety-rgbd-dataset\workzone_rgbd_dataset_wave2\images\3people-pave_000730.png,3people-pave_000730,3people-pave,000730,rgb,3people-pave_000730#1,174.617249,382.173370,415.209595,719.496765,1.664062,1.664062,<3,lidar_wave2,pavement,3people-pave,3people-pave_000730#1,workzone_wave2
C:\Users\jiahu\OneDrive\Documents\human_detect\work-zone-safety-rgbd-dataset\workzone_rgbd_dataset_wave2\images\3people-pave_000730.png,3people-pave_000730,3people-pave,000730,rgb,3people-pave_000730#2,413.130249,362.269012,515.065613,658.183777,4.324219,4.324219,3-6,lidar_wave2,pavement,3people-pave,3people-pave_000730#2,workzone_wave2
C:\Users\jiahu\OneDrive\Documents\human_detect\work-zone-safety-rgbd-dataset\workzone_rgbd_dataset_wave2\images\3people-pave_000746.png,3people-pave_000746,3people-pave,000746,rgb,3people-pave_000746#1,428.544525,368.991852,509.433655,594.853088,5.644531,5.644531,3-6,lidar_wave2,pavement,3people-pave,3people-pave_000746#1,workzone_wave2
C:\Users\jiahu\OneDrive\Documents\human_detect\work-zone-safety-rgbd-dataset\workzone_rgbd_dataset_wave2\images\3people-pave_000746.png,3people-pave_000746,3people-pave,000746,rgb,3people-pave_000746#2,539.526733,330.632263,697.912598,719.435669,2.644531,2.644531,<3,lidar_wave2,pavement,3people-pave,3people-pave_000746#2,workzone_wave2
C:\Users\jiahu\OneDrive\Documents\human_detect\work-zone-safety-rgbd-dataset\workzone_rgbd_dataset_wave2\images\3people-pave_000756.png,3people-pave_000756,3people-pave,000756,rgb,3people-pave_000756#1,454.096741,376.921112,524.426331,567.699646,6.431641,6.431641,>6,lidar_wave2,pavement,3people-pave,3people-pave_000756#1,workzone_wave2
C:\Users\jiahu\OneDrive\Documents\human_detect\work-zone-safety-rgbd-dataset\workzone_rgbd_dataset_wave2\images\3people-pave_000756.png,3people-pave_000756,3people-pave,000756,rgb,3people-pave_000756#2,716.720703,343.525635,882.112610,719.351440,3.037109,3.037109,3-6,lidar_wave2,pavement,3people-pave,3people-pave_000756#2,workzone_wave2
C:\Users\jiahu\OneDrive\Documents\human_detect\work-zone-safety-rgbd-dataset\workzone_rgbd_dataset_wave2\images\3people-pave_000756.png,3people-pave_000756,3people-pave,000756,rgb,3people-pave_000756#3,871.916931,400.348206,959.632507,622.858521,5.187500,5.187500,3-6,lidar_wave2,pavement,3people-pave,3people-pave_000756#3,workzone_wave2
C:\Users\jiahu\OneDrive\Documents\human_detect\work-zone-safety-rgbd-dataset\workzone_rgbd_dataset_wave2\images\3people-pave_000769.png,3people-pave_000769,3people-pave,000769,rgb,3people-pave_000769#1,453.172668,379.198883,541.271545,551.601440,7.158203,7.158203,>6,lidar_wave2,pavement,3people-pave,3people-pave_000769#1,workzone_wave2
C:\Users\jiahu\OneDrive\Documents\human_detect\work-zone-safety-rgbd-dataset\workzone_rgbd_dataset_wave2\images\3people-pave_000769.png,3people-pave_000769,3people-pave,000769,rgb,3people-pave_000769#2,686.198608,397.828766,758.047363,597.654297,5.496094,5.496094,3-6,lidar_wave2,pavement,3people-pave,3people-pave_000769#2,workzone_wave2
C:\Users\jiahu\OneDrive\Documents\human_detect\work-zone-safety-rgbd-dataset\workzone_rgbd_dataset_wave2\images\3people-pave_000769.png,3people-pave_000769,3people-pave,000769,rgb,3people-pave_000769#3,780.571472,365.847656,902.790710,675.121094,4.144531,4.144531,3-6,lidar_wave2,pavement,3people-pave,3people-pave_000769#3,workzone_wave2
C:\Users\jiahu\OneDrive\Documents\human_detect\work-zone-safety-rgbd-dataset\workzone_rgbd_dataset_wave2\images\3people-pave_000776.png,3people-pave_000776,3people-pave,000776,rgb,3people-pave_000776#1,480.192169,382.662415,536.444519,541.917542,7.843750,7.843750,>6,lidar_wave2,pavement,3people-pave,3people-pave_000776#1,workzone_wave2
C:\Users\jiahu\OneDrive\Documents\human_detect\work-zone-safety-rgbd-dataset\workzone_rgbd_dataset_wave2\images\3people-pave_000776.png,3people-pave_000776,3people-pave,000776,rgb,3people-pave_000776#2,592.168640,397.716339,683.835083,591.109131,6.054688,6.054688,>6,lidar_wave2,pavement,3people-pave,3people-pave_000776#2,workzone_wave2
C:\Users\jiahu\OneDrive\Documents\human_detect\work-zone-safety-rgbd-dataset\workzone_rgbd_dataset_wave2\images\3people-pave_000776.png,3people-pave_000776,3people-pave,000776,rgb,3people-pave_000776#3,769.404663,370.325073,868.810608,631.835388,4.929688,4.929688,3-6,lidar_wave2,pavement,3people-pave,3people-pave_000776#3,workzone_wave2
C:\Users\jiahu\OneDrive\Documents\human_detect\work-zone-safety-rgbd-dataset\workzone_rgbd_dataset_wave2\images\3people-pave_000785.png,3people-pave_000785,3people-pave,000785,rgb,3people-pave_000785#1,495.306000,389.626648,553.598877,575.389343,6.304688,6.304688,>6,lidar_wave2,pavement,3people-pave,3people-pave_000785#1,workzone_wave2
C:\Users\jiahu\OneDrive\Documents\human_detect\work-zone-safety-rgbd-dataset\workzone_rgbd_dataset_wave2\images\3people-pave_000785.png,3people-pave_000785,3people-pave,000785,rgb,3people-pave_000785#2,723.900146,379.540466,818.029541,602.252930,5.484375,5.484375,3-6,lidar_wave2,pavement,3people-pave,3people-pave_000785#2,workzone_wave2
C:\Users\jiahu\OneDrive\Documents\human_detect\work-zone-safety-rgbd-dataset\workzone_rgbd_dataset_wave2\images\3people-pave_000798.png,3people-pave_000798,3people-pave,000798,rgb,3people-pave_000798#1,396.084503,397.227264,455.366364,560.684937,7.085938,7.085938,>6,lidar_wave2,pavement,3people-pave,3people-pave_000798#1,workzone_wave2
C:\Users\jiahu\OneDrive\Documents\human_detect\work-zone-safety-rgbd-dataset\workzone_rgbd_dataset_wave2\images\3people-pave_000798.png,3people-pave_000798,3people-pave,000798,rgb,3people-pave_000798#2,551.757080,387.945923,592.656921,526.990540,8.789062,8.789062,>6,lidar_wave2,pavement,3people-pave,3people-pave_000798#2,workzone_wave2
C:\Users\jiahu\OneDrive\Documents\human_detect\work-zone-safety-rgbd-dataset\workzone_rgbd_dataset_wave2\images\3people-pave_000798.png,3people-pave_000798,3people-pave,000798,rgb,3people-pave_000798#3,692.598206,382.742493,747.127380,565.297180,7.650391,7.650391,>6,lidar_wave2,pavement,3people-pave,3people-pave_000798#3,workzone_wave2
C:\Users\jiahu\OneDrive\Documents\human_detect\work-zone-safety-rgbd-dataset\workzone_rgbd_dataset_wave2\images\3people-pave_000800.png,3people-pave_000800,3people-pave,000800,rgb,3people-pave_000800#1,379.550385,397.898254,446.129089,552.242493,7.195312,7.195312,>6,lidar_wave2,pavement,3people-pave,3people-pave_000800#1,workzone_wave2
C:\Users\jiahu\OneDrive\Documents\human_detect\work-zone-safety-rgbd-dataset\workzone_rgbd_dataset_wave2\images\3people-pave_000800.png,3people-pave_000800,3people-pave,000800,rgb,3people-pave_000800#2,557.114929,388.920502,619.468933,531.902405,8.753906,8.753906,>6,lidar_wave2,pavement,3people-pave,3people-pave_000800#2,workzone_wave2
C:\Users\jiahu\OneDrive\Documents\human_detect\work-zone-safety-rgbd-dataset\workzone_rgbd_dataset_wave2\images\3people-pave_000800.png,3people-pave_000800,3people-pave,000800,rgb,3people-pave_000800#3,703.080139,379.782166,748.634399,565.652222,6.730469,6.730469,>6,lidar_wave2,pavement,3people-pave,3people-pave_000800#3,workzone_wave2
C:\Users\jiahu\OneDrive\Documents\human_detect\work-zone-safety-rgbd-dataset\workzone_rgbd_dataset_wave2\images\3people-pave_000813.png,3people-pave_000813,3people-pave,000813,rgb,3people-pave_000813#1,406.200195,397.788757,457.228394,534.138245,8.320312,8.320312,>6,lidar_wave2,pavement,3people-pave,3people-pave_000813#1,workzone_wave2
C:\Users\jiahu\OneDrive\Documents\human_detect\work-zone-safety-rgbd-dataset\workzone_rgbd_dataset_wave2\images\3people-pave_000813.png,3people-pave_000813,3people-pave,000813,rgb,3people-pave_000813#2,572.795288,384.200592,630.476074,546.936462,7.896484,7.896484,>6,lidar_wave2,pavement,3people-pave,3people-pave_000813#2,workzone_wave2
C:\Users\jiahu\OneDrive\Documents\human_detect\work-zone-safety-rgbd-dataset\workzone_rgbd_dataset_wave2\images\3people-pave_000813.png,3people-pave_000813,3people-pave,000813,rgb,3people-pave_000813#3,721.225769,386.802704,792.497559,580.846130,6.644531,6.644531,>6,lidar_wave2,pavement,3people-pave,3people-pave_000813#3,workzone_wave2
C:\Users\jiahu\OneDrive\Documents\human_detect\work-zone-safety-rgbd-dataset\workzone_rgbd_dataset_wave2\images\3people-pave_000825.png,3people-pave_000825,3people-pave,000825,rgb,3people-pave_000825#1,434.670973,392.777503,490.653324,525.202917,8.886719,8.886719,>6,lidar_wave2,pavement,3people-pave,3people-pave_000825#1,workzone_wave2
C:\Users\jiahu\OneDrive\Documents\human_detect\work-zone-safety-rgbd-dataset\workzone_rgbd_dataset_wave2\images\3people-pave_000825.png,3people-pave_000825,3people-pave,000825,rgb,3people-pave_000825#2,549.929932,379.408661,615.857300,562.564941,7.003906,7.003906,>6,lidar_wave2,pavement,3people-pave,3people-pave_000825#2,workzone_wave2
C:\Users\jiahu\OneDrive\Documents\human_detect\work-zone-safety-rgbd-dataset\workzone_rgbd_dataset_wave2\images\3people-pave_000825.png,3people-pave_000825,3people-pave,000825,rgb,3people-pave_000825#3,721.249695,374.495270,802.951782,609.174133,5.523438,5.523438,3-6,lidar_wave2,pavement,3people-pave,3people-pave_000825#3,workzone_wave2
C:\Users\jiahu\OneDrive\Documents\human_detect\work-zone-safety-rgbd-dataset\workzone_rgbd_dataset_wave2\images\3people-pave_000831.png,3people-pave_000831,3people-pave,000831,rgb,3people-pave_000831#1,439.024384,393.391437,492.450733,521.153491,,,>6,lidar_wave2,pavement,3people-pave,3people-pave_000831#1,workzone_wave2
C:\Users\jiahu\OneDrive\Documents\human_detect\work-zone-safety-rgbd-dataset\workzone_rgbd_dataset_wave2\images\3people-pave_000831.png,3people-pave_000831,3people-pave,000831,rgb,3people-pave_000831#2,528.525574,377.155426,596.129944,568.021057,6.410156,6.410156,>6,lidar_wave2,pavement,3people-pave,3people-pave_000831#2,workzone_wave2
C:\Users\jiahu\OneDrive\Documents\human_detect\work-zone-safety-rgbd-dataset\workzone_rgbd_dataset_wave2\images\3people-pave_000831.png,3people-pave_000831,3people-pave,000831,rgb,3people-pave_000831#3,699.340759,372.226410,803.498840,624.881836,4.980469,4.980469,3-6,lidar_wave2,pavement,3people-pave,3people-pave_000831#3,workzone_wave2
C:\Users\jiahu\OneDrive\Documents\human_detect\work-zone-safety-rgbd-dataset\workzone_rgbd_dataset_wave2\images\3people-pave_000842.png,3people-pave_000842,3people-pave,000842,rgb,3people-pave_000842#1,406.274597,385.726432,454.233005,476.110158,,,>6,lidar_wave2,pavement,3people-pave,3people-pave_000842#1,workzone_wave2
C:\Users\jiahu\OneDrive\Documents\human_detect\work-zone-safety-rgbd-dataset\workzone_rgbd_dataset_wave2\images\3people-pave_000842.png,3people-pave_000842,3people-pave,000842,rgb,3people-pave_000842#2,487.761017,371.913849,558.706665,589.319885,5.734375,5.734375,3-6,lidar_wave2,pavement,3people-pave,3people-pave_000842#2,workzone_wave2
C:\Users\jiahu\OneDrive\Documents\human_detect\work-zone-safety-rgbd-dataset\workzone_rgbd_dataset_wave2\images\3people-pave_000842.png,3people-pave_000842,3people-pave,000842,rgb,3people-pave_000842#3,705.936096,360.960846,833.776123,710.799500,3.814453,3.814453,3-6,lidar_wave2,pavement,3people-pave,3people-pave_000842#3,workzone_wave2
C:\Users\jiahu\OneDrive\Documents\human_detect\work-zone-safety-rgbd-dataset\workzone_rgbd_dataset_wave2\images\3people-pave_000858.png,3people-pave_000858,3people-pave,000858,rgb,3people-pave_000858#1,336.523927,391.408487,383.268113,455.560113,,,>6,lidar_wave2,pavement,3people-pave,3people-pave_000858#1,workzone_wave2
C:\Users\jiahu\OneDrive\Documents\human_detect\work-zone-safety-rgbd-dataset\workzone_rgbd_dataset_wave2\images\3people-pave_000858.png,3people-pave_000858,3people-pave,000858,rgb,3people-pave_000858#2,394.565094,366.210419,501.755219,649.221436,4.335938,4.335938,3-6,lidar_wave2,pavement,3people-pave,3people-pave_000858#2,workzone_wave2
C:\Users\jiahu\OneDrive\Documents\human_detect\work-zone-safety-rgbd-dataset\workzone_rgbd_dataset_wave2\images\3people-pave_000858.png,3people-pave_000858,3people-pave,000858,rgb,3people-pave_000858#3,654.936401,318.598846,863.444336,719.554565,2.359375,2.359375,<3,lidar_wave2,pavement,3people-pave,3people-pave_000858#3,workzone_wave2
C:\Users\jiahu\OneDrive\Documents\human_detect\work-zone-safety-rgbd-dataset\workzone_rgbd_dataset_wave2\images\3people-pave_000863.png,3people-pave_000863,3people-pave,000863,rgb,3people-pave_000863#1,322.500000,394.949284,380.084973,450.354639,,,>6,lidar_wave2,pavement,3people-pave,3people-pave_000863#1,workzone_wave2
C:\Users\jiahu\OneDrive\Documents\human_detect\work-zone-safety-rgbd-dataset\workzone_rgbd_dataset_wave2\images\3people-pave_000863.png,3people-pave_000863,3people-pave,000863,rgb,3people-pave_000863#2,377.988739,365.521729,479.648529,664.452942,4.167969,4.167969,3-6,lidar_wave2,pavement,3people-pave,3people-pave_000863#2,workzone_wave2
C:\Users\jiahu\OneDrive\Documents\human_detect\work-zone-safety-rgbd-dataset\workzone_rgbd_dataset_wave2\images\3people-pave_000863.png,3people-pave_000863,3people-pave,000863,rgb,3people-pave_000863#3,594.472412,313.218201,851.406921,719.246155,1.890137,1.890137,<3,lidar_wave2,pavement,3people-pave,3people-pave_000863#3,workzone_wave2
C:\Users\jiahu\OneDrive\Documents\human_detect\work-zone-safety-rgbd-dataset\workzone_rgbd_dataset_wave2\images\3people-pave_000879.png,3people-pave_000879,3people-pave,000879,rgb,3people-pave_000879#1,1.502335,219.457169,463.823273,719.982178,1.197266,1.197266,<3,lidar_wave2,pavement,3people-pave,3people-pave_000879#1,workzone_wave2
C:\Users\jiahu\OneDrive\Documents\human_detect\work-zone-safety-rgbd-dataset\workzone_rgbd_dataset_wave2\images\3people-pave_000879.png,3people-pave_000879,3people-pave,000879,rgb,3people-pave_000879#2,438.011993,354.160126,569.396301,693.339478,3.710938,3.710938,3-6,lidar_wave2,pavement,3people-pave,3people-pave_000879#2,workzone_wave2
C:\Users\jiahu\OneDrive\Documents\human_detect\work-zone-safety-rgbd-dataset\workzone_rgbd_dataset_wave2\images\3people-pave_000886.png,3people-pave_000886,3people-pave,000886,rgb,3people-pave_000886#1,143.806625,256.919617,386.750061,719.633423,1.380859,1.380859,<3,lidar_wave2,pavement,3people-pave,3people-pave_000886#1,workzone_wave2
C:\Users\jiahu\OneDrive\Documents\human_detect\work-zone-safety-rgbd-dataset\workzone_rgbd_dataset_wave2\images\3people-pave_000886.png,3people-pave_000886,3people-pave,000886,rgb,3people-pave_000886#2,516.410522,350.628479,639.946472,694.835815,3.662109,3.662109,3-6,lidar_wave2,pavement,3people-pave,3people-pave_000886#2,workzone_wave2
C:\Users\jiahu\OneDrive\Documents\human_detect\work-zone-safety-rgbd-dataset\workzone_rgbd_dataset_wave2\images\3people-pave_000897.png,3people-pave_000897,3people-pave,000897,rgb,3people-pave_000897#1,294.210754,323.802734,452.733307,719.325623,2.404297,2.404297,<3,lidar_wave2,pavement,3people-pave,3people-pave_000897#1,workzone_wave2
C:\Users\jiahu\OneDrive\Documents\human_detect\work-zone-safety-rgbd-dataset\workzone_rgbd_dataset_wave2\images\3people-pave_000897.png,3people-pave_000897,3people-pave,000897,rgb,3people-pave_000897#2,650.308472,355.882141,792.651489,679.969849,3.925781,3.925781,3-6,lidar_wave2,pavement,3people-pave,3people-pave_000897#2,workzone_wave2
C:\Users\jiahu\OneDrive\Documents\human_detect\work-zone-safety-rgbd-dataset\workzone_rgbd_dataset_wave2\images\3people-pave_000907.png,3people-pave_000907,3people-pave,000907,rgb,3people-pave_000907#1,389.902405,349.542480,531.985657,719.650818,3.332031,3.332031,3-6,lidar_wave2,pavement,3people-pave,3people-pave_000907#1,workzone_wave2
C:\Users\jiahu\OneDrive\Documents\human_detect\work-zone-safety-rgbd-dataset\workzone_rgbd_dataset_wave2\images\3people-pave_000907.png,3people-pave_000907,3people-pave,000907,rgb,3people-pave_000907#2,734.901855,365.759766,845.219788,656.460815,4.253906,4.253906,3-6,lidar_wave2,pavement,3people-pave,3people-pave_000907#2,workzone_wave2
C:\Users\jiahu\OneDrive\Documents\human_detect\work-zone-safety-rgbd-dataset\workzone_rgbd_dataset_wave2\images\3people-pave_000914.png,3people-pave_000914,3people-pave,000914,rgb,3people-pave_000914#1,444.514343,363.385437,551.083923,676.460876,4.031250,4.031250,3-6,lidar_wave2,pavement,3people-pave,3people-pave_000914#1,workzone_wave2
C:\Users\jiahu\OneDrive\Documents\human_detect\work-zone-safety-rgbd-dataset\workzone_rgbd_dataset_wave2\images\3people-pave_000914.png,3people-pave_000914,3people-pave,000914,rgb,3people-pave_000914#2,762.863525,369.534668,861.318237,649.975769,4.578125,4.578125,3-6,lidar_wave2,pavement,3people-pave,3people-pave_000914#2,workzone_wave2
C:\Users\jiahu\OneDrive\Documents\human_detect\work-zone-safety-rgbd-dataset\workzone_rgbd_dataset_wave2\images\3people-pave_000920.png,3people-pave_000920,3people-pave,000920,rgb,3people-pave_000920#1,479.230133,368.908325,588.631409,651.550293,4.531250,4.531250,3-6,lidar_wave2,pavement,3people-pave,3people-pave_000920#1,workzone_wave2
C:\Users\jiahu\OneDrive\Documents\human_detect\work-zone-safety-rgbd-dataset\workzone_rgbd_dataset_wave2\images\3people-pave_000920.png,3people-pave_000920,3people-pave,000920,rgb,3people-pave_000920#2,777.999756,374.318115,869.076050,625.259644,4.855469,4.855469,3-6,lidar_wave2,pavement,3people-pave,3people-pave_000920#2,workzone_wave2
C:\Users\jiahu\OneDrive\Documents\human_detect\work-zone-safety-rgbd-dataset\workzone_rgbd_dataset_wave2\images\3people-pave_000934.png,3people-pave_000934,3people-pave,000934,rgb,3people-pave_000934#1,457.164665,389.776020,510.248932,531.400909,9.070312,9.070312,>6,lidar_wave2,pavement,3people-pave,3people-pave_000934#1,workzone_wave2
C:\Users\jiahu\OneDrive\Documents\human_detect\work-zone-safety-rgbd-dataset\workzone_rgbd_dataset_wave2\images\3people-pave_000934.png,3people-pave_000934,3people-pave,000934,rgb,3people-pave_000934#2,549.849609,376.666443,639.270264,601.217285,4.898438,4.898438,3-6,lidar_wave2,pavement,3people-pave,3people-pave_000934#2,workzone_wave2
C:\Users\jiahu\OneDrive\Documents\human_detect\work-zone-safety-rgbd-dataset\workzone_rgbd_dataset_wave2\images\3people-pave_000934.png,3people-pave_000934,3people-pave,000934,rgb,3people-pave_000934#3,772.163086,379.202728,846.278137,594.944702,5.816406,5.816406,3-6,lidar_wave2,pavement,3people-pave,3people-pave_000934#3,workzone_wave2
C:\Users\jiahu\OneDrive\Documents\human_detect\work-zone-safety-rgbd-dataset\workzone_rgbd_dataset_wave2\images\3people-pave_000947.png,3people-pave_000947,3people-pave,000947,rgb,3people-pave_000947#1,402.620728,404.217438,447.567261,532.810547,8.417969,8.417969,>6,lidar_wave2,pavement,3people-pave,3people-pave_000947#1,workzone_wave2
C:\Users\jiahu\OneDrive\Documents\human_detect\work-zone-safety-rgbd-dataset\workzone_rgbd_dataset_wave2\images\3people-pave_000947.png,3people-pave_000947,3people-pave,000947,rgb,3people-pave_000947#2,577.020996,386.368195,650.443787,568.636658,6.781250,6.781250,>6,lidar_wave2,pavement,3people-pave,3people-pave_000947#2,workzone_wave2
C:\Users\jiahu\OneDrive\Documents\human_detect\work-zone-safety-rgbd-dataset\workzone_rgbd_dataset_wave2\images\3people-pave_000947.png,3people-pave_000947,3people-pave,000947,rgb,3people-pave_000947#3,728.727356,382.360931,777.026245,572.731628,6.650391,6.650391,>6,lidar_wave2,pavement,3people-pave,3people-pave_000947#3,workzone_wave2
C:\Users\jiahu\OneDrive\Documents\human_detect\work-zone-safety-rgbd-dataset\workzone_rgbd_dataset_wave2\images\3people-pave_000950.png,3people-pave_000950,3people-pave,000950,rgb,3people-pave_000950#1,366.852570,390.645909,431.803497,540.970459,,,>6,lidar_wave2,pavement,3people-pave,3people-pave_000950#1,workzone_wave2
C:\Users\jiahu\OneDrive\Documents\human_detect\work-zone-safety-rgbd-dataset\workzone_rgbd_dataset_wave2\images\3people-pave_000950.png,3people-pave_000950,3people-pave,000950,rgb,3people-pave_000950#2,576.170166,382.294983,644.168701,556.877991,6.718750,6.718750,>6,lidar_wave2,pavement,3people-pave,3people-pave_000950#2,workzone_wave2
C:\Users\jiahu\OneDrive\Documents\human_detect\work-zone-safety-rgbd-dataset\workzone_rgbd_dataset_wave2\images\3people-pave_000950.png,3people-pave_000950,3people-pave,000950,rgb,3people-pave_000950#3,709.912598,384.268433,769.307983,569.957886,6.675781,6.675781,>6,lidar_wave2,pavement,3people-pave,3people-pave_000950#3,workzone_wave2
C:\Users\jiahu\OneDrive\Documents\human_detect\work-zone-safety-rgbd-dataset\workzone_rgbd_dataset_wave2\images\3people-pave_000968.png,3people-pave_000968,3people-pave,000968,rgb,3people-pave_000968#1,573.035400,382.993561,628.174866,551.497620,7.839844,7.839844,>6,lidar_wave2,pavement,3people-pave,3people-pave_000968#1,workzone_wave2
C:\Users\jiahu\OneDrive\Documents\human_detect\work-zone-safety-rgbd-dataset\workzone_rgbd_dataset_wave2\images\3people-pave_000968.png,3people-pave_000968,3people-pave,000968,rgb,3people-pave_000968#2,617.514404,389.280487,666.245544,548.678894,8.679688,8.679688,>6,lidar_wave2,pavement,3people-pave,3people-pave_000968#2,workzone_wave2
C:\Users\jiahu\OneDrive\Documents\human_detect\work-zone-safety-rgbd-dataset\workzone_rgbd_dataset_wave2\images\3people-pave_000972.png,3people-pave_000972,3people-pave,000972,rgb,3people-pave_000972#1,549.556091,382.151489,592.137451,549.130371,7.529297,7.529297,>6,lidar_wave2,pavement,3people-pave,3people-pave_000972#1,workzone_wave2
C:\Users\jiahu\OneDrive\Documents\human_detect\work-zone-safety-rgbd-dataset\workzone_rgbd_dataset_wave2\images\3people-pave_000972.png,3people-pave_000972,3people-pave,000972,rgb,3people-pave_000972#2,620.580322,385.118439,680.727356,550.981873,6.916016,6.916016,>6,lidar_wave2,pavement,3people-pave,3people-pave_000972#2,workzone_wave2
C:\Users\jiahu\OneDrive\Documents\human_detect\work-zone-safety-rgbd-dataset\workzone_rgbd_dataset_wave2\images\3people-pave_000980.png,3people-pave_000980,3people-pave,000980,rgb,3people-pave_000980#1,476.525757,383.515137,540.871765,544.045898,7.865234,7.865234,>6,lidar_wave2,pavement,3people-pave,3people-pave_000980#1,workzone_wave2
C:\Users\jiahu\OneDrive\Documents\human_detect\work-zone-safety-rgbd-dataset\workzone_rgbd_dataset_wave2\images\3people-pave_000980.png,3people-pave_000980,3people-pave,000980,rgb,3people-pave_000980#2,650.874268,387.712280,732.904968,567.230347,7.183594,7.183594,>6,lidar_wave2,pavement,3people-pave,3people-pave_000980#2,workzone_wave2
C:\Users\jiahu\OneDrive\Documents\human_detect\work-zone-safety-rgbd-dataset\workzone_rgbd_dataset_wave2\images\3people-pave_000995.png,3people-pave_000995,3people-pave,000995,rgb,3people-pave_000995#1,382.880096,383.850098,444.927246,531.991394,8.367188,8.367188,>6,lidar_wave2,pavement,3people-pave,3people-pave_000995#1,workzone_wave2
C:\Users\jiahu\OneDrive\Documents\human_detect\work-zone-safety-rgbd-dataset\workzone_rgbd_dataset_wave2\images\3people-pave_000995.png,3people-pave_000995,3people-pave,000995,rgb,3people-pave_000995#2,747.449890,379.196503,842.152405,602.999329,5.781250,5.781250,3-6,lidar_wave2,pavement,3people-pave,3people-pave_000995#2,workzone_wave2
C:\Users\jiahu\OneDrive\Documents\human_detect\work-zone-safety-rgbd-dataset\workzone_rgbd_dataset_wave2\images\3people-pave_001008.png,3people-pave_001008,3people-pave,001008,rgb,3people-pave_001008#1,301.453244,399.815258,364.240841,583.376568,4.816406,4.816406,3-6,lidar_wave2,pavement,3people-pave,3people-pave_001008#1,workzone_wave2
C:\Users\jiahu\OneDrive\Documents\human_detect\work-zone-safety-rgbd-dataset\workzone_rgbd_dataset_wave2\images\3people-pave_001008.png,3people-pave_001008,3people-pave,001008,rgb,3people-pave_001008#2,378.472382,382.409180,445.173706,531.163025,8.195312,8.195312,>6,lidar_wave2,pavement,3people-pave,3people-pave_001008#2,workzone_wave2
C:\Users\jiahu\OneDrive\Documents\human_detect\work-zone-safety-rgbd-dataset\workzone_rgbd_dataset_wave2\images\3people-pave_001008.png,3people-pave_001008,3people-pave,001008,rgb,3people-pave_001008#3,819.947632,373.538879,941.719543,673.538330,4.464844,4.464844,3-6,lidar_wave2,pavement,3people-pave,3people-pave_001008#3,workzone_wave2
C:\Users\jiahu\OneDrive\Documents\human_detect\work-zone-safety-rgbd-dataset\workzone_rgbd_dataset_wave2\images\3people-pave_001012.png,3people-pave_001012,3people-pave,001012,rgb,3people-pave_001012#1,330.708374,389.137390,395.547028,585.676575,5.525391,5.525391,3-6,lidar_wave2,pavement,3people-pave,3people-pave_001012#1,workzone_wave2
C:\Users\jiahu\OneDrive\Documents\human_detect\work-zone-safety-rgbd-dataset\workzone_rgbd_dataset_wave2\images\3people-pave_001012.png,3people-pave_001012,3people-pave,001012,rgb,3people-pave_001012#2,396.580353,384.851288,456.585297,531.973022,7.667969,7.667969,>6,lidar_wave2,pavement,3people-pave,3people-pave_001012#2,workzone_wave2
C:\Users\jiahu\OneDrive\Documents\human_detect\work-zone-safety-rgbd-dataset\workzone_rgbd_dataset_wave2\images\3people-pave_001012.png,3people-pave_001012,3people-pave,001012,rgb,3people-pave_001012#3,840.607422,364.661713,959.365967,683.583557,4.074219,4.074219,3-6,lidar_wave2,pavement,3people-pave,3people-pave_001012#3,workzone_wave2
C:\Users\jiahu\OneDrive\Documents\human_detect\work-zone-safety-rgbd-dataset\workzone_rgbd_dataset_wave2\images\3people-pave_001021.png,3people-pave_001021,3people-pave,001021,rgb,3people-pave_001021#1,397.597870,382.604340,490.403778,587.374695,5.744141,5.744141,3-6,lidar_wave2,pavement,3people-pave,3people-pave_001021#1,workzone_wave2
C:\Users\jiahu\OneDrive\Documents\human_detect\work-zone-safety-rgbd-dataset\workzone_rgbd_dataset_wave2\images\3people-pave_001021.png,3people-pave_001021,3people-pave,001021,rgb,3people-pave_001021#2,852.370422,354.529266,959.351624,709.777039,3.474609,3.474609,3-6,lidar_wave2,pavement,3people-pave,3people-pave_001021#2,workzone_wave2
C:\Users\jiahu\OneDrive\Documents\human_detect\work-zone-safety-rgbd-dataset\workzone_rgbd_dataset_wave2\images\3people-pave_001038.png,3people-pave_001038,3people-pave,001038,rgb,3people-pave_001038#1,523.420227,383.707947,597.674255,554.122192,7.232422,7.232422,>6,lidar_wave2,pavement,3people-pave,3people-pave_001038#1,workzone_wave2
C:\Users\jiahu\OneDrive\Documents\human_detect\work-zone-safety-rgbd-dataset\workzone_rgbd_dataset_wave2\images\3people-pave_001038.png,3people-pave_001038,3people-pave,001038,rgb,3people-pave_001038#2,615.676636,397.170685,708.402344,593.188110,5.832031,5.832031,3-6,lidar_wave2,pavement,3people-pave,3people-pave_001038#2,workzone_wave2
C:\Users\jiahu\OneDrive\Documents\human_detect\work-zone-safety-rgbd-dataset\workzone_rgbd_dataset_wave2\images\3people-pave_001044.png,3people-pave_001044,3people-pave,001044,rgb,3people-pave_001044#1,586.506592,383.079620,665.784485,562.990967,6.945312,6.945312,>6,lidar_wave2,pavement,3people-pave,3people-pave_001044#1,workzone_wave2
C:\Users\jiahu\OneDrive\Documents\human_detect\work-zone-safety-rgbd-dataset\workzone_rgbd_dataset_wave2\images\3people-pave_001044.png,3people-pave_001044,3people-pave,001044,rgb,3people-pave_001044#2,710.064697,398.269592,777.929077,593.278198,5.773438,5.773438,3-6,lidar_wave2,pavement,3people-pave,3people-pave_001044#2,workzone_wave2
C:\Users\jiahu\OneDrive\Documents\human_detect\work-zone-safety-rgbd-dataset\workzone_rgbd_dataset_wave2\images\3people-pave_001055.png,3people-pave_001055,3people-pave,001055,rgb,3people-pave_001055#1,710.440083,381.750576,793.950459,575.857540,6.236328,6.236328,>6,lidar_wave2,pavement,3people-pave,3people-pave_001055#1,workzone_wave2
C:\Users\jiahu\OneDrive\Documents\human_detect\work-zone-safety-rgbd-dataset\workzone_rgbd_dataset_wave2\images\3people-pave_001055.png,3people-pave_001055,3people-pave,001055,rgb,3people-pave_001055#2,827.187988,398.991623,889.118397,600.063443,5.914062,5.914062,3-6,lidar_wave2,pavement,3people-pave,3people-pave_001055#2,workzone_wave2
C:\Users\jiahu\OneDrive\Documents\human_detect\work-zone-safety-rgbd-dataset\workzone_rgbd_dataset_wave2\images\3people-pave_001055.png,3people-pave_001055,3people-pave,001055,rgb,3people-pave_001055#3,804.606079,277.633088,960.000000,720.000000,1.611328,1.611328,<3,lidar_wave2,pavement,3people-pave,3people-pave_001055#3,workzone_wave2
C:\Users\jiahu\OneDrive\Documents\human_detect\work-zone-safety-rgbd-dataset\workzone_rgbd_dataset_wave2\images\3people-pave_001061.png,3people-pave_001061,3people-pave,001061,rgb,3people-pave_001061#1,560.701965,282.638428,735.780823,719.629028,1.764160,1.764160,<3,lidar_wave2,pavement,3people-pave,3people-pave_001061#1,workzone_wave2
C:\Users\jiahu\OneDrive\Documents\human_detect\work-zone-safety-rgbd-dataset\workzone_rgbd_dataset_wave2\images\3people-pave_001061.png,3people-pave_001061,3people-pave,001061,rgb,3people-pave_001061#2,770.976624,383.186737,843.672424,577.479919,6.617188,6.617188,>6,lidar_wave2,pavement,3people-pave,3people-pave_001061#2,workzone_wave2
C:\Users\jiahu\OneDrive\Documents\human_detect\work-zone-safety-rgbd-dataset\workzone_rgbd_dataset_wave2\images\3people-pave_001061.png,3people-pave_001061,3people-pave,001061,rgb,3people-pave_001061#3,864.279419,403.228088,947.235352,586.858582,,,>6,lidar_wave2,pavement,3people-pave,3people-pave_001061#3,workzone_wave2
C:\Users\jiahu\OneDrive\Documents\human_detect\work-zone-safety-rgbd-dataset\workzone_rgbd_dataset_wave2\images\3people-pave_001070.png,3people-pave_001070,3people-pave,001070,rgb,3people-pave_001070#1,112.013397,290.263611,361.879974,719.535889,1.772461,1.772461,<3,lidar_wave2,pavement,3people-pave,3people-pave_001070#1,workzone_wave2
C:\Users\jiahu\OneDrive\Documents\human_detect\work-zone-safety-rgbd-dataset\workzone_rgbd_dataset_wave2\images\3people-pave_001070.png,3people-pave_001070,3people-pave,001070,rgb,3people-pave_001070#2,806.691711,382.706177,884.239624,572.997437,7.083984,7.083984,>6,lidar_wave2,pavement,3people-pave,3people-pave_001070#2,workzone_wave2
C:\Users\jiahu\OneDrive\Documents\human_detect\work-zone-safety-rgbd-dataset\workzone_rgbd_dataset_wave2\images\3people-pave_001070.png,3people-pave_001070,3people-pave,001070,rgb,3people-pave_001070#3,871.554260,402.890625,944.582397,573.444580,6.435547,6.435547,>6,lidar_wave2,pavement,3people-pave,3people-pave_001070#3,workzone_wave2
C:\Users\jiahu\OneDrive\Documents\human_detect\work-zone-safety-rgbd-dataset\workzone_rgbd_dataset_wave2\images\3people-pave_001089.png,3people-pave_001089,3people-pave,001089,rgb,3people-pave_001089#1,773.116150,386.625458,838.238342,544.964050,7.582031,7.582031,>6,lidar_wave2,pavement,3people-pave,3people-pave_001089#1,workzone_wave2
C:\Users\jiahu\OneDrive\Documents\human_detect\work-zone-safety-rgbd-dataset\workzone_rgbd_dataset_wave2\images\3people-pave_001089.png,3people-pave_001089,3people-pave,001089,rgb,3people-pave_001089#2,823.110962,405.424164,868.722351,542.709839,7.652344,7.652344,>6,lidar_wave2,pavement,3people-pave,3people-pave_001089#2,workzone_wave2
C:\Users\jiahu\OneDrive\Documents\human_detect\work-zone-safety-rgbd-dataset\workzone_rgbd_dataset_wave2\images\3people-pave_001090.png,3people-pave_001090,3people-pave,001090,rgb,3people-pave_001090#1,772.071533,387.646729,838.117310,543.928894,7.468750,7.468750,>6,lidar_wave2,pavement,3people-pave,3people-pave_001090#1,workzone_wave2
C:\Users\jiahu\OneDrive\Documents\human_detect\work-zone-safety-rgbd-dataset\workzone_rgbd_dataset_wave2\images\3people-pave_001090.png,3people-pave_001090,3people-pave,001090,rgb,3people-pave_001090#2,815.606506,400.708405,859.567566,537.533691,7.712891,7.712891,>6,lidar_wave2,pavement,3people-pave,3people-pave_001090#2,workzone_wave2
C:\Users\jiahu\OneDrive\Documents\human_detect\work-zone-safety-rgbd-dataset\workzone_rgbd_dataset_wave2\images\3people-pave_001102.png,3people-pave_001102,3people-pave,001102,rgb,3people-pave_001102#1,727.087463,389.011963,786.515257,534.245975,7.615234,7.615234,>6,lidar_wave2,pavement,3people-pave,3people-pave_001102#1,workzone_wave2
C:\Users\jiahu\OneDrive\Documents\human_detect\work-zone-safety-rgbd-dataset\workzone_rgbd_dataset_wave2\images\3people-pave_001115.png,3people-pave_001115,3people-pave,001115,rgb,3people-pave_001115#1,145.433578,334.893250,268.151031,716.195801,2.964844,2.964844,<3,lidar_wave2,pavement,3people-pave,3people-pave_001115#1,workzone_wave2
C:\Users\jiahu\OneDrive\Documents\human_detect\work-zone-safety-rgbd-dataset\workzone_rgbd_dataset_wave2\images\3people-pave_001115.png,3people-pave_001115,3people-pave,001115,rgb,3people-pave_001115#2,674.349976,387.753662,719.777893,514.246399,8.406250,8.406250,>6,lidar_wave2,pavement,3people-pave,3people-pave_001115#2,workzone_wave2
C:\Users\jiahu\OneDrive\Documents\human_detect\work-zone-safety-rgbd-dataset\workzone_rgbd_dataset_wave2\images\3people-pave_001121.png,3people-pave_001121,3people-pave,001121,rgb,3people-pave_001121#1,287.743378,340.205902,393.502808,717.311096,3.386719,3.386719,3-6,lidar_wave2,pavement,3people-pave,3people-pave_001121#1,workzone_wave2
C:\Users\jiahu\OneDrive\Documents\human_detect\work-zone-safety-rgbd-dataset\workzone_rgbd_dataset_wave2\images\3people-pave_001121.png,3people-pave_001121,3people-pave,001121,rgb,3people-pave_001121#2,642.812622,388.542664,700.164368,510.606628,,,>6,lidar_wave2,pavement,3people-pave,3people-pave_001121#2,workzone_wave2
C:\Users\jiahu\OneDrive\Documents\human_detect\work-zone-safety-rgbd-dataset\workzone_rgbd_dataset_wave2\images\3people-pave_001121.png,3people-pave_001121,3people-pave,001121,rgb,3people-pave_001121#3,673.718628,395.427063,704.068909,507.082581,,,>6,lidar_wave2,pavement,3people-pave,3people-pave_001121#3,workzone_wave2
C:\Users\jiahu\OneDrive\Documents\human_detect\work-zone-safety-rgbd-dataset\workzone_rgbd_dataset_wave2\images\3people-pave_001136.png,3people-pave_001136,3people-pave,001136,rgb,3people-pave_001136#1,402.155273,374.592957,485.092163,623.487854,4.859375,4.859375,3-6,lidar_wave2,pavement,3people-pave,3people-pave_001136#1,workzone_wave2
C:\Users\jiahu\OneDrive\Documents\human_detect\work-zone-safety-rgbd-dataset\workzone_rgbd_dataset_wave2\images\3people-pave_001136.png,3people-pave_001136,3people-pave,001136,rgb,3people-pave_001136#2,617.585569,394.284396,649.871952,501.610627,,,>6,lidar_wave2,pavement,3people-pave,3people-pave_001136#2,workzone_wave2
C:\Users\jiahu\OneDrive\Documents\human_detect\work-zone-safety-rgbd-dataset\workzone_rgbd_dataset_wave2\images\3people-pave_001136.png,3people-pave_001136,3people-pave,001136,rgb,3people-pave_001136#3,635.358277,395.595795,664.875793,500.626113,,,>6,lidar_wave2,pavement,3people-pave,3people-pave_001136#3,workzone_wave2
C:\Users\jiahu\OneDrive\Documents\human_detect\work-zone-safety-rgbd-dataset\workzone_rgbd_dataset_wave2\images\3people-pave_001144.png,3people-pave_001144,3people-pave,001144,rgb,3people-pave_001144#1,443.020844,378.257172,507.354034,597.861511,5.761719,5.761719,3-6,lidar_wave2,pavement,3people-pave,3people-pave_001144#1,workzone_wave2
C:\Users\jiahu\OneDrive\Documents\human_detect\work-zone-safety-rgbd-dataset\workzone_rgbd_dataset_wave2\images\3people-pave_001144.png,3people-pave_001144,3people-pave,001144,rgb,3people-pave_001144#2,591.326352,393.373016,633.173218,502.771551,11.613281,11.613281,>6,lidar_wave2,pavement,3people-pave,3people-pave_001144#2,workzone_wave2
C:\Users\jiahu\OneDrive\Documents\human_detect\work-zone-safety-rgbd-dataset\workzone_rgbd_dataset_wave2\images\3people-pave_001144.png,3people-pave_001144,3people-pave,001144,rgb,3people-pave_001144#3,626.544250,402.570923,658.814667,502.232153,12.195312,12.195312,>6,lidar_wave2,pavement,3people-pave,3people-pave_001144#3,workzone_wave2
C:\Users\jiahu\OneDrive\Documents\human_detect\work-zone-safety-rgbd-dataset\workzone_rgbd_dataset_wave2\images\3people-pave_001153.png,3people-pave_001153,3people-pave,001153,rgb,3people-pave_001153#1,501.023468,384.875427,599.085754,595.534668,5.695312,5.695312,3-6,lidar_wave2,pavement,3people-pave,3people-pave_001153#1,workzone_wave2
C:\Users\jiahu\OneDrive\Documents\human_detect\work-zone-safety-rgbd-dataset\workzone_rgbd_dataset_wave2\images\3people-pave_001153.png,3people-pave_001153,3people-pave,001153,rgb,3people-pave_001153#2,590.459295,392.977364,624.058265,497.456226,11.890625,11.890625,>6,lidar_wave2,pavement,3people-pave,3people-pave_001153#2,workzone_wave2
C:\Users\jiahu\OneDrive\Documents\human_detect\work-zone-safety-rgbd-dataset\workzone_rgbd_dataset_wave2\images\3people-pave_001153.png,3people-pave_001153,3people-pave,001153,rgb,3people-pave_001153#3,621.779473,402.646637,656.509963,495.925559,12.289062,12.289062,>6,lidar_wave2,pavement,3people-pave,3people-pave_001153#3,workzone_wave2
C:\Users\jiahu\OneDrive\Documents\human_detect\work-zone-safety-rgbd-dataset\workzone_rgbd_dataset_wave2\images\3people-pave_001167.png,3people-pave_001167,3people-pave,001167,rgb,3people-pave_001167#1,530.683411,383.487488,631.919556,666.087708,4.386719,4.386719,3-6,lidar_wave2,pavement,3people-pave,3people-pave_001167#1,workzone_wave2
C:\Users\jiahu\OneDrive\Documents\human_detect\work-zone-safety-rgbd-dataset\workzone_rgbd_dataset_wave2\images\3people-pave_001167.png,3people-pave_001167,3people-pave,001167,rgb,3people-pave_001167#2,616.972229,395.177582,658.830201,493.628693,11.792969,11.792969,>6,lidar_wave2,pavement,3people-pave,3people-pave_001167#2,workzone_wave2
C:\Users\jiahu\OneDrive\Documents\human_detect\work-zone-safety-rgbd-dataset\workzone_rgbd_dataset_wave2\images\3people-pave_001171.png,3people-pave_001171,3people-pave,001171,rgb,3people-pave_001171#1,546.675171,368.940887,650.749573,682.517761,3.953125,3.953125,3-6,lidar_wave2,pavement,3people-pave,3people-pave_001171#1,workzone_wave2
C:\Users\jiahu\OneDrive\Documents\human_detect\work-zone-safety-rgbd-dataset\workzone_rgbd_dataset_wave2\images\3people-pave_001189.png,3people-pave_001189,3people-pave,001189,rgb,3people-pave_001189#1,552.073730,331.178833,702.632080,719.707581,2.729492,2.729492,<3,lidar_wave2,pavement,3people-pave,3people-pave_001189#1,workzone_wave2
C:\Users\jiahu\OneDrive\Documents\human_detect\work-zone-safety-rgbd-dataset\workzone_rgbd_dataset_wave2\images\3people-pave_001196.png,3people-pave_001196,3people-pave,001196,rgb,3people-pave_001196#1,567.618347,348.083282,722.283875,718.513550,2.597656,2.597656,<3,lidar_wave2,pavement,3people-pave,3people-pave_001196#1,workzone_wave2
C:\Users\jiahu\OneDrive\Documents\human_detect\work-zone-safety-rgbd-dataset\workzone_rgbd_dataset_wave2\images\3people-pave_001204.png,3people-pave_001204,3people-pave,001204,rgb,3people-pave_001204#1,544.227715,403.705249,569.160043,478.718828,,,>6,lidar_wave2,pavement,3people-pave,3people-pave_001204#1,workzone_wave2
C:\Users\jiahu\OneDrive\Documents\human_detect\work-zone-safety-rgbd-dataset\workzone_rgbd_dataset_wave2\images\3people-pave_001204.png,3people-pave_001204,3people-pave,001204,rgb,3people-pave_001204#2,556.504275,394.630028,593.219109,488.494933,13.605469,13.605469,>6,lidar_wave2,pavement,3people-pave,3people-pave_001204#2,workzone_wave2
C:\Users\jiahu\OneDrive\Documents\human_detect\work-zone-safety-rgbd-dataset\workzone_rgbd_dataset_wave2\images\3people-pave_001204.png,3people-pave_001204,3people-pave,001204,rgb,3people-pave_001204#3,660.356689,335.609161,822.669312,718.870789,2.257812,2.257812,<3,lidar_wave2,pavement,3people-pave,3people-pave_001204#3,workzone_wave2
C:\Users\jiahu\OneDrive\Documents\human_detect\work-zone-safety-rgbd-dataset\workzone_rgbd_dataset_wave2\images\3people-pave_001215.png,3people-pave_001215,3people-pave,001215,rgb,3people-pave_001215#1,512.279907,408.011169,538.666504,471.383789,,,>6,lidar_wave2,pavement,3people-pave,3people-pave_001215#1,workzone_wave2
C:\Users\jiahu\OneDrive\Documents\human_detect\work-zone-safety-rgbd-dataset\workzone_rgbd_dataset_wave2\images\3people-pave_001215.png,3people-pave_001215,3people-pave,001215,rgb,3people-pave_001215#2,536.577439,394.311432,561.624207,481.343761,,,>6,lidar_wave2,pavement,3people-pave,3people-pave_001215#2,workzone_wave2
C:\Users\jiahu\OneDrive\Documents\human_detect\work-zone-safety-rgbd-dataset\workzone_rgbd_dataset_wave2\images\3people-pave_001215.png,3people-pave_001215,3people-pave,001215,rgb,3people-pave_001215#3,765.634094,339.417450,948.824707,719.610718,2.777344,2.777344,<3,lidar_wave2,pavement,3people-pave,3people-pave_001215#3,workzone_wave2
C:\Users\jiahu\OneDrive\Documents\human_detect\work-zone-safety-rgbd-dataset\workzone_rgbd_dataset_wave2\images\3people-pave_001225.png,3people-pave_001225,3people-pave,001225,rgb,3people-pave_001225#1,495.571777,404.868622,516.641174,474.513702,,,>6,lidar_wave2,pavement,3people-pave,3people-pave_001225#1,workzone_wave2
C:\Users\jiahu\OneDrive\Documents\human_detect\work-zone-safety-rgbd-dataset\workzone_rgbd_dataset_wave2\images\3people-pave_001225.png,3people-pave_001225,3people-pave,001225,rgb,3people-pave_001225#2,522.421509,396.980621,551.199463,483.768677,12.468750,12.468750,>6,lidar_wave2,pavement,3people-pave,3people-pave_001225#2,workzone_wave2
C:\Users\jiahu\OneDrive\Documents\human_detect\work-zone-safety-rgbd-dataset\workzone_rgbd_dataset_wave2\images\3people-pave_001225.png,3people-pave_001225,3people-pave,001225,rgb,3people-pave_001225#3,695.406433,358.960144,804.440369,716.848267,3.697266,3.697266,3-6,lidar_wave2,pavement,3people-pave,3people-pave_001225#3,workzone_wave2
C:\Users\jiahu\OneDrive\Documents\human_detect\work-zone-safety-rgbd-dataset\workzone_rgbd_dataset_wave2\images\3people-pave_001233.png,3people-pave_001233,3people-pave,001233,rgb,3people-pave_001233#1,481.198242,409.628540,508.935974,478.234680,,,>6,lidar_wave2,pavement,3people-pave,3people-pave_001233#1,workzone_wave2
C:\Users\jiahu\OneDrive\Documents\human_detect\work-zone-safety-rgbd-dataset\workzone_rgbd_dataset_wave2\images\3people-pave_001233.png,3people-pave_001233,3people-pave,001233,rgb,3people-pave_001233#2,518.680603,394.394165,547.328552,486.403015,,,>6,lidar_wave2,pavement,3people-pave,3people-pave_001233#2,workzone_wave2
C:\Users\jiahu\OneDrive\Documents\human_detect\work-zone-safety-rgbd-dataset\workzone_rgbd_dataset_wave2\images\3people-pave_001233.png,3people-pave_001233,3people-pave,001233,rgb,3people-pave_001233#3,628.536865,364.525208,731.332275,645.098816,4.523438,4.523438,3-6,lidar_wave2,pavement,3people-pave,3people-pave_001233#3,workzone_wave2
C:\Users\jiahu\OneDrive\Documents\human_detect\work-zone-safety-rgbd-dataset\workzone_rgbd_dataset_wave2\images\3people-pave_001241.png,3people-pave_001241,3people-pave,001241,rgb,3people-pave_001241#1,481.034027,407.761078,509.642334,479.321259,,,>6,lidar_wave2,pavement,3people-pave,3people-pave_001241#1,workzone_wave2
C:\Users\jiahu\OneDrive\Documents\human_detect\work-zone-safety-rgbd-dataset\workzone_rgbd_dataset_wave2\images\3people-pave_001241.png,3people-pave_001241,3people-pave,001241,rgb,3people-pave_001241#2,528.172607,394.446442,562.469177,491.555511,,,>6,lidar_wave2,pavement,3people-pave,3people-pave_001241#2,workzone_wave2
C:\Users\jiahu\OneDrive\Documents\human_detect\work-zone-safety-rgbd-dataset\workzone_rgbd_dataset_wave2\images\3people-pave_001241.png,3people-pave_001241,3people-pave,001241,rgb,3people-pave_001241#3,564.239746,371.260620,656.533691,610.352051,5.371094,5.371094,3-6,lidar_wave2,pavement,3people-pave,3people-pave_001241#3,workzone_wave2
C:\Users\jiahu\OneDrive\Documents\human_detect\work-zone-safety-rgbd-dataset\workzone_rgbd_dataset_wave2\images\3people-pave_001258.png,3people-pave_001258,3people-pave,001258,rgb,3people-pave_001258#1,423.930359,376.894257,501.463806,562.780701,6.648438,6.648438,>6,lidar_wave2,pavement,3people-pave,3people-pave_001258#1,workzone_wave2
C:\Users\jiahu\OneDrive\Documents\human_detect\work-zone-safety-rgbd-dataset\workzone_rgbd_dataset_wave2\images\3people-pave_001258.png,3people-pave_001258,3people-pave,001258,rgb,3people-pave_001258#2,487.054394,399.271063,522.099243,495.754719,11.906250,11.906250,>6,lidar_wave2,pavement,3people-pave,3people-pave_001258#2,workzone_wave2
C:\Users\jiahu\OneDrive\Documents\human_detect\work-zone-safety-rgbd-dataset\workzone_rgbd_dataset_wave2\images\3people-pave_001258.png,3people-pave_001258,3people-pave,001258,rgb,3people-pave_001258#3,562.262441,388.314892,610.126590,509.171137,11.000000,11.000000,>6,lidar_wave2,pavement,3people-pave,3people-pave_001258#3,workzone_wave2
C:\Users\jiahu\OneDrive\Documents\human_detect\work-zone-safety-rgbd-dataset\workzone_rgbd_dataset_wave2\images\3people-pave_001268.png,3people-pave_001268,3people-pave,001268,rgb,3people-pave_001268#1,360.948120,383.539581,442.954834,547.387573,6.761719,6.761719,>6,lidar_wave2,pavement,3people-pave,3people-pave_001268#1,workzone_wave2
C:\Users\jiahu\OneDrive\Documents\human_detect\work-zone-safety-rgbd-dataset\workzone_rgbd_dataset_wave2\images\3people-pave_001268.png,3people-pave_001268,3people-pave,001268,rgb,3people-pave_001268#2,483.857661,395.332268,536.106773,504.805851,,,>6,lidar_wave2,pavement,3people-pave,3people-pave_001268#2,workzone_wave2
C:\Users\jiahu\OneDrive\Documents\human_detect\work-zone-safety-rgbd-dataset\workzone_rgbd_dataset_wave2\images\3people-pave_001268.png,3people-pave_001268,3people-pave,001268,rgb,3people-pave_001268#3,594.036804,391.736847,636.374268,508.524811,,,>6,lidar_wave2,pavement,3people-pave,3people-pave_001268#3,workzone_wave2
C:\Users\jiahu\OneDrive\Documents\human_detect\work-zone-safety-rgbd-dataset\workzone_rgbd_dataset_wave2\images\3people-pave_001277.png,3people-pave_001277,3people-pave,001277,rgb,3people-pave_001277#1,364.164551,385.192566,443.992310,539.424866,8.125000,8.125000,>6,lidar_wave2,pavement,3people-pave,3people-pave_001277#1,workzone_wave2
C:\Users\jiahu\OneDrive\Documents\human_detect\work-zone-safety-rgbd-dataset\workzone_rgbd_dataset_wave2\images\3people-pave_001277.png,3people-pave_001277,3people-pave,001277,rgb,3people-pave_001277#2,482.888882,389.462342,536.386874,513.204089,10.718750,10.718750,>6,lidar_wave2,pavement,3people-pave,3people-pave_001277#2,workzone_wave2
C:\Users\jiahu\OneDrive\Documents\human_detect\work-zone-safety-rgbd-dataset\workzone_rgbd_dataset_wave2\images\3people-pave_001277.png,3people-pave_001277,3people-pave,001277,rgb,3people-pave_001277#3,614.247742,388.376862,660.019897,515.427856,10.015625,10.015625,>6,lidar_wave2,pavement,3people-pave,3people-pave_001277#3,workzone_wave2
C:\Users\jiahu\OneDrive\Documents\human_detect\work-zone-safety-rgbd-dataset\workzone_rgbd_dataset_wave2\images\3people-pave_001288.png,3people-pave_001288,3people-pave,001288,rgb,3people-pave_001288#1,421.785750,380.391594,474.943848,523.582397,9.085938,9.085938,>6,lidar_wave2,pavement,3people-pave,3people-pave_001288#1,workzone_wave2
C:\Users\jiahu\OneDrive\Documents\human_detect\work-zone-safety-rgbd-dataset\workzone_rgbd_dataset_wave2\images\3people-pave_001288.png,3people-pave_001288,3people-pave,001288,rgb,3people-pave_001288#2,487.162337,393.604188,538.397458,522.573034,,,>6,lidar_wave2,pavement,3people-pave,3people-pave_001288#2,workzone_wave2
C:\Users\jiahu\OneDrive\Documents\human_detect\work-zone-safety-rgbd-dataset\workzone_rgbd_dataset_wave2\images\3people-pave_001288.png,3people-pave_001288,3people-pave,001288,rgb,3people-pave_001288#3,634.867004,389.934998,683.139771,533.610535,8.984375,8.984375,>6,lidar_wave2,pavement,3people-pave,3people-pave_001288#3,workzone_wave2
C:\Users\jiahu\OneDrive\Documents\human_detect\work-zone-safety-rgbd-dataset\workzone_rgbd_dataset_wave2\images\3people-pave_001295.png,3people-pave_001295,3people-pave,001295,rgb,3people-pave_001295#1,440.420044,388.336212,488.983643,516.599487,9.277344,9.277344,>6,lidar_wave2,pavement,3people-pave,3people-pave_001295#1,workzone_wave2
C:\Users\jiahu\OneDrive\Documents\human_detect\work-zone-safety-rgbd-dataset\workzone_rgbd_dataset_wave2\images\3people-pave_001295.png,3people-pave_001295,3people-pave,001295,rgb,3people-pave_001295#2,498.226890,393.220437,542.204333,529.178187,9.617188,9.617188,>6,lidar_wave2,pavement,3people-pave,3people-pave_001295#2,workzone_wave2
C:\Users\jiahu\OneDrive\Documents\human_detect\work-zone-safety-rgbd-dataset\workzone_rgbd_dataset_wave2\images\3people-pave_001295.png,3people-pave_001295,3people-pave,001295,rgb,3people-pave_001295#3,643.219116,386.669037,706.136169,544.617249,8.359375,8.359375,>6,lidar_wave2,pavement,3people-pave,3people-pave_001295#3,workzone_wave2
C:\Users\jiahu\OneDrive\Documents\human_detect\work-zone-safety-rgbd-dataset\workzone_rgbd_dataset_wave2\images\3people-pave_001309.png,3people-pave_001309,3people-pave,001309,rgb,3people-pave_001309#1,447.907785,382.798904,498.437622,506.788696,,,>6,lidar_wave2,pavement,3people-pave,3people-pave_001309#1,workzone_wave2
C:\Users\jiahu\OneDrive\Documents\human_detect\work-zone-safety-rgbd-dataset\workzone_rgbd_dataset_wave2\images\3people-pave_001309.png,3people-pave_001309,3people-pave,001309,rgb,3people-pave_001309#2,505.691559,396.060730,559.390869,543.898865,7.615234,7.615234,>6,lidar_wave2,pavement,3people-pave,3people-pave_001309#2,workzone_wave2
C:\Users\jiahu\OneDrive\Documents\human_detect\work-zone-safety-rgbd-dataset\workzone_rgbd_dataset_wave2\images\3people-pave_001309.png,3people-pave_001309,3people-pave,001309,rgb,3people-pave_001309#3,656.001282,384.084229,732.230164,575.146423,6.656250,6.656250,>6,lidar_wave2,pavement,3people-pave,3people-pave_001309#3,workzone_wave2
C:\Users\jiahu\OneDrive\Documents\human_detect\work-zone-safety-rgbd-dataset\workzone_rgbd_dataset_wave2\images\3people-pave_001317.png,3people-pave_001317,3people-pave,001317,rgb,3people-pave_001317#1,471.942627,392.993683,540.251953,558.265381,7.205078,7.205078,>6,lidar_wave2,pavement,3people-pave,3people-pave_001317#1,workzone_wave2
C:\Users\jiahu\OneDrive\Documents\human_detect\work-zone-safety-rgbd-dataset\workzone_rgbd_dataset_wave2\images\3people-pave_001317.png,3people-pave_001317,3people-pave,001317,rgb,3people-pave_001317#2,670.671936,378.505463,752.578857,602.848633,5.781250,5.781250,3-6,lidar_wave2,pavement,3people-pave,3people-pave_001317#2,workzone_wave2
C:\Users\jiahu\OneDrive\Documents\human_detect\work-zone-safety-rgbd-dataset\workzone_rgbd_dataset_wave2\images\3people-pave_001324.png,3people-pave_001324,3people-pave,001324,rgb,3people-pave_001324#1,417.807953,390.608917,472.817413,562.405212,6.873047,6.873047,>6,lidar_wave2,pavement,3people-pave,3people-pave_001324#1,workzone_wave2
C:\Users\jiahu\OneDrive\Documents\human_detect\work-zone-safety-rgbd-dataset\workzone_rgbd_dataset_wave2\images\3people-pave_001324.png,3people-pave_001324,3people-pave,001324,rgb,3people-pave_001324#2,497.954773,391.140686,559.037476,525.699585,8.421875,8.421875,>6,lidar_wave2,pavement,3people-pave,3people-pave_001324#2,workzone_wave2
C:\Users\jiahu\OneDrive\Documents\human_detect\work-zone-safety-rgbd-dataset\workzone_rgbd_dataset_wave2\images\3people-pave_001324.png,3people-pave_001324,3people-pave,001324,rgb,3people-pave_001324#3,690.741943,373.114105,780.399231,624.127625,5.121094,5.121094,3-6,lidar_wave2,pavement,3people-pave,3people-pave_001324#3,workzone_wave2
C:\Users\jiahu\OneDrive\Documents\human_detect\work-zone-safety-rgbd-dataset\workzone_rgbd_dataset_wave2\images\3people-pave_001333.png,3people-pave_001333,3people-pave,001333,rgb,3people-pave_001333#1,326.243409,389.072619,399.871216,572.375934,6.078125,6.078125,>6,lidar_wave2,pavement,3people-pave,3people-pave_001333#1,workzone_wave2
C:\Users\jiahu\OneDrive\Documents\human_detect\work-zone-safety-rgbd-dataset\workzone_rgbd_dataset_wave2\images\3people-pave_001333.png,3people-pave_001333,3people-pave,001333,rgb,3people-pave_001333#2,546.026184,385.306000,600.936584,536.735840,7.474609,7.474609,>6,lidar_wave2,pavement,3people-pave,3people-pave_001333#2,workzone_wave2
C:\Users\jiahu\OneDrive\Documents\human_detect\work-zone-safety-rgbd-dataset\workzone_rgbd_dataset_wave2\images\3people-pave_001333.png,3people-pave_001333,3people-pave,001333,rgb,3people-pave_001333#3,715.667725,366.257812,831.544922,668.822449,4.296875,4.296875,3-6,lidar_wave2,pavement,3people-pave,3people-pave_001333#3,workzone_wave2
C:\Users\jiahu\OneDrive\Documents\human_detect\work-zone-safety-rgbd-dataset\workzone_rgbd_dataset_wave2\images\3people-pave_001342.png,3people-pave_001342,3people-pave,001342,rgb,3people-pave_001342#1,292.570438,396.080325,360.556798,462.272524,,,>6,lidar_wave2,pavement,3people-pave,3people-pave_001342#1,workzone_wave2
C:\Users\jiahu\OneDrive\Documents\human_detect\work-zone-safety-rgbd-dataset\workzone_rgbd_dataset_wave2\images\3people-pave_001342.png,3people-pave_001342,3people-pave,001342,rgb,3people-pave_001342#2,583.411560,384.664673,656.413147,561.202515,6.937500,6.937500,>6,lidar_wave2,pavement,3people-pave,3people-pave_001342#2,workzone_wave2
C:\Users\jiahu\OneDrive\Documents\human_detect\work-zone-safety-rgbd-dataset\workzone_rgbd_dataset_wave2\images\3people-pave_001342.png,3people-pave_001342,3people-pave,001342,rgb,3people-pave_001342#3,691.970032,353.470917,840.233826,718.600586,3.513672,3.513672,3-6,lidar_wave2,pavement,3people-pave,3people-pave_001342#3,workzone_wave2
C:\Users\jiahu\OneDrive\Documents\human_detect\work-zone-safety-rgbd-dataset\workzone_rgbd_dataset_wave2\images\3people-pave_001359.png,3people-pave_001359,3people-pave,001359,rgb,3people-pave_001359#1,264.532648,385.776775,315.664132,431.073240,,,3-6,lidar_wave2,pavement,3people-pave,3people-pave_001359#1,workzone_wave2
C:\Users\jiahu\OneDrive\Documents\human_detect\work-zone-safety-rgbd-dataset\workzone_rgbd_dataset_wave2\images\3people-pave_001359.png,3people-pave_001359,3people-pave,001359,rgb,3people-pave_001359#2,504.907501,331.089874,653.892517,719.399231,2.513672,2.513672,<3,lidar_wave2,pavement,3people-pave,3people-pave_001359#2,workzone_wave2
C:\Users\jiahu\OneDrive\Documents\human_detect\work-zone-safety-rgbd-dataset\workzone_rgbd_dataset_wave2\images\3people-pave_001359.png,3people-pave_001359,3people-pave,001359,rgb,3people-pave_001359#3,653.089478,374.214203,741.732483,610.828735,5.589844,5.589844,3-6,lidar_wave2,pavement,3people-pave,3people-pave_001359#3,workzone_wave2
C:\Users\jiahu\OneDrive\Documents\human_detect\work-zone-safety-rgbd-dataset\workzone_rgbd_dataset_wave2\images\3people-pave_001368.png,3people-pave_001368,3people-pave,001368,rgb,3people-pave_001368#1,324.491760,322.993195,484.590576,719.485474,2.498047,2.498047,<3,lidar_wave2,pavement,3people-pave,3people-pave_001368#1,workzone_wave2
C:\Users\jiahu\OneDrive\Documents\human_detect\work-zone-safety-rgbd-dataset\workzone_rgbd_dataset_wave2\images\3people-pave_001368.png,3people-pave_001368,3people-pave,001368,rgb,3people-pave_001368#2,645.409851,368.166473,758.274963,646.510803,4.570312,4.570312,3-6,lidar_wave2,pavement,3people-pave,3people-pave_001368#2,workzone_wave2
C:\Users\jiahu\OneDrive\Documents\human_detect\work-zone-safety-rgbd-dataset\workzone_rgbd_dataset_wave2\images\3people-pave_001378.png,3people-pave_001378,3people-pave,001378,rgb,3people-pave_001378#1,286.208588,338.883728,456.606812,719.513123,3.068359,3.068359,3-6,lidar_wave2,pavement,3people-pave,3people-pave_001378#1,workzone_wave2
C:\Users\jiahu\OneDrive\Documents\human_detect\work-zone-safety-rgbd-dataset\workzone_rgbd_dataset_wave2\images\3people-pave_001378.png,3people-pave_001378,3people-pave,001378,rgb,3people-pave_001378#2,592.108398,356.305084,725.805725,719.478149,3.619141,3.619141,3-6,lidar_wave2,pavement,3people-pave,3people-pave_001378#2,workzone_wave2
C:\Users\jiahu\OneDrive\Documents\human_detect\work-zone-safety-rgbd-dataset\workzone_rgbd_dataset_wave2\images\3people-pave_001389.png,3people-pave_001389,3people-pave,001389,rgb,3people-pave_001389#1,331.148102,394.085022,396.586700,581.206970,6.007812,6.007812,>6,lidar_wave2,pavement,3people-pave,3people-pave_001389#1,workzone_wave2
C:\Users\jiahu\OneDrive\Documents\human_detect\work-zone-safety-rgbd-dataset\workzone_rgbd_dataset_wave2\images\3people-pave_001389.png,3people-pave_001389,3people-pave,001389,rgb,3people-pave_001389#2,385.552490,352.674377,510.359375,685.214233,3.839844,3.839844,3-6,lidar_wave2,pavement,3people-pave,3people-pave_001389#2,workzone_wave2
C:\Users\jiahu\OneDrive\Documents\human_detect\work-zone-safety-rgbd-dataset\workzone_rgbd_dataset_wave2\images\3people-pave_001389.png,3people-pave_001389,3people-pave,001389,rgb,3people-pave_001389#3,481.047272,335.011047,594.963196,719.677368,2.674805,2.674805,<3,lidar_wave2,pavement,3people-pave,3people-pave_001389#3,workzone_wave2
C:\Users\jiahu\OneDrive\Documents\human_detect\work-zone-safety-rgbd-dataset\workzone_rgbd_dataset_wave2\images\3people-pave_001399.png,3people-pave_001399,3people-pave,001399,rgb,3people-pave_001399#1,375.769135,303.050171,528.084656,719.594971,1.907227,1.907227,<3,lidar_wave2,pavement,3people-pave,3people-pave_001399#1,workzone_wave2
C:\Users\jiahu\OneDrive\Documents\human_detect\work-zone-safety-rgbd-dataset\workzone_rgbd_dataset_wave2\images\3people-pave_001399.png,3people-pave_001399,3people-pave,001399,rgb,3people-pave_001399#2,503.662933,362.819824,585.233276,636.732117,4.628906,4.628906,3-6,lidar_wave2,pavement,3people-pave,3people-pave_001399#2,workzone_wave2
C:\Users\jiahu\OneDrive\Documents\human_detect\work-zone-safety-rgbd-dataset\workzone_rgbd_dataset_wave2\images\3people-pave_001401.png,3people-pave_001401,3people-pave,001401,rgb,3people-pave_001401#1,352.925903,300.976959,515.096252,719.771118,1.833984,1.833984,<3,lidar_wave2,pavement,3people-pave,3people-pave_001401#1,workzone_wave2
C:\Users\jiahu\OneDrive\Documents\human_detect\work-zone-safety-rgbd-dataset\workzone_rgbd_dataset_wave2\images\3people-pave_001401.png,3people-pave_001401,3people-pave,001401,rgb,3people-pave_001401#2,491.220917,366.425049,590.434204,640.461426,4.585938,4.585938,3-6,lidar_wave2,pavement,3people-pave,3people-pave_001401#2,workzone_wave2
C:\Users\jiahu\OneDrive\Documents\human_detect\work-zone-safety-rgbd-dataset\workzone_rgbd_dataset_wave2\images\3people-pave_001415.png,3people-pave_001415,3people-pave,001415,rgb,3people-pave_001415#1,327.712097,311.512695,514.150696,719.875122,2.167969,2.167969,<3,lidar_wave2,pavement,3people-pave,3people-pave_001415#1,workzone_wave2
C:\Users\jiahu\OneDrive\Documents\human_detect\work-zone-safety-rgbd-dataset\workzone_rgbd_dataset_wave2\images\3people-pave_001415.png,3people-pave_001415,3people-pave,001415,rgb,3people-pave_001415#2,601.328918,374.648468,677.583191,601.604370,5.679688,5.679688,3-6,lidar_wave2,pavement,3people-pave,3people-pave_001415#2,workzone_wave2
C:\Users\jiahu\OneDrive\Documents\human_detect\work-zone-safety-rgbd-dataset\workzone_rgbd_dataset_wave2\images\3people-pave_001422.png,3people-pave_001422,3people-pave,001422,rgb,3people-pave_001422#1,445.380707,331.451904,576.995178,718.656433,2.619141,2.619141,<3,lidar_wave2,pavement,3people-pave,3people-pave_001422#1,workzone_wave2
C:\Users\jiahu\OneDrive\Documents\human_detect\work-zone-safety-rgbd-dataset\workzone_rgbd_dataset_wave2\images\3people-pave_001422.png,3people-pave_001422,3people-pave,001422,rgb,3people-pave_001422#2,635.190674,376.274872,723.826721,589.756897,5.917969,5.917969,3-6,lidar_wave2,pavement,3people-pave,3people-pave_001422#2,workzone_wave2
C:\Users\jiahu\OneDrive\Documents\human_detect\work-zone-safety-rgbd-dataset\workzone_rgbd_dataset_wave2\images\3people-pave_001430.png,3people-pave_001430,3people-pave,001430,rgb,3people-pave_001430#1,525.361450,336.725586,695.349243,717.986023,2.953125,2.953125,<3,lidar_wave2,pavement,3people-pave,3people-pave_001430#1,workzone_wave2
C:\Users\jiahu\OneDrive\Documents\human_detect\work-zone-safety-rgbd-dataset\workzone_rgbd_dataset_wave2\images\3people-pave_001430.png,3people-pave_001430,3people-pave,001430,rgb,3people-pave_001430#2,672.563416,381.454285,734.816895,571.323303,6.767578,6.767578,>6,lidar_wave2,pavement,3people-pave,3people-pave_001430#2,workzone_wave2
C:\Users\jiahu\OneDrive\Documents\human_detect\work-zone-safety-rgbd-dataset\workzone_rgbd_dataset_wave2\images\3people-pave_001449.png,3people-pave_001449,3people-pave,001449,rgb,3people-pave_001449#1,609.818115,383.696960,668.169128,547.869873,7.828125,7.828125,>6,lidar_wave2,pavement,3people-pave,3people-pave_001449#1,workzone_wave2
C:\Users\jiahu\OneDrive\Documents\human_detect\work-zone-safety-rgbd-dataset\workzone_rgbd_dataset_wave2\images\3people-pave_001449.png,3people-pave_001449,3people-pave,001449,rgb,3people-pave_001449#2,651.351685,368.711426,760.464966,667.303772,4.484375,4.484375,3-6,lidar_wave2,pavement,3people-pave,3people-pave_001449#2,workzone_wave2
C:\Users\jiahu\OneDrive\Documents\human_detect\work-zone-safety-rgbd-dataset\workzone_rgbd_dataset_wave2\images\3people-pave_001449.png,3people-pave_001449,3people-pave,001449,rgb,3people-pave_001449#3,870.757874,409.564270,959.909363,684.658264,4.390625,4.390625,3-6,lidar_wave2,pavement,3people-pave,3people-pave_001449#3,workzone_wave2
C:\Users\jiahu\OneDrive\Documents\human_detect\work-zone-safety-rgbd-dataset\workzone_rgbd_dataset_wave2\images\3people-pave_001452.png,3people-pave_001452,3people-pave,001452,rgb,3people-pave_001452#1,582.118164,386.128601,633.787964,546.463440,8.132812,8.132812,>6,lidar_wave2,pavement,3people-pave,3people-pave_001452#1,workzone_wave2
C:\Users\jiahu\OneDrive\Documents\human_detect\work-zone-safety-rgbd-dataset\workzone_rgbd_dataset_wave2\images\3people-pave_001452.png,3people-pave_001452,3people-pave,001452,rgb,3people-pave_001452#2,665.535278,369.234558,756.893372,639.142456,4.613281,4.613281,3-6,lidar_wave2,pavement,3people-pave,3people-pave_001452#2,workzone_wave2
C:\Users\jiahu\OneDrive\Documents\human_detect\work-zone-safety-rgbd-dataset\workzone_rgbd_dataset_wave2\images\3people-pave_001468.png,3people-pave_001468,3people-pave,001468,rgb,3people-pave_001468#1,476.588043,382.754517,548.088440,544.723206,7.597656,7.597656,>6,lidar_wave2,pavement,3people-pave,3people-pave_001468#1,workzone_wave2
C:\Users\jiahu\OneDrive\Documents\human_detect\work-zone-safety-rgbd-dataset\workzone_rgbd_dataset_wave2\images\3people-pave_001468.png,3people-pave_001468,3people-pave,001468,rgb,3people-pave_001468#2,730.880493,378.496002,821.229126,599.668762,5.468750,5.468750,3-6,lidar_wave2,pavement,3people-pave,3people-pave_001468#2,workzone_wave2
C:\Users\jiahu\OneDrive\Documents\human_detect\work-zone-safety-rgbd-dataset\workzone_rgbd_dataset_wave2\images\3people-pave_001470.png,3people-pave_001470,3people-pave,001470,rgb,3people-pave_001470#1,480.739929,382.628784,537.492188,547.593811,7.462891,7.462891,>6,lidar_wave2,pavement,3people-pave,3people-pave_001470#1,workzone_wave2
C:\Users\jiahu\OneDrive\Documents\human_detect\work-zone-safety-rgbd-dataset\workzone_rgbd_dataset_wave2\images\3people-pave_001470.png,3people-pave_001470,3people-pave,001470,rgb,3people-pave_001470#2,733.291870,376.700287,819.474304,588.647278,5.683594,5.683594,3-6,lidar_wave2,pavement,3people-pave,3people-pave_001470#2,workzone_wave2
C:\Users\jiahu\OneDrive\Documents\human_detect\work-zone-safety-rgbd-dataset\workzone_rgbd_dataset_wave2\images\3people-pave_001481.png,3people-pave_001481,3people-pave,001481,rgb,3people-pave_001481#1,429.665131,381.664764,495.867462,563.357300,6.732422,6.732422,>6,lidar_wave2,pavement,3people-pave,3people-pave_001481#1,workzone_wave2
C:\Users\jiahu\OneDrive\Documents\human_detect\work-zone-safety-rgbd-dataset\workzone_rgbd_dataset_wave2\images\3people-pave_001481.png,3people-pave_001481,3people-pave,001481,rgb,3people-pave_001481#2,656.791870,383.712708,749.843872,571.172485,5.835938,5.835938,3-6,lidar_wave2,pavement,3people-pave,3people-pave_001481#2,workzone_wave2
C:\Users\jiahu\OneDrive\Documents\human_detect\work-zone-safety-rgbd-dataset\workzone_rgbd_dataset_wave2\images\3people-pave_001495.png,3people-pave_001495,3people-pave,001495,rgb,3people-pave_001495#1,408.768036,375.037476,487.569855,597.613586,5.589844,5.589844,3-6,lidar_wave2,pavement,3people-pave,3people-pave_001495#1,workzone_wave2
C:\Users\jiahu\OneDrive\Documents\human_detect\work-zone-safety-rgbd-dataset\workzone_rgbd_dataset_wave2\images\3people-pave_001495.png,3people-pave_001495,3people-pave,001495,rgb,3people-pave_001495#2,665.607422,384.157654,750.788086,601.940552,5.476562,5.476562,3-6,lidar_wave2,pavement,3people-pave,3people-pave_001495#2,workzone_wave2
C:\Users\jiahu\OneDrive\Documents\human_detect\work-zone-safety-rgbd-dataset\workzone_rgbd_dataset_wave2\images\3people-pave_001505.png,3people-pave_001505,3people-pave,001505,rgb,3people-pave_001505#1,434.197388,369.851868,527.395325,622.641235,5.060547,5.060547,3-6,lidar_wave2,pavement,3people-pave,3people-pave_001505#1,workzone_wave2
C:\Users\jiahu\OneDrive\Documents\human_detect\work-zone-safety-rgbd-dataset\workzone_rgbd_dataset_wave2\images\3people-pave_001505.png,3people-pave_001505,3people-pave,001505,rgb,3people-pave_001505#2,710.679932,373.753723,816.449219,631.681274,4.996094,4.996094,3-6,lidar_wave2,pavement,3people-pave,3people-pave_001505#2,workzone_wave2
C:\Users\jiahu\OneDrive\Documents\human_detect\work-zone-safety-rgbd-dataset\workzone_rgbd_dataset_wave2\images\3people-pave_001505.png,3people-pave_001505,3people-pave,001505,rgb,3people-pave_001505#3,859.352586,405.520508,958.434265,589.681009,6.523438,6.523438,>6,lidar_wave2,pavement,3people-pave,3people-pave_001505#3,workzone_wave2
C:\Users\jiahu\OneDrive\Documents\human_detect\work-zone-safety-rgbd-dataset\workzone_rgbd_dataset_wave2\images\3people-pave_001516.png,3people-pave_001516,3people-pave,001516,rgb,3people-pave_001516#1,455.500305,359.415192,565.783447,665.081543,4.281250,4.281250,3-6,lidar_wave2,pavement,3people-pave,3people-pave_001516#1,workzone_wave2
C:\Users\jiahu\OneDrive\Documents\human_detect\work-zone-safety-rgbd-dataset\workzone_rgbd_dataset_wave2\images\3people-pave_001516.png,3people-pave_001516,3people-pave,001516,rgb,3people-pave_001516#2,718.292839,402.104004,805.696533,578.062319,6.330078,6.330078,>6,lidar_wave2,pavement,3people-pave,3people-pave_001516#2,workzone_wave2
C:\Users\jiahu\OneDrive\Documents\human_detect\work-zone-safety-rgbd-dataset\workzone_rgbd_dataset_wave2\images\3people-pave_001516.png,3people-pave_001516,3people-pave,001516,rgb,3people-pave_001516#3,787.461914,372.643799,954.478271,675.288757,4.140625,4.140625,3-6,lidar_wave2,pavement,3people-pave,3people-pave_001516#3,workzone_wave2
C:\Users\jiahu\OneDrive\Documents\human_detect\work-zone-safety-rgbd-dataset\workzone_rgbd_dataset_wave2\images\3people-pave_001521.png,3people-pave_001521,3people-pave,001521,rgb,3people-pave_001521#1,415.519226,355.567383,539.113037,688.314758,3.884766,3.884766,3-6,lidar_wave2,pavement,3people-pave,3people-pave_001521#1,workzone_wave2
C:\Users\jiahu\OneDrive\Documents\human_detect\work-zone-safety-rgbd-dataset\workzone_rgbd_dataset_wave2\images\3people-pave_001521.png,3people-pave_001521,3people-pave,001521,rgb,3people-pave_001521#2,665.130859,404.166504,773.614624,581.090332,5.796875,5.796875,3-6,lidar_wave2,pavement,3people-pave,3people-pave_001521#2,workzone_wave2
C:\Users\jiahu\OneDrive\Documents\human_detect\work-zone-safety-rgbd-dataset\workzone_rgbd_dataset_wave2\images\3people-pave_001521.png,3people-pave_001521,3people-pave,001521,rgb,3people-pave_001521#3,837.407959,362.956970,959.892334,695.610901,3.664062,3.664062,3-6,lidar_wave2,pavement,3people-pave,3people-pave_001521#3,workzone_wave2
C:\Users\jiahu\OneDrive\Documents\human_detect\work-zone-safety-rgbd-dataset\workzone_rgbd_dataset_wave2\images\3people-pave_001539.png,3people-pave_001539,3people-pave,001539,rgb,3people-pave_001539#1,214.886856,338.874207,335.461884,719.709778,3.131836,3.131836,3-6,lidar_wave2,pavement,3people-pave,3people-pave_001539#1,workzone_wave2
C:\Users\jiahu\OneDrive\Documents\human_detect\work-zone-safety-rgbd-dataset\workzone_rgbd_dataset_wave2\images\3people-pave_001539.png,3people-pave_001539,3people-pave,001539,rgb,3people-pave_001539#2,474.698364,395.860199,557.616577,587.893860,5.523438,5.523438,3-6,lidar_wave2,pavement,3people-pave,3people-pave_001539#2,workzone_wave2
C:\Users\jiahu\OneDrive\Documents\human_detect\work-zone-safety-rgbd-dataset\workzone_rgbd_dataset_wave2\images\3people-pave_001539.png,3people-pave_001539,3people-pave,001539,rgb,3people-pave_001539#3,878.528137,331.641418,959.942322,719.939270,2.124023,2.124023,<3,lidar_wave2,pavement,3people-pave,3people-pave_001539#3,workzone_wave2
C:\Users\jiahu\OneDrive\Documents\human_detect\work-zone-safety-rgbd-dataset\workzone_rgbd_dataset_wave2\images\3people-pave_001543.png,3people-pave_001543,3people-pave,001543,rgb,3people-pave_001543#1,178.277756,336.283844,328.507812,719.708435,3.154297,3.154297,3-6,lidar_wave2,pavement,3people-pave,3people-pave_001543#1,workzone_wave2
C:\Users\jiahu\OneDrive\Documents\human_detect\work-zone-safety-rgbd-dataset\workzone_rgbd_dataset_wave2\images\3people-pave_001543.png,3people-pave_001543,3people-pave,001543,rgb,3people-pave_001543#2,422.589478,395.026550,504.467102,583.579773,6.003906,6.003906,>6,lidar_wave2,pavement,3people-pave,3people-pave_001543#2,workzone_wave2
C:\Users\jiahu\OneDrive\Documents\human_detect\work-zone-safety-rgbd-dataset\workzone_rgbd_dataset_wave2\images\3people-pave_001543.png,3people-pave_001543,3people-pave,001543,rgb,3people-pave_001543#3,795.825989,317.178589,959.278748,718.970581,2.212891,2.212891,<3,lidar_wave2,pavement,3people-pave,3people-pave_001543#3,workzone_wave2
C:\Users\jiahu\OneDrive\Documents\human_detect\work-zone-safety-rgbd-dataset\workzone_rgbd_dataset_wave2\images\3people-pave_001552.png,3people-pave_001552,3people-pave,001552,rgb,3people-pave_001552#1,189.111038,340.958130,349.746368,718.249695,3.373047,3.373047,3-6,lidar_wave2,pavement,3people-pave,3people-pave_001552#1,workzone_wave2
C:\Users\jiahu\OneDrive\Documents\human_detect\work-zone-safety-rgbd-dataset\workzone_rgbd_dataset_wave2\images\3people-pave_001552.png,3people-pave_001552,3people-pave,001552,rgb,3people-pave_001552#2,333.726831,393.611947,391.069269,575.556313,5.500000,5.500000,3-6,lidar_wave2,pavement,3people-pave,3people-pave_001552#2,workzone_wave2
C:\Users\jiahu\OneDrive\Documents\human_detect\work-zone-safety-rgbd-dataset\workzone_rgbd_dataset_wave2\images\3people-pave_001552.png,3people-pave_001552,3people-pave,001552,rgb,3people-pave_001552#3,639.394043,307.641357,826.551086,719.454895,1.781250,1.781250,<3,lidar_wave2,pavement,3people-pave,3people-pave_001552#3,workzone_wave2
C:\Users\jiahu\OneDrive\Documents\human_detect\work-zone-safety-rgbd-dataset\workzone_rgbd_dataset_wave2\images\3people-pave_001566.png,3people-pave_001566,3people-pave,001566,rgb,3people-pave_001566#1,335.733704,354.834229,468.068237,670.852905,3.843750,3.843750,3-6,lidar_wave2,pavement,3people-pave,3people-pave_001566#1,workzone_wave2
C:\Users\jiahu\OneDrive\Documents\human_detect\work-zone-safety-rgbd-dataset\workzone_rgbd_dataset_wave2\images\3people-pave_001566.png,3people-pave_001566,3people-pave,001566,rgb,3people-pave_001566#2,416.617401,330.258942,593.370911,719.122498,2.714844,2.714844,<3,lidar_wave2,pavement,3people-pave,3people-pave_001566#2,workzone_wave2
C:\Users\jiahu\OneDrive\Documents\human_detect\work-zone-safety-rgbd-dataset\workzone_rgbd_dataset_wave2\images\3people-pave_001571.png,3people-pave_001571,3people-pave,001571,rgb,3people-pave_001571#1,284.218470,369.361575,353.278175,506.245525,,,3-6,lidar_wave2,pavement,3people-pave,3people-pave_001571#1,workzone_wave2
C:\Users\jiahu\OneDrive\Documents\human_detect\work-zone-safety-rgbd-dataset\workzone_rgbd_dataset_wave2\images\3people-pave_001571.png,3people-pave_001571,3people-pave,001571,rgb,3people-pave_001571#2,413.940521,366.478241,490.360596,666.505920,4.128906,4.128906,3-6,lidar_wave2,pavement,3people-pave,3people-pave_001571#2,workzone_wave2
C:\Users\jiahu\OneDrive\Documents\human_detect\work-zone-safety-rgbd-dataset\workzone_rgbd_dataset_wave2\images\3people-pave_001571.png,3people-pave_001571,3people-pave,001571,rgb,3people-pave_001571#3,471.385071,335.298523,607.794434,720.000000,3.082031,3.082031,3-6,lidar_wave2,pavement,3people-pave,3people-pave_001571#3,workzone_wave2
C:\Users\jiahu\OneDrive\Documents\human_detect\work-zone-safety-rgbd-dataset\workzone_rgbd_dataset_wave2\images\3people-pave_001585.png,3people-pave_001585,3people-pave,001585,rgb,3people-pave_001585#1,333.027130,406.884888,414.997925,588.334717,5.636719,5.636719,3-6,lidar_wave2,pavement,3people-pave,3people-pave_001585#1,workzone_wave2
C:\Users\jiahu\OneDrive\Documents\human_detect\work-zone-safety-rgbd-dataset\workzone_rgbd_dataset_wave2\images\3people-pave_001585.png,3people-pave_001585,3people-pave,001585,rgb,3people-pave_001585#2,468.249939,355.115845,589.618652,676.189636,3.906250,3.906250,3-6,lidar_wave2,pavement,3people-pave,3people-pave_001585#2,workzone_wave2
C:\Users\jiahu\OneDrive\Documents\human_detect\work-zone-safety-rgbd-dataset\workzone_rgbd_dataset_wave2\images\3people-pave_001585.png,3people-pave_001585,3people-pave,001585,rgb,3people-pave_001585#3,545.266663,368.040985,604.185059,617.964905,4.937500,4.937500,3-6,lidar_wave2,pavement,3people-pave,3people-pave_001585#3,workzone_wave2
C:\Users\jiahu\OneDrive\Documents\human_detect\work-zone-safety-rgbd-dataset\workzone_rgbd_dataset_wave2\images\3people-pave_001595.png,3people-pave_001595,3people-pave,001595,rgb,3people-pave_001595#1,410.400085,394.848724,472.110565,600.966064,5.683594,5.683594,3-6,lidar_wave2,pavement,3people-pave,3people-pave_001595#1,workzone_wave2
C:\Users\jiahu\OneDrive\Documents\human_detect\work-zone-safety-rgbd-dataset\workzone_rgbd_dataset_wave2\images\3people-pave_001595.png,3people-pave_001595,3people-pave,001595,rgb,3people-pave_001595#2,487.631042,364.058990,573.849548,643.079590,4.621094,4.621094,3-6,lidar_wave2,pavement,3people-pave,3people-pave_001595#2,workzone_wave2
C:\Users\jiahu\OneDrive\Documents\human_detect\work-zone-safety-rgbd-dataset\workzone_rgbd_dataset_wave2\images\3people-pave_001595.png,3people-pave_001595,3people-pave,001595,rgb,3people-pave_001595#3,584.564819,370.163452,684.261353,612.870117,5.273438,5.273438,3-6,lidar_wave2,pavement,3people-pave,3people-pave_001595#3,workzone_wave2
C:\Users\jiahu\OneDrive\Documents\human_detect\work-zone-safety-rgbd-dataset\workzone_rgbd_dataset_wave2\images\3people-pave_001608.png,3people-pave_001608,3people-pave,001608,rgb,3people-pave_001608#1,457.932037,393.771606,521.347778,606.002747,5.429688,5.429688,3-6,lidar_wave2,pavement,3people-pave,3people-pave_001608#1,workzone_wave2
C:\Users\jiahu\OneDrive\Documents\human_detect\work-zone-safety-rgbd-dataset\workzone_rgbd_dataset_wave2\images\3people-pave_001608.png,3people-pave_001608,3people-pave,001608,rgb,3people-pave_001608#2,531.302966,376.828428,612.524225,602.190776,5.546875,5.546875,3-6,lidar_wave2,pavement,3people-pave,3people-pave_001608#2,workzone_wave2
C:\Users\jiahu\OneDrive\Documents\human_detect\work-zone-safety-rgbd-dataset\workzone_rgbd_dataset_wave2\images\3people-pave_001608.png,3people-pave_001608,3people-pave,001608,rgb,3people-pave_001608#3,647.329285,375.964691,741.293884,595.324585,5.835938,5.835938,3-6,lidar_wave2,pavement,3people-pave,3people-pave_001608#3,workzone_wave2
C:\Users\jiahu\OneDrive\Documents\human_detect\work-zone-safety-rgbd-dataset\workzone_rgbd_dataset_wave2\images\3people-pave_001614.png,3people-pave_001614,3people-pave,001614,rgb,3people-pave_001614#1,474.352844,400.237976,568.953918,607.648865,5.253906,5.253906,3-6,lidar_wave2,pavement,3people-pave,3people-pave_001614#1,workzone_wave2
C:\Users\jiahu\OneDrive\Documents\human_detect\work-zone-safety-rgbd-dataset\workzone_rgbd_dataset_wave2\images\3people-pave_001614.png,3people-pave_001614,3people-pave,001614,rgb,3people-pave_001614#2,546.253859,377.058655,620.581787,582.360793,6.101562,6.101562,>6,lidar_wave2,pavement,3people-pave,3people-pave_001614#2,workzone_wave2
C:\Users\jiahu\OneDrive\Documents\human_detect\work-zone-safety-rgbd-dataset\workzone_rgbd_dataset_wave2\images\3people-pave_001614.png,3people-pave_001614,3people-pave,001614,rgb,3people-pave_001614#3,660.505127,378.868835,756.852356,584.432983,6.320312,6.320312,>6,lidar_wave2,pavement,3people-pave,3people-pave_001614#3,workzone_wave2
C:\Users\jiahu\OneDrive\Documents\human_detect\work-zone-safety-rgbd-dataset\workzone_rgbd_dataset_wave2\images\3people-pave_001625.png,3people-pave_001625,3people-pave,001625,rgb,3people-pave_001625#1,576.780640,383.334686,625.943176,563.678894,6.201172,6.201172,>6,lidar_wave2,pavement,3people-pave,3people-pave_001625#1,workzone_wave2
C:\Users\jiahu\OneDrive\Documents\human_detect\work-zone-safety-rgbd-dataset\workzone_rgbd_dataset_wave2\images\3people-pave_001625.png,3people-pave_001625,3people-pave,001625,rgb,3people-pave_001625#2,603.896179,396.412445,695.015320,615.032654,5.117188,5.117188,3-6,lidar_wave2,pavement,3people-pave,3people-pave_001625#2,workzone_wave2
C:\Users\jiahu\OneDrive\Documents\human_detect\work-zone-safety-rgbd-dataset\workzone_rgbd_dataset_wave2\images\3people-pave_001625.png,3people-pave_001625,3people-pave,001625,rgb,3people-pave_001625#3,682.831177,381.644073,751.532532,569.631470,5.914062,5.914062,3-6,lidar_wave2,pavement,3people-pave,3people-pave_001625#3,workzone_wave2
C:\Users\jiahu\OneDrive\Documents\human_detect\work-zone-safety-rgbd-dataset\workzone_rgbd_dataset_wave2\images\3people-pave_001636.png,3people-pave_001636,3people-pave,001636,rgb,3people-pave_001636#1,571.419739,384.933563,634.467346,553.624207,7.390625,7.390625,>6,lidar_wave2,pavement,3people-pave,3people-pave_001636#1,workzone_wave2
C:\Users\jiahu\OneDrive\Documents\human_detect\work-zone-safety-rgbd-dataset\workzone_rgbd_dataset_wave2\images\3people-pave_001636.png,3people-pave_001636,3people-pave,001636,rgb,3people-pave_001636#2,694.307190,380.910004,739.801208,554.898376,7.769531,7.769531,>6,lidar_wave2,pavement,3people-pave,3people-pave_001636#2,workzone_wave2
C:\Users\jiahu\OneDrive\Documents\human_detect\work-zone-safety-rgbd-dataset\workzone_rgbd_dataset_wave2\images\3people-pave_001636.png,3people-pave_001636,3people-pave,001636,rgb,3people-pave_001636#3,718.067383,397.460358,799.504578,608.683472,5.351562,5.351562,3-6,lidar_wave2,pavement,3people-pave,3people-pave_001636#3,workzone_wave2
C:\Users\jiahu\OneDrive\Documents\human_detect\work-zone-safety-rgbd-dataset\workzone_rgbd_dataset_wave2\images\3people-pave_001646.png,3people-pave_001646,3people-pave,001646,rgb,3people-pave_001646#1,521.138184,388.901917,588.374329,550.627136,7.351562,7.351562,>6,lidar_wave2,pavement,3people-pave,3people-pave_001646#1,workzone_wave2
C:\Users\jiahu\OneDrive\Documents\human_detect\work-zone-safety-rgbd-dataset\workzone_rgbd_dataset_wave2\images\3people-pave_001646.png,3people-pave_001646,3people-pave,001646,rgb,3people-pave_001646#2,670.032793,380.169966,732.315325,539.343153,8.000000,8.000000,>6,lidar_wave2,pavement,3people-pave,3people-pave_001646#2,workzone_wave2
C:\Users\jiahu\OneDrive\Documents\human_detect\work-zone-safety-rgbd-dataset\workzone_rgbd_dataset_wave2\images\3people-pave_001646.png,3people-pave_001646,3people-pave,001646,rgb,3people-pave_001646#3,803.442139,401.830353,879.765991,601.491089,5.640625,5.640625,3-6,lidar_wave2,pavement,3people-pave,3people-pave_001646#3,workzone_wave2
C:\Users\jiahu\OneDrive\Documents\human_detect\work-zone-safety-rgbd-dataset\workzone_rgbd_dataset_wave2\images\3people-pave_001651.png,3people-pave_001651,3people-pave,001651,rgb,3people-pave_001651#1,503.612091,385.846893,565.530457,558.784973,6.753906,6.753906,>6,lidar_wave2,pavement,3people-pave,3people-pave_001651#1,workzone_wave2
C:\Users\jiahu\OneDrive\Documents\human_detect\work-zone-safety-rgbd-dataset\workzone_rgbd_dataset_wave2\images\3people-pave_001651.png,3people-pave_001651,3people-pave,001651,rgb,3people-pave_001651#2,657.421875,384.486145,712.742615,536.434204,8.421875,8.421875,>6,lidar_wave2,pavement,3people-pave,3people-pave_001651#2,workzone_wave2
C:\Users\jiahu\OneDrive\Documents\human_detect\work-zone-safety-rgbd-dataset\workzone_rgbd_dataset_wave2\images\3people-pave_001651.png,3people-pave_001651,3people-pave,001651,rgb,3people-pave_001651#3,836.273499,403.291931,936.592773,601.214111,5.650391,5.650391,3-6,lidar_wave2,pavement,3people-pave,3people-pave_001651#3,workzone_wave2
C:\Users\jiahu\OneDrive\Documents\human_detect\work-zone-safety-rgbd-dataset\workzone_rgbd_dataset_wave2\images\3people-pave_001663.png,3people-pave_001663,3people-pave,001663,rgb,3people-pave_001663#1,426.308533,379.647278,493.038025,566.142578,6.621094,6.621094,>6,lidar_wave2,pavement,3people-pave,3people-pave_001663#1,workzone_wave2
C:\Users\jiahu\OneDrive\Documents\human_detect\work-zone-safety-rgbd-dataset\workzone_rgbd_dataset_wave2\images\3people-pave_001663.png,3people-pave_001663,3people-pave,001663,rgb,3people-pave_001663#2,600.320618,389.239227,656.878052,527.421509,8.925781,8.925781,>6,lidar_wave2,pavement,3people-pave,3people-pave_001663#2,workzone_wave2
C:\Users\jiahu\OneDrive\Documents\human_detect\work-zone-safety-rgbd-dataset\workzone_rgbd_dataset_wave2\images\3people-pave_001663.png,3people-pave_001663,3people-pave,001663,rgb,3people-pave_001663#3,919.487183,409.286163,959.707397,581.772034,8.453125,8.453125,>6,lidar_wave2,pavement,3people-pave,3people-pave_001663#3,workzone_wave2
C:\Users\jiahu\OneDrive\Documents\human_detect\work-zone-safety-rgbd-dataset\workzone_rgbd_dataset_wave2\images\3people-pave_001673.png,3people-pave_001673,3people-pave,001673,rgb,3people-pave_001673#1,392.589233,377.324524,461.902985,580.870483,6.031250,6.031250,>6,lidar_wave2,pavement,3people-pave,3people-pave_001673#1,workzone_wave2
C:\Users\jiahu\OneDrive\Documents\human_detect\work-zone-safety-rgbd-dataset\workzone_rgbd_dataset_wave2\images\3people-pave_001673.png,3people-pave_001673,3people-pave,001673,rgb,3people-pave_001673#2,534.470825,386.786713,602.639465,530.221802,9.003906,9.003906,>6,lidar_wave2,pavement,3people-pave,3people-pave_001673#2,workzone_wave2
C:\Users\jiahu\OneDrive\Documents\human_detect\work-zone-safety-rgbd-dataset\workzone_rgbd_dataset_wave2\images\3people-pave_001682.png,3people-pave_001682,3people-pave,001682,rgb,3people-pave_001682#1,427.199707,374.976379,524.584717,610.465027,5.453125,5.453125,3-6,lidar_wave2,pavement,3people-pave,3people-pave_001682#1,workzone_wave2
C:\Users\jiahu\OneDrive\Documents\human_detect\work-zone-safety-rgbd-dataset\workzone_rgbd_dataset_wave2\images\3people-pave_001682.png,3people-pave_001682,3people-pave,001682,rgb,3people-pave_001682#2,500.771576,385.186066,559.426636,531.832581,8.664062,8.664062,>6,lidar_wave2,pavement,3people-pave,3people-pave_001682#2,workzone_wave2
C:\Users\jiahu\OneDrive\Documents\human_detect\work-zone-safety-rgbd-dataset\workzone_rgbd_dataset_wave2\images\3people-pave_001682.png,3people-pave_001682,3people-pave,001682,rgb,3people-pave_001682#3,915.777466,406.288879,959.776245,553.751648,7.382812,7.382812,>6,lidar_wave2,pavement,3people-pave,3people-pave_001682#3,workzone_wave2
C:\Users\jiahu\OneDrive\Documents\human_detect\work-zone-safety-rgbd-dataset\workzone_rgbd_dataset_wave2\images\3people-pave_001697.png,3people-pave_001697,3people-pave,001697,rgb,3people-pave_001697#1,433.934801,383.758417,484.284236,537.215000,,,>6,lidar_wave2,pavement,3people-pave,3people-pave_001697#1,workzone_wave2
C:\Users\jiahu\OneDrive\Documents\human_detect\work-zone-safety-rgbd-dataset\workzone_rgbd_dataset_wave2\images\3people-pave_001697.png,3people-pave_001697,3people-pave,001697,rgb,3people-pave_001697#2,448.882135,357.109054,577.583643,686.345382,4.031250,4.031250,3-6,lidar_wave2,pavement,3people-pave,3people-pave_001697#2,workzone_wave2
C:\Users\jiahu\OneDrive\Documents\human_detect\work-zone-safety-rgbd-dataset\workzone_rgbd_dataset_wave2\images\3people-pave_001697.png,3people-pave_001697,3people-pave,001697,rgb,3people-pave_001697#3,791.372131,405.738098,866.346130,543.419128,7.570312,7.570312,>6,lidar_wave2,pavement,3people-pave,3people-pave_001697#3,workzone_wave2
C:\Users\jiahu\OneDrive\Documents\human_detect\work-zone-safety-rgbd-dataset\workzone_rgbd_dataset_wave2\images\3people-pave_001709.png,3people-pave_001709,3people-pave,001709,rgb,3people-pave_001709#1,422.703369,385.444611,464.523743,512.849731,,,>6,lidar_wave2,pavement,3people-pave,3people-pave_001709#1,workzone_wave2
C:\Users\jiahu\OneDrive\Documents\human_detect\work-zone-safety-rgbd-dataset\workzone_rgbd_dataset_wave2\images\3people-pave_001709.png,3people-pave_001709,3people-pave,001709,rgb,3people-pave_001709#2,417.611023,325.046814,569.065796,719.341736,2.703125,2.703125,<3,lidar_wave2,pavement,3people-pave,3people-pave_001709#2,workzone_wave2
C:\Users\jiahu\OneDrive\Documents\human_detect\work-zone-safety-rgbd-dataset\workzone_rgbd_dataset_wave2\images\3people-pave_001709.png,3people-pave_001709,3people-pave,001709,rgb,3people-pave_001709#3,704.766174,406.603729,774.989136,543.211853,8.757812,8.757812,>6,lidar_wave2,pavement,3people-pave,3people-pave_001709#3,workzone_wave2
C:\Users\jiahu\OneDrive\Documents\human_detect\work-zone-safety-rgbd-dataset\workzone_rgbd_dataset_wave2\images\3people-pave_001715.png,3people-pave_001715,3people-pave,001715,rgb,3people-pave_001715#1,379.354828,302.282318,520.964905,719.369629,2.111328,2.111328,<3,lidar_wave2,pavement,3people-pave,3people-pave_001715#1,workzone_wave2
C:\Users\jiahu\OneDrive\Documents\human_detect\work-zone-safety-rgbd-dataset\workzone_rgbd_dataset_wave2\images\3people-pave_001715.png,3people-pave_001715,3people-pave,001715,rgb,3people-pave_001715#2,656.830872,405.655457,725.147095,543.620850,9.750000,9.750000,>6,lidar_wave2,pavement,3people-pave,3people-pave_001715#2,workzone_wave2
C:\Users\jiahu\OneDrive\Documents\human_detect\work-zone-safety-rgbd-dataset\workzone_rgbd_dataset_wave2\images\3people-pave_001720.png,3people-pave_001720,3people-pave,001720,rgb,3people-pave_001720#1,297.820587,273.511963,561.090881,719.060852,1.576172,1.576172,<3,lidar_wave2,pavement,3people-pave,3people-pave_001720#1,workzone_wave2
C:\Users\jiahu\OneDrive\Documents\human_detect\work-zone-safety-rgbd-dataset\workzone_rgbd_dataset_wave2\images\3people-pave_001720.png,3people-pave_001720,3people-pave,001720,rgb,3people-pave_001720#2,613.269348,405.820221,695.492859,550.838623,7.220703,7.220703,>6,lidar_wave2,pavement,3people-pave,3people-pave_001720#2,workzone_wave2
C:\Users\jiahu\OneDrive\Documents\human_detect\work-zone-safety-rgbd-dataset\workzone_rgbd_dataset_wave2\images\3people-pave_001739.png,3people-pave_001739,3people-pave,001739,rgb,3people-pave_001739#1,519.642029,357.144836,635.928833,677.392822,4.031250,4.031250,3-6,lidar_wave2,pavement,3people-pave,3people-pave_001739#1,workzone_wave2
C:\Users\jiahu\OneDrive\Documents\human_detect\work-zone-safety-rgbd-dataset\workzone_rgbd_dataset_wave2\images\3people-pave_001739.png,3people-pave_001739,3people-pave,001739,rgb,3people-pave_001739#2,864.219727,393.161682,959.971436,719.384033,1.666016,1.666016,<3,lidar_wave2,pavement,3people-pave,3people-pave_001739#2,workzone_wave2
C:\Users\jiahu\OneDrive\Documents\human_detect\work-zone-safety-rgbd-dataset\workzone_rgbd_dataset_wave2\images\3people-pave_001744.png,3people-pave_001744,3people-pave,001744,rgb,3people-pave_001744#1,471.168274,391.515747,542.161377,572.173279,6.140625,6.140625,>6,lidar_wave2,pavement,3people-pave,3people-pave_001744#1,workzone_wave2
C:\Users\jiahu\OneDrive\Documents\human_detect\work-zone-safety-rgbd-dataset\workzone_rgbd_dataset_wave2\images\3people-pave_001744.png,3people-pave_001744,3people-pave,001744,rgb,3people-pave_001744#2,541.481140,353.594421,697.157959,698.604004,3.648438,3.648438,3-6,lidar_wave2,pavement,3people-pave,3people-pave_001744#2,workzone_wave2
C:\Users\jiahu\OneDrive\Documents\human_detect\work-zone-safety-rgbd-dataset\workzone_rgbd_dataset_wave2\images\3people-pave_001755.png,3people-pave_001755,3people-pave,001755,rgb,3people-pave_001755#1,368.182037,402.064819,455.420837,582.573303,6.187500,6.187500,>6,lidar_wave2,pavement,3people-pave,3people-pave_001755#1,workzone_wave2
C:\Users\jiahu\OneDrive\Documents\human_detect\work-zone-safety-rgbd-dataset\workzone_rgbd_dataset_wave2\images\3people-pave_001755.png,3people-pave_001755,3people-pave,001755,rgb,3people-pave_001755#2,526.124512,332.440491,699.787415,719.719360,2.728516,2.728516,<3,lidar_wave2,pavement,3people-pave,3people-pave_001755#2,workzone_wave2
C:\Users\jiahu\OneDrive\Documents\human_detect\work-zone-safety-rgbd-dataset\workzone_rgbd_dataset_wave2\images\3people-pave_001755.png,3people-pave_001755,3people-pave,001755,rgb,3people-pave_001755#3,777.944275,347.159912,959.302185,719.576660,2.542969,2.542969,<3,lidar_wave2,pavement,3people-pave,3people-pave_001755#3,workzone_wave2
C:\Users\jiahu\OneDrive\Documents\human_detect\work-zone-safety-rgbd-dataset\workzone_rgbd_dataset_wave2\images\3people-pave_001761.png,3people-pave_001761,3people-pave,001761,rgb,3people-pave_001761#1,319.429138,386.328461,394.968231,585.648804,5.812500,5.812500,3-6,lidar_wave2,pavement,3people-pave,3people-pave_001761#1,workzone_wave2
C:\Users\jiahu\OneDrive\Documents\human_detect\work-zone-safety-rgbd-dataset\workzone_rgbd_dataset_wave2\images\3people-pave_001761.png,3people-pave_001761,3people-pave,001761,rgb,3people-pave_001761#2,487.392700,318.151245,656.069336,719.007568,2.291016,2.291016,<3,lidar_wave2,pavement,3people-pave,3people-pave_001761#2,workzone_wave2
C:\Users\jiahu\OneDrive\Documents\human_detect\work-zone-safety-rgbd-dataset\workzone_rgbd_dataset_wave2\images\3people-pave_001761.png,3people-pave_001761,3people-pave,001761,rgb,3people-pave_001761#3,704.390503,357.609924,874.661194,719.651611,3.123047,3.123047,3-6,lidar_wave2,pavement,3people-pave,3people-pave_001761#3,workzone_wave2
C:\Users\jiahu\OneDrive\Documents\human_detect\work-zone-safety-rgbd-dataset\workzone_rgbd_dataset_wave2\images\3people-pave_001771.png,3people-pave_001771,3people-pave,001771,rgb,3people-pave_001771#1,328.365997,276.581879,510.690155,719.390808,1.659180,1.659180,<3,lidar_wave2,pavement,3people-pave,3people-pave_001771#1,workzone_wave2
C:\Users\jiahu\OneDrive\Documents\human_detect\work-zone-safety-rgbd-dataset\workzone_rgbd_dataset_wave2\images\3people-pave_001771.png,3people-pave_001771,3people-pave,001771,rgb,3people-pave_001771#2,612.997620,358.752686,700.080933,668.776978,4.050781,4.050781,3-6,lidar_wave2,pavement,3people-pave,3people-pave_001771#2,workzone_wave2
C:\Users\jiahu\OneDrive\Documents\human_detect\work-zone-safety-rgbd-dataset\workzone_rgbd_dataset_wave2\images\3people-pave_001787.png,3people-pave_001787,3people-pave,001787,rgb,3people-pave_001787#1,26.914993,288.994812,270.945190,719.482910,1.892578,1.892578,<3,lidar_wave2,pavement,3people-pave,3people-pave_001787#1,workzone_wave2
C:\Users\jiahu\OneDrive\Documents\human_detect\work-zone-safety-rgbd-dataset\workzone_rgbd_dataset_wave2\images\3people-pave_001787.png,3people-pave_001787,3people-pave,001787,rgb,3people-pave_001787#2,449.534454,371.869537,562.000916,599.495239,5.486328,5.486328,3-6,lidar_wave2,pavement,3people-pave,3people-pave_001787#2,workzone_wave2
C:\Users\jiahu\OneDrive\Documents\human_detect\work-zone-safety-rgbd-dataset\workzone_rgbd_dataset_wave2\images\3people-pave_001794.png,3people-pave_001794,3people-pave,001794,rgb,3people-pave_001794#1,77.097885,314.432922,302.918854,718.324951,2.369141,2.369141,<3,lidar_wave2,pavement,3people-pave,3people-pave_001794#1,workzone_wave2
C:\Users\jiahu\OneDrive\Documents\human_detect\work-zone-safety-rgbd-dataset\workzone_rgbd_dataset_wave2\images\3people-pave_001794.png,3people-pave_001794,3people-pave,001794,rgb,3people-pave_001794#2,394.216034,371.117676,464.729492,575.275696,5.867188,5.867188,3-6,lidar_wave2,pavement,3people-pave,3people-pave_001794#2,workzone_wave2
C:\Users\jiahu\OneDrive\Documents\human_detect\work-zone-safety-rgbd-dataset\workzone_rgbd_dataset_wave2\images\3people-pave_001801.png,3people-pave_001801,3people-pave,001801,rgb,3people-pave_001801#1,199.831604,335.061188,380.338165,719.532715,2.894531,2.894531,<3,lidar_wave2,pavement,3people-pave,3people-pave_001801#1,workzone_wave2
C:\Users\jiahu\OneDrive\Documents\human_detect\work-zone-safety-rgbd-dataset\workzone_rgbd_dataset_wave2\images\3people-pave_001801.png,3people-pave_001801,3people-pave,001801,rgb,3people-pave_001801#2,327.921246,361.083053,391.778633,578.475300,,,3-6,lidar_wave2,pavement,3people-pave,3people-pave_001801#2,workzone_wave2
C:\Users\jiahu\OneDrive\Documents\human_detect\work-zone-safety-rgbd-dataset\workzone_rgbd_dataset_wave2\images\3people-pave_001817.png,3people-pave_001817,3people-pave,001817,rgb,3people-pave_001817#1,204.662521,367.427704,233.722183,393.836731,,,>6,lidar_wave2,pavement,3people-pave,3people-pave_001817#1,workzone_wave2
C:\Users\jiahu\OneDrive\Documents\human_detect\work-zone-safety-rgbd-dataset\workzone_rgbd_dataset_wave2\images\3people-pave_001817.png,3people-pave_001817,3people-pave,001817,rgb,3people-pave_001817#2,384.545380,352.105774,534.994507,689.961365,3.765625,3.765625,3-6,lidar_wave2,pavement,3people-pave,3people-pave_001817#2,workzone_wave2
C:\Users\jiahu\OneDrive\Documents\human_detect\work-zone-safety-rgbd-dataset\workzone_rgbd_dataset_wave2\images\3people-pave_001828.png,3people-pave_001828,3people-pave,001828,rgb,3people-pave_001828#1,194.665309,357.274308,242.263155,407.923284,,,>6,lidar_wave2,pavement,3people-pave,3people-pave_001828#1,workzone_wave2
C:\Users\jiahu\OneDrive\Documents\human_detect\work-zone-safety-rgbd-dataset\workzone_rgbd_dataset_wave2\images\3people-pave_001828.png,3people-pave_001828,3people-pave,001828,rgb,3people-pave_001828#2,279.087464,394.314779,327.015054,437.721823,,,3-6,lidar_wave2,pavement,3people-pave,3people-pave_001828#2,workzone_wave2
C:\Users\jiahu\OneDrive\Documents\human_detect\work-zone-safety-rgbd-dataset\workzone_rgbd_dataset_wave2\images\3people-pave_001828.png,3people-pave_001828,3people-pave,001828,rgb,3people-pave_001828#3,478.591919,361.422119,587.338074,646.565186,4.312500,4.312500,3-6,lidar_wave2,pavement,3people-pave,3people-pave_001828#3,workzone_wave2
C:\Users\jiahu\OneDrive\Documents\human_detect\work-zone-safety-rgbd-dataset\workzone_rgbd_dataset_wave2\images\3people-pave_001836.png,3people-pave_001836,3people-pave,001836,rgb,3people-pave_001836#1,238.668182,368.587524,274.028595,408.434967,,,>6,lidar_wave2,pavement,3people-pave,3people-pave_001836#1,workzone_wave2
C:\Users\jiahu\OneDrive\Documents\human_detect\work-zone-safety-rgbd-dataset\workzone_rgbd_dataset_wave2\images\3people-pave_001836.png,3people-pave_001836,3people-pave,001836,rgb,3people-pave_001836#2,318.838942,388.993482,379.305358,566.810289,6.425781,6.425781,>6,lidar_wave2,pavement,3people-pave,3people-pave_001836#2,workzone_wave2
C:\Users\jiahu\OneDrive\Documents\human_detect\work-zone-safety-rgbd-dataset\workzone_rgbd_dataset_wave2\images\3people-pave_001836.png,3people-pave_001836,3people-pave,001836,rgb,3people-pave_001836#3,523.290161,367.154663,629.363892,630.158264,4.855469,4.855469,3-6,lidar_wave2,pavement,3people-pave,3people-pave_001836#3,workzone_wave2
C:\Users\jiahu\OneDrive\Documents\human_detect\work-zone-safety-rgbd-dataset\workzone_rgbd_dataset_wave2\images\3people-pave_001846.png,3people-pave_001846,3people-pave,001846,rgb,3people-pave_001846#1,295.284027,368.819092,376.527557,566.821655,5.818359,5.818359,3-6,lidar_wave2,pavement,3people-pave,3people-pave_001846#1,workzone_wave2
C:\Users\jiahu\OneDrive\Documents\human_detect\work-zone-safety-rgbd-dataset\workzone_rgbd_dataset_wave2\images\3people-pave_001846.png,3people-pave_001846,3people-pave,001846,rgb,3people-pave_001846#2,351.888373,372.269740,397.668310,566.696498,7.474609,7.474609,>6,lidar_wave2,pavement,3people-pave,3people-pave_001846#2,workzone_wave2
C:\Users\jiahu\OneDrive\Documents\human_detect\work-zone-safety-rgbd-dataset\workzone_rgbd_dataset_wave2\images\3people-pave_001846.png,3people-pave_001846,3people-pave,001846,rgb,3people-pave_001846#3,555.050964,372.897003,653.477661,612.473694,5.226562,5.226562,3-6,lidar_wave2,pavement,3people-pave,3people-pave_001846#3,workzone_wave2
C:\Users\jiahu\OneDrive\Documents\human_detect\work-zone-safety-rgbd-dataset\workzone_rgbd_dataset_wave2\images\3people-pave_001856.png,3people-pave_001856,3people-pave,001856,rgb,3people-pave_001856#1,360.341217,370.204987,472.845886,596.475769,5.589844,5.589844,3-6,lidar_wave2,pavement,3people-pave,3people-pave_001856#1,workzone_wave2
C:\Users\jiahu\OneDrive\Documents\human_detect\work-zone-safety-rgbd-dataset\workzone_rgbd_dataset_wave2\images\3people-pave_001856.png,3people-pave_001856,3people-pave,001856,rgb,3people-pave_001856#2,594.081848,376.041351,689.740906,594.675476,5.777344,5.777344,3-6,lidar_wave2,pavement,3people-pave,3people-pave_001856#2,workzone_wave2
C:\Users\jiahu\OneDrive\Documents\human_detect\work-zone-safety-rgbd-dataset\workzone_rgbd_dataset_wave2\images\3people-pave_001863.png,3people-pave_001863,3people-pave,001863,rgb,3people-pave_001863#1,391.905762,427.499359,444.853088,560.978943,6.960938,6.960938,>6,lidar_wave2,pavement,3people-pave,3people-pave_001863#1,workzone_wave2
C:\Users\jiahu\OneDrive\Documents\human_detect\work-zone-safety-rgbd-dataset\workzone_rgbd_dataset_wave2\images\3people-pave_001863.png,3people-pave_001863,3people-pave,001863,rgb,3people-pave_001863#2,426.412994,375.723572,498.518646,626.974854,4.914062,4.914062,3-6,lidar_wave2,pavement,3people-pave,3people-pave_001863#2,workzone_wave2
C:\Users\jiahu\OneDrive\Documents\human_detect\work-zone-safety-rgbd-dataset\workzone_rgbd_dataset_wave2\images\3people-pave_001863.png,3people-pave_001863,3people-pave,001863,rgb,3people-pave_001863#3,628.889648,379.988068,697.637024,578.630371,6.078125,6.078125,>6,lidar_wave2,pavement,3people-pave,3people-pave_001863#3,workzone_wave2
C:\Users\jiahu\OneDrive\Documents\human_detect\work-zone-safety-rgbd-dataset\workzone_rgbd_dataset_wave2\images\3people-pave_001879.png,3people-pave_001879,3people-pave,001879,rgb,3people-pave_001879#1,414.586487,365.498871,504.360352,619.158447,4.972656,4.972656,3-6,lidar_wave2,pavement,3people-pave,3people-pave_001879#1,workzone_wave2
C:\Users\jiahu\OneDrive\Documents\human_detect\work-zone-safety-rgbd-dataset\workzone_rgbd_dataset_wave2\images\3people-pave_001879.png,3people-pave_001879,3people-pave,001879,rgb,3people-pave_001879#2,526.880066,399.138702,596.557434,571.535950,6.681641,6.681641,>6,lidar_wave2,pavement,3people-pave,3people-pave_001879#2,workzone_wave2
C:\Users\jiahu\OneDrive\Documents\human_detect\work-zone-safety-rgbd-dataset\workzone_rgbd_dataset_wave2\images\3people-pave_001879.png,3people-pave_001879,3people-pave,001879,rgb,3people-pave_001879#3,667.247375,382.183594,727.958557,556.914001,7.425781,7.425781,>6,lidar_wave2,pavement,3people-pave,3people-pave_001879#3,workzone_wave2
C:\Users\jiahu\OneDrive\Documents\human_detect\work-zone-safety-rgbd-dataset\workzone_rgbd_dataset_wave2\images\3people-pave_001881.png,3people-pave_001881,3people-pave,001881,rgb,3people-pave_001881#1,417.280151,368.506165,495.715210,616.714966,5.003906,5.003906,3-6,lidar_wave2,pavement,3people-pave,3people-pave_001881#1,workzone_wave2
C:\Users\jiahu\OneDrive\Documents\human_detect\work-zone-safety-rgbd-dataset\workzone_rgbd_dataset_wave2\images\3people-pave_001881.png,3people-pave_001881,3people-pave,001881,rgb,3people-pave_001881#2,534.223206,399.113373,614.526672,572.268616,6.500000,6.500000,>6,lidar_wave2,pavement,3people-pave,3people-pave_001881#2,workzone_wave2
C:\Users\jiahu\OneDrive\Documents\human_detect\work-zone-safety-rgbd-dataset\workzone_rgbd_dataset_wave2\images\3people-pave_001881.png,3people-pave_001881,3people-pave,001881,rgb,3people-pave_001881#3,665.208374,381.599854,731.741821,555.466736,7.480469,7.480469,>6,lidar_wave2,pavement,3people-pave,3people-pave_001881#3,workzone_wave2
C:\Users\jiahu\OneDrive\Documents\human_detect\work-zone-safety-rgbd-dataset\workzone_rgbd_dataset_wave2\images\3people-pave_001899.png,3people-pave_001899,3people-pave,001899,rgb,3people-pave_001899#1,444.657440,379.346436,512.877197,572.398926,6.558594,6.558594,>6,lidar_wave2,pavement,3people-pave,3people-pave_001899#1,workzone_wave2
C:\Users\jiahu\OneDrive\Documents\human_detect\work-zone-safety-rgbd-dataset\workzone_rgbd_dataset_wave2\images\3people-pave_001899.png,3people-pave_001899,3people-pave,001899,rgb,3people-pave_001899#2,662.262268,386.089874,717.929993,534.707703,8.757812,8.757812,>6,lidar_wave2,pavement,3people-pave,3people-pave_001899#2,workzone_wave2
C:\Users\jiahu\OneDrive\Documents\human_detect\work-zone-safety-rgbd-dataset\workzone_rgbd_dataset_wave2\images\3people-pave_001899.png,3people-pave_001899,3people-pave,001899,rgb,3people-pave_001899#3,703.960144,405.745514,802.415222,585.219238,6.259766,6.259766,>6,lidar_wave2,pavement,3people-pave,3people-pave_001899#3,workzone_wave2
C:\Users\jiahu\OneDrive\Documents\human_detect\work-zone-safety-rgbd-dataset\workzone_rgbd_dataset_wave2\images\3people-pave_001900.png,3people-pave_001900,3people-pave,001900,rgb,3people-pave_001900#1,445.573608,379.771362,513.139526,567.026917,6.683594,6.683594,>6,lidar_wave2,pavement,3people-pave,3people-pave_001900#1,workzone_wave2
C:\Users\jiahu\OneDrive\Documents\human_detect\work-zone-safety-rgbd-dataset\workzone_rgbd_dataset_wave2\images\3people-pave_001900.png,3people-pave_001900,3people-pave,001900,rgb,3people-pave_001900#2,660.550781,387.613312,715.780151,531.561035,8.968750,8.968750,>6,lidar_wave2,pavement,3people-pave,3people-pave_001900#2,workzone_wave2
C:\Users\jiahu\OneDrive\Documents\human_detect\work-zone-safety-rgbd-dataset\workzone_rgbd_dataset_wave2\images\3people-pave_001900.png,3people-pave_001900,3people-pave,001900,rgb,3people-pave_001900#3,721.453308,403.796906,800.253662,584.717529,6.501953,6.501953,>6,lidar_wave2,pavement,3people-pave,3people-pave_001900#3,workzone_wave2
C:\Users\jiahu\OneDrive\Documents\human_detect\work-zone-safety-rgbd-dataset\workzone_rgbd_dataset_wave2\images\3people-pave_001916.png,3people-pave_001916,3people-pave,001916,rgb,3people-pave_001916#1,494.396667,385.274048,545.393188,540.531555,8.171875,8.171875,>6,lidar_wave2,pavement,3people-pave,3people-pave_001916#1,workzone_wave2
C:\Users\jiahu\OneDrive\Documents\human_detect\work-zone-safety-rgbd-dataset\workzone_rgbd_dataset_wave2\images\3people-pave_001916.png,3people-pave_001916,3people-pave,001916,rgb,3people-pave_001916#2,603.566162,388.074829,661.239624,526.090454,9.148438,9.148438,>6,lidar_wave2,pavement,3people-pave,3people-pave_001916#2,workzone_wave2
C:\Users\jiahu\OneDrive\Documents\human_detect\work-zone-safety-rgbd-dataset\workzone_rgbd_dataset_wave2\images\3people-pave_001916.png,3people-pave_001916,3people-pave,001916,rgb,3people-pave_001916#3,844.192383,405.624756,935.363159,578.161560,6.800781,6.800781,>6,lidar_wave2,pavement,3people-pave,3people-pave_001916#3,workzone_wave2
C:\Users\jiahu\OneDrive\Documents\human_detect\work-zone-safety-rgbd-dataset\workzone_rgbd_dataset_wave2\images\3people-pave_001927.png,3people-pave_001927,3people-pave,001927,rgb,3people-pave_001927#1,491.746704,386.544434,555.818054,546.132019,7.750000,7.750000,>6,lidar_wave2,pavement,3people-pave,3people-pave_001927#1,workzone_wave2
C:\Users\jiahu\OneDrive\Documents\human_detect\work-zone-safety-rgbd-dataset\workzone_rgbd_dataset_wave2\images\3people-pave_001927.png,3people-pave_001927,3people-pave,001927,rgb,3people-pave_001927#2,595.192932,389.339203,652.508240,538.856140,8.320312,8.320312,>6,lidar_wave2,pavement,3people-pave,3people-pave_001927#2,workzone_wave2
C:\Users\jiahu\OneDrive\Documents\human_detect\work-zone-safety-rgbd-dataset\workzone_rgbd_dataset_wave2\images\3people-pave_001927.png,3people-pave_001927,3people-pave,001927,rgb,3people-pave_001927#3,882.452332,405.317688,955.482666,562.357239,8.050781,8.050781,>6,lidar_wave2,pavement,3people-pave,3people-pave_001927#3,workzone_wave2
C:\Users\jiahu\OneDrive\Documents\human_detect\work-zone-safety-rgbd-dataset\workzone_rgbd_dataset_wave2\images\3people-pave_001932.png,3people-pave_001932,3people-pave,001932,rgb,3people-pave_001932#1,491.566681,392.246429,561.487488,566.953003,7.269531,7.269531,>6,lidar_wave2,pavement,3people-pave,3people-pave_001932#1,workzone_wave2
C:\Users\jiahu\OneDrive\Documents\human_detect\work-zone-safety-rgbd-dataset\workzone_rgbd_dataset_wave2\images\3people-pave_001932.png,3people-pave_001932,3people-pave,001932,rgb,3people-pave_001932#2,594.953735,389.000427,650.554993,543.465271,8.013672,8.013672,>6,lidar_wave2,pavement,3people-pave,3people-pave_001932#2,workzone_wave2
C:\Users\jiahu\OneDrive\Documents\human_detect\work-zone-safety-rgbd-dataset\workzone_rgbd_dataset_wave2\images\3people-pave_001932.png,3people-pave_001932,3people-pave,001932,rgb,3people-pave_001932#3,878.674988,404.410522,948.804382,553.766602,7.726562,7.726562,>6,lidar_wave2,pavement,3people-pave,3people-pave_001932#3,workzone_wave2
C:\Users\jiahu\OneDrive\Documents\human_detect\work-zone-safety-rgbd-dataset\workzone_rgbd_dataset_wave2\images\3people-pave_001943.png,3people-pave_001943,3people-pave,001943,rgb,3people-pave_001943#1,486.205902,374.737091,570.289368,589.452148,5.972656,5.972656,3-6,lidar_wave2,pavement,3people-pave,3people-pave_001943#1,workzone_wave2
C:\Users\jiahu\OneDrive\Documents\human_detect\work-zone-safety-rgbd-dataset\workzone_rgbd_dataset_wave2\images\3people-pave_001943.png,3people-pave_001943,3people-pave,001943,rgb,3people-pave_001943#2,601.120789,383.760406,663.365479,558.492615,7.261719,7.261719,>6,lidar_wave2,pavement,3people-pave,3people-pave_001943#2,workzone_wave2
C:\Users\jiahu\OneDrive\Documents\human_detect\work-zone-safety-rgbd-dataset\workzone_rgbd_dataset_wave2\images\3people-pave_001943.png,3people-pave_001943,3people-pave,001943,rgb,3people-pave_001943#3,848.748779,405.097076,903.304688,538.053406,9.171875,9.171875,>6,lidar_wave2,pavement,3people-pave,3people-pave_001943#3,workzone_wave2
C:\Users\jiahu\OneDrive\Documents\human_detect\work-zone-safety-rgbd-dataset\workzone_rgbd_dataset_wave2\images\3people-pave_001959.png,3people-pave_001959,3people-pave,001959,rgb,3people-pave_001959#1,476.153412,364.437469,574.083862,672.965027,4.289062,4.289062,3-6,lidar_wave2,pavement,3people-pave,3people-pave_001959#1,workzone_wave2
C:\Users\jiahu\OneDrive\Documents\human_detect\work-zone-safety-rgbd-dataset\workzone_rgbd_dataset_wave2\images\3people-pave_001959.png,3people-pave_001959,3people-pave,001959,rgb,3people-pave_001959#2,631.658020,377.966400,709.578186,605.373108,5.664062,5.664062,3-6,lidar_wave2,pavement,3people-pave,3people-pave_001959#2,workzone_wave2
C:\Users\jiahu\OneDrive\Documents\human_detect\work-zone-safety-rgbd-dataset\workzone_rgbd_dataset_wave2\images\3people-pave_001959.png,3people-pave_001959,3people-pave,001959,rgb,3people-pave_001959#3,731.598875,398.971146,781.783997,528.639465,8.722656,8.722656,>6,lidar_wave2,pavement,3people-pave,3people-pave_001959#3,workzone_wave2
C:\Users\jiahu\OneDrive\Documents\human_detect\work-zone-safety-rgbd-dataset\workzone_rgbd_dataset_wave2\images\3people-pave_001966.png,3people-pave_001966,3people-pave,001966,rgb,3people-pave_001966#1,429.598755,356.023926,549.264404,719.699036,3.515625,3.515625,3-6,lidar_wave2,pavement,3people-pave,3people-pave_001966#1,workzone_wave2
C:\Users\jiahu\OneDrive\Documents\human_detect\work-zone-safety-rgbd-dataset\workzone_rgbd_dataset_wave2\images\3people-pave_001966.png,3people-pave_001966,3people-pave,001966,rgb,3people-pave_001966#2,654.248169,372.380249,743.847534,633.136963,5.113281,5.113281,3-6,lidar_wave2,pavement,3people-pave,3people-pave_001966#2,workzone_wave2
C:\Users\jiahu\OneDrive\Documents\human_detect\work-zone-safety-rgbd-dataset\workzone_rgbd_dataset_wave2\images\3people-pave_001972.png,3people-pave_001972,3people-pave,001972,rgb,3people-pave_001972#1,408.313782,341.755371,512.154724,719.540771,3.195312,3.195312,3-6,lidar_wave2,pavement,3people-pave,3people-pave_001972#1,workzone_wave2
C:\Users\jiahu\OneDrive\Documents\human_detect\work-zone-safety-rgbd-dataset\workzone_rgbd_dataset_wave2\images\3people-pave_001972.png,3people-pave_001972,3people-pave,001972,rgb,3people-pave_001972#2,627.699829,403.975891,690.642517,532.233276,7.923828,7.923828,>6,lidar_wave2,pavement,3people-pave,3people-pave_001972#2,workzone_wave2
C:\Users\jiahu\OneDrive\Documents\human_detect\work-zone-safety-rgbd-dataset\workzone_rgbd_dataset_wave2\images\3people-pave_001972.png,3people-pave_001972,3people-pave,001972,rgb,3people-pave_001972#3,683.530762,371.169342,785.270752,658.034058,4.535156,4.535156,3-6,lidar_wave2,pavement,3people-pave,3people-pave_001972#3,workzone_wave2
C:\Users\jiahu\OneDrive\Documents\human_detect\work-zone-safety-rgbd-dataset\workzone_rgbd_dataset_wave2\images\3people-pave_001987.png,3people-pave_001987,3people-pave,001987,rgb,3people-pave_001987#1,245.742920,279.099884,543.109680,719.238342,1.835938,1.835938,<3,lidar_wave2,pavement,3people-pave,3people-pave_001987#1,workzone_wave2
C:\Users\jiahu\OneDrive\Documents\human_detect\work-zone-safety-rgbd-dataset\workzone_rgbd_dataset_wave2\images\3people-pave_001987.png,3people-pave_001987,3people-pave,001987,rgb,3people-pave_001987#2,546.783569,398.180969,597.970154,545.588928,7.984375,7.984375,>6,lidar_wave2,pavement,3people-pave,3people-pave_001987#2,workzone_wave2
C:\Users\jiahu\OneDrive\Documents\human_detect\work-zone-safety-rgbd-dataset\workzone_rgbd_dataset_wave2\images\3people-pave_001987.png,3people-pave_001987,3people-pave,001987,rgb,3people-pave_001987#3,801.352661,352.995850,959.621155,719.356934,3.195312,3.195312,3-6,lidar_wave2,pavement,3people-pave,3people-pave_001987#3,workzone_wave2
C:\Users\jiahu\OneDrive\Documents\human_detect\work-zone-safety-rgbd-dataset\workzone_rgbd_dataset_wave2\images\3people-pave_001990.png,3people-pave_001990,3people-pave,001990,rgb,3people-pave_001990#1,279.911407,274.985657,558.178772,719.682739,1.609863,1.609863,<3,lidar_wave2,pavement,3people-pave,3people-pave_001990#1,workzone_wave2
C:\Users\jiahu\OneDrive\Documents\human_detect\work-zone-safety-rgbd-dataset\workzone_rgbd_dataset_wave2\images\3people-pave_001990.png,3people-pave_001990,3people-pave,001990,rgb,3people-pave_001990#2,530.218018,398.958466,607.554195,552.441255,6.093750,6.093750,>6,lidar_wave2,pavement,3people-pave,3people-pave_001990#2,workzone_wave2
C:\Users\jiahu\OneDrive\Documents\human_detect\work-zone-safety-rgbd-dataset\workzone_rgbd_dataset_wave2\images\3people-pave_001990.png,3people-pave_001990,3people-pave,001990,rgb,3people-pave_001990#3,823.288696,350.506378,959.443726,719.234619,2.957031,2.957031,<3,lidar_wave2,pavement,3people-pave,3people-pave_001990#3,workzone_wave2
C:\Users\jiahu\OneDrive\Documents\human_detect\work-zone-safety-rgbd-dataset\workzone_rgbd_dataset_wave2\images\3people-pave_002000.png,3people-pave_002000,3people-pave,002000,rgb,3people-pave_002000#1,335.173828,228.523315,753.403442,719.055603,1.129883,1.129883,<3,lidar_wave2,pavement,3people-pave,3people-pave_002000#1,workzone_wave2
C:\Users\jiahu\OneDrive\Documents\human_detect\work-zone-safety-rgbd-dataset\workzone_rgbd_dataset_wave2\images\3people-pave_002000.png,3people-pave_002000,3people-pave,002000,rgb,3people-pave_002000#2,820.208130,324.553741,959.362793,718.828613,2.369141,2.369141,<3,lidar_wave2,pavement,3people-pave,3people-pave_002000#2,workzone_wave2
C:\Users\jiahu\OneDrive\Documents\human_detect\work-zone-safety-rgbd-dataset\workzone_rgbd_dataset_wave2\images\3people-pave_002016.png,3people-pave_002016,3people-pave,002016,rgb,3people-pave_002016#1,298.002562,398.090149,359.155334,554.839652,,,3-6,lidar_wave2,pavement,3people-pave,3people-pave_002016#1,workzone_wave2
C:\Users\jiahu\OneDrive\Documents\human_detect\work-zone-safety-rgbd-dataset\workzone_rgbd_dataset_wave2\images\3people-pave_002016.png,3people-pave_002016,3people-pave,002016,rgb,3people-pave_002016#2,320.407813,277.833008,595.943854,720.000000,1.541016,1.541016,<3,lidar_wave2,pavement,3people-pave,3people-pave_002016#2,workzone_wave2
C:\Users\jiahu\OneDrive\Documents\human_detect\work-zone-safety-rgbd-dataset\workzone_rgbd_dataset_wave2\images\3people-pave_002016.png,3people-pave_002016,3people-pave,002016,rgb,3people-pave_002016#3,580.896667,336.620087,780.653198,720.000000,2.816406,2.816406,<3,lidar_wave2,pavement,3people-pave,3people-pave_002016#3,workzone_wave2
C:\Users\jiahu\OneDrive\Documents\human_detect\work-zone-safety-rgbd-dataset\workzone_rgbd_dataset_wave2\images\3people-pave_002029.png,3people-pave_002029,3people-pave,002029,rgb,3people-pave_002029#1,339.800293,339.073181,499.828522,719.432007,2.673828,2.673828,<3,lidar_wave2,pavement,3people-pave,3people-pave_002029#1,workzone_wave2
C:\Users\jiahu\OneDrive\Documents\human_detect\work-zone-safety-rgbd-dataset\workzone_rgbd_dataset_wave2\images\3people-pave_002029.png,3people-pave_002029,3people-pave,002029,rgb,3people-pave_002029#2,579.819397,356.695770,747.627380,688.370605,3.814453,3.814453,3-6,lidar_wave2,pavement,3people-pave,3people-pave_002029#2,workzone_wave2
C:\Users\jiahu\OneDrive\Documents\human_detect\work-zone-safety-rgbd-dataset\workzone_rgbd_dataset_wave2\images\3people-pave_002030.png,3people-pave_002030,3people-pave,002030,rgb,3people-pave_002030#1,341.943878,341.417908,503.839508,719.331299,2.773438,2.773438,<3,lidar_wave2,pavement,3people-pave,3people-pave_002030#1,workzone_wave2
C:\Users\jiahu\OneDrive\Documents\human_detect\work-zone-safety-rgbd-dataset\workzone_rgbd_dataset_wave2\images\3people-pave_002030.png,3people-pave_002030,3people-pave,002030,rgb,3people-pave_002030#2,591.669067,358.448303,760.190552,686.781860,3.869141,3.869141,3-6,lidar_wave2,pavement,3people-pave,3people-pave_002030#2,workzone_wave2
C:\Users\jiahu\OneDrive\Documents\human_detect\work-zone-safety-rgbd-dataset\workzone_rgbd_dataset_wave2\images\3people-pave_002047.png,3people-pave_002047,3people-pave,002047,rgb,3people-pave_002047#1,383.807709,359.692993,488.352905,654.576111,4.390625,4.390625,3-6,lidar_wave2,pavement,3people-pave,3people-pave_002047#1,workzone_wave2
C:\Users\jiahu\OneDrive\Documents\human_detect\work-zone-safety-rgbd-dataset\workzone_rgbd_dataset_wave2\images\3people-pave_002047.png,3people-pave_002047,3people-pave,002047,rgb,3people-pave_002047#2,661.450012,371.447327,753.829102,614.967346,5.109375,5.109375,3-6,lidar_wave2,pavement,3people-pave,3people-pave_002047#2,workzone_wave2
C:\Users\jiahu\OneDrive\Documents\human_detect\work-zone-safety-rgbd-dataset\workzone_rgbd_dataset_wave2\images\3people-pave_002050.png,3people-pave_002050,3people-pave,002050,rgb,3people-pave_002050#1,385.446167,365.979492,481.493042,649.948853,4.683594,4.683594,3-6,lidar_wave2,pavement,3people-pave,3people-pave_002050#1,workzone_wave2
C:\Users\jiahu\OneDrive\Documents\human_detect\work-zone-safety-rgbd-dataset\workzone_rgbd_dataset_wave2\images\3people-pave_002050.png,3people-pave_002050,3people-pave,002050,rgb,3people-pave_002050#2,666.420471,374.466522,751.685547,611.396118,5.421875,5.421875,3-6,lidar_wave2,pavement,3people-pave,3people-pave_002050#2,workzone_wave2
C:\Users\jiahu\OneDrive\Documents\human_detect\work-zone-safety-rgbd-dataset\workzone_rgbd_dataset_wave2\images\3people-pave_002063.png,3people-pave_002063,3people-pave,002063,rgb,3people-pave_002063#1,402.048279,373.791504,488.557007,594.269775,5.636719,5.636719,3-6,lidar_wave2,pavement,3people-pave,3people-pave_002063#1,workzone_wave2
C:\Users\jiahu\OneDrive\Documents\human_detect\work-zone-safety-rgbd-dataset\workzone_rgbd_dataset_wave2\images\3people-pave_002063.png,3people-pave_002063,3people-pave,002063,rgb,3people-pave_002063#2,696.482300,382.406891,777.240234,579.294495,6.378906,6.378906,>6,lidar_wave2,pavement,3people-pave,3people-pave_002063#2,workzone_wave2
C:\Users\jiahu\OneDrive\Documents\human_detect\work-zone-safety-rgbd-dataset\workzone_rgbd_dataset_wave2\images\3people-pave_002071.png,3people-pave_002071,3people-pave,002071,rgb,3people-pave_002071#1,426.508881,377.945953,503.324829,570.582642,6.363281,6.363281,>6,lidar_wave2,pavement,3people-pave,3people-pave_002071#1,workzone_wave2
C:\Users\jiahu\OneDrive\Documents\human_detect\work-zone-safety-rgbd-dataset\workzone_rgbd_dataset_wave2\images\3people-pave_002071.png,3people-pave_002071,3people-pave,002071,rgb,3people-pave_002071#2,714.176331,383.610107,779.024475,565.497559,7.039062,7.039062,>6,lidar_wave2,pavement,3people-pave,3people-pave_002071#2,workzone_wave2
C:\Users\jiahu\OneDrive\Documents\human_detect\work-zone-safety-rgbd-dataset\workzone_rgbd_dataset_wave2\images\3people-pave_002087.png,3people-pave_002087,3people-pave,002087,rgb,3people-pave_002087#1,352.959747,415.460999,415.936157,584.075500,5.683594,5.683594,3-6,lidar_wave2,pavement,3people-pave,3people-pave_002087#1,workzone_wave2
C:\Users\jiahu\OneDrive\Documents\human_detect\work-zone-safety-rgbd-dataset\workzone_rgbd_dataset_wave2\images\3people-pave_002087.png,3people-pave_002087,3people-pave,002087,rgb,3people-pave_002087#2,488.049907,382.451752,551.306072,560.295105,7.066406,7.066406,>6,lidar_wave2,pavement,3people-pave,3people-pave_002087#2,workzone_wave2
C:\Users\jiahu\OneDrive\Documents\human_detect\work-zone-safety-rgbd-dataset\workzone_rgbd_dataset_wave2\images\3people-pave_002087.png,3people-pave_002087,3people-pave,002087,rgb,3people-pave_002087#3,676.269470,384.065826,740.122375,547.925232,8.820312,8.820312,>6,lidar_wave2,pavement,3people-pave,3people-pave_002087#3,workzone_wave2
C:\Users\jiahu\OneDrive\Documents\human_detect\work-zone-safety-rgbd-dataset\workzone_rgbd_dataset_wave2\images\3people-pave_002098.png,3people-pave_002098,3people-pave,002098,rgb,3people-pave_002098#1,398.928253,388.279358,483.779236,583.986328,6.078125,6.078125,>6,lidar_wave2,pavement,3people-pave,3people-pave_002098#1,workzone_wave2
C:\Users\jiahu\OneDrive\Documents\human_detect\work-zone-safety-rgbd-dataset\workzone_rgbd_dataset_wave2\images\3people-pave_002098.png,3people-pave_002098,3people-pave,002098,rgb,3people-pave_002098#2,553.108948,384.766846,638.993469,573.306152,6.406250,6.406250,>6,lidar_wave2,pavement,3people-pave,3people-pave_002098#2,workzone_wave2
C:\Users\jiahu\OneDrive\Documents\human_detect\work-zone-safety-rgbd-dataset\workzone_rgbd_dataset_wave2\images\3people-pave_002098.png,3people-pave_002098,3people-pave,002098,rgb,3people-pave_002098#3,629.153198,384.508026,699.091064,552.867249,7.429688,7.429688,>6,lidar_wave2,pavement,3people-pave,3people-pave_002098#3,workzone_wave2
C:\Users\jiahu\OneDrive\Documents\human_detect\work-zone-safety-rgbd-dataset\workzone_rgbd_dataset_wave2\images\3people-pave_002100.png,3people-pave_002100,3people-pave,002100,rgb,3people-pave_002100#1,437.317596,388.982147,488.596558,589.822021,5.980469,5.980469,3-6,lidar_wave2,pavement,3people-pave,3people-pave_002100#1,workzone_wave2
C:\Users\jiahu\OneDrive\Documents\human_detect\work-zone-safety-rgbd-dataset\workzone_rgbd_dataset_wave2\images\3people-pave_002100.png,3people-pave_002100,3people-pave,002100,rgb,3people-pave_002100#2,561.789795,383.383331,636.987732,579.954651,6.410156,6.410156,>6,lidar_wave2,pavement,3people-pave,3people-pave_002100#2,workzone_wave2
C:\Users\jiahu\OneDrive\Documents\human_detect\work-zone-safety-rgbd-dataset\workzone_rgbd_dataset_wave2\images\3people-pave_002100.png,3people-pave_002100,3people-pave,002100,rgb,3people-pave_002100#3,635.675964,384.729675,685.390747,552.794678,7.363281,7.363281,>6,lidar_wave2,pavement,3people-pave,3people-pave_002100#3,workzone_wave2
C:\Users\jiahu\OneDrive\Documents\human_detect\work-zone-safety-rgbd-dataset\workzone_rgbd_dataset_wave2\images\3people-pave_002118.png,3people-pave_002118,3people-pave,002118,rgb,3people-pave_002118#1,551.739136,382.619385,607.026917,565.964355,7.175781,7.175781,>6,lidar_wave2,pavement,3people-pave,3people-pave_002118#1,workzone_wave2
C:\Users\jiahu\OneDrive\Documents\human_detect\work-zone-safety-rgbd-dataset\workzone_rgbd_dataset_wave2\images\3people-pave_002118.png,3people-pave_002118,3people-pave,002118,rgb,3people-pave_002118#2,602.601990,397.365326,663.875305,585.365356,6.000000,6.000000,3-6,lidar_wave2,pavement,3people-pave,3people-pave_002118#2,workzone_wave2
C:\Users\jiahu\OneDrive\Documents\human_detect\work-zone-safety-rgbd-dataset\workzone_rgbd_dataset_wave2\images\3people-pave_002118.png,3people-pave_002118,3people-pave,002118,rgb,3people-pave_002118#3,652.784973,373.805054,771.007751,631.148438,5.203125,5.203125,3-6,lidar_wave2,pavement,3people-pave,3people-pave_002118#3,workzone_wave2
C:\Users\jiahu\OneDrive\Documents\human_detect\work-zone-safety-rgbd-dataset\workzone_rgbd_dataset_wave2\images\3people-pave_002123.png,3people-pave_002123,3people-pave,002123,rgb,3people-pave_002123#1,517.354126,382.405426,591.986450,569.390320,6.652344,6.652344,>6,lidar_wave2,pavement,3people-pave,3people-pave_002123#1,workzone_wave2
C:\Users\jiahu\OneDrive\Documents\human_detect\work-zone-safety-rgbd-dataset\workzone_rgbd_dataset_wave2\images\3people-pave_002123.png,3people-pave_002123,3people-pave,002123,rgb,3people-pave_002123#2,653.166809,396.944458,704.904175,580.843567,6.140625,6.140625,>6,lidar_wave2,pavement,3people-pave,3people-pave_002123#2,workzone_wave2
C:\Users\jiahu\OneDrive\Documents\human_detect\work-zone-safety-rgbd-dataset\workzone_rgbd_dataset_wave2\images\3people-pave_002123.png,3people-pave_002123,3people-pave,002123,rgb,3people-pave_002123#3,669.415100,370.065918,767.192078,636.806641,4.761719,4.761719,3-6,lidar_wave2,pavement,3people-pave,3people-pave_002123#3,workzone_wave2
C:\Users\jiahu\OneDrive\Documents\human_detect\work-zone-safety-rgbd-dataset\workzone_rgbd_dataset_wave2\images\3people-pave_002137.png,3people-pave_002137,3people-pave,002137,rgb,3people-pave_002137#1,463.669830,373.962006,539.769897,595.266174,5.687500,5.687500,3-6,lidar_wave2,pavement,3people-pave,3people-pave_002137#1,workzone_wave2
C:\Users\jiahu\OneDrive\Documents\human_detect\work-zone-safety-rgbd-dataset\workzone_rgbd_dataset_wave2\images\3people-pave_002137.png,3people-pave_002137,3people-pave,002137,rgb,3people-pave_002137#2,611.411133,367.900940,730.268066,681.212158,4.175781,4.175781,3-6,lidar_wave2,pavement,3people-pave,3people-pave_002137#2,workzone_wave2
C:\Users\jiahu\OneDrive\Documents\human_detect\work-zone-safety-rgbd-dataset\workzone_rgbd_dataset_wave2\images\3people-pave_002137.png,3people-pave_002137,3people-pave,002137,rgb,3people-pave_002137#3,784.476196,402.354584,882.436523,581.880249,6.550781,6.550781,>6,lidar_wave2,pavement,3people-pave,3people-pave_002137#3,workzone_wave2
C:\Users\jiahu\OneDrive\Documents\human_detect\work-zone-safety-rgbd-dataset\workzone_rgbd_dataset_wave2\images\3people-pave_002145.png,3people-pave_002145,3people-pave,002145,rgb,3people-pave_002145#1,432.469025,369.805054,525.235535,621.120056,5.230469,5.230469,3-6,lidar_wave2,pavement,3people-pave,3people-pave_002145#1,workzone_wave2
C:\Users\jiahu\OneDrive\Documents\human_detect\work-zone-safety-rgbd-dataset\workzone_rgbd_dataset_wave2\images\3people-pave_002145.png,3people-pave_002145,3people-pave,002145,rgb,3people-pave_002145#2,566.790405,353.736877,686.557678,718.163696,3.541016,3.541016,3-6,lidar_wave2,pavement,3people-pave,3people-pave_002145#2,workzone_wave2
C:\Users\jiahu\OneDrive\Documents\human_detect\work-zone-safety-rgbd-dataset\workzone_rgbd_dataset_wave2\images\3people-pave_002145.png,3people-pave_002145,3people-pave,002145,rgb,3people-pave_002145#3,858.812622,403.655487,937.730347,575.640564,6.585938,6.585938,>6,lidar_wave2,pavement,3people-pave,3people-pave_002145#3,workzone_wave2
C:\Users\jiahu\OneDrive\Documents\human_detect\work-zone-safety-rgbd-dataset\workzone_rgbd_dataset_wave2\images\3people-pave_002153.png,3people-pave_002153,3people-pave,002153,rgb,3people-pave_002153#1,376.206299,360.942810,473.790985,639.476807,4.574219,4.574219,3-6,lidar_wave2,pavement,3people-pave,3people-pave_002153#1,workzone_wave2
C:\Users\jiahu\OneDrive\Documents\human_detect\work-zone-safety-rgbd-dataset\workzone_rgbd_dataset_wave2\images\3people-pave_002153.png,3people-pave_002153,3people-pave,002153,rgb,3people-pave_002153#2,498.566162,332.544434,644.120789,719.380554,2.908203,2.908203,<3,lidar_wave2,pavement,3people-pave,3people-pave_002153#2,workzone_wave2
C:\Users\jiahu\OneDrive\Documents\human_detect\work-zone-safety-rgbd-dataset\workzone_rgbd_dataset_wave2\images\3people-pave_002153.png,3people-pave_002153,3people-pave,002153,rgb,3people-pave_002153#3,924.087891,416.266494,960.000000,580.047561,,,>6,lidar_wave2,pavement,3people-pave,3people-pave_002153#3,workzone_wave2
C:\Users\jiahu\OneDrive\Documents\human_detect\work-zone-safety-rgbd-dataset\workzone_rgbd_dataset_wave2\images\3people-pave_002163.png,3people-pave_002163,3people-pave,002163,rgb,3people-pave_002163#1,278.819427,353.956057,383.116134,696.431090,3.901367,3.901367,3-6,lidar_wave2,pavement,3people-pave,3people-pave_002163#1,workzone_wave2
C:\Users\jiahu\OneDrive\Documents\human_detect\work-zone-safety-rgbd-dataset\workzone_rgbd_dataset_wave2\images\3people-pave_002163.png,3people-pave_002163,3people-pave,002163,rgb,3people-pave_002163#2,381.667985,301.851741,522.410748,719.724791,2.142578,2.142578,<3,lidar_wave2,pavement,3people-pave,3people-pave_002163#2,workzone_wave2
C:\Users\jiahu\OneDrive\Documents\human_detect\work-zone-safety-rgbd-dataset\workzone_rgbd_dataset_wave2\images\3people-pave_002163.png,3people-pave_002163,3people-pave,002163,rgb,3people-pave_002163#3,932.689148,420.660645,959.735840,573.638000,,,>6,lidar_wave2,pavement,3people-pave,3people-pave_002163#3,workzone_wave2
C:\Users\jiahu\OneDrive\Documents\human_detect\work-zone-safety-rgbd-dataset\workzone_rgbd_dataset_wave2\images\3people-pave_002175.png,3people-pave_002175,3people-pave,002175,rgb,3people-pave_002175#1,97.016925,253.546603,380.542511,719.588745,1.366211,1.366211,<3,lidar_wave2,pavement,3people-pave,3people-pave_002175#1,workzone_wave2
C:\Users\jiahu\OneDrive\Documents\human_detect\work-zone-safety-rgbd-dataset\workzone_rgbd_dataset_wave2\images\3people-pave_002175.png,3people-pave_002175,3people-pave,002175,rgb,3people-pave_002175#2,335.833275,344.838321,414.817150,707.235460,4.574219,4.574219,3-6,lidar_wave2,pavement,3people-pave,3people-pave_002175#2,workzone_wave2
C:\Users\jiahu\OneDrive\Documents\human_detect\work-zone-safety-rgbd-dataset\workzone_rgbd_dataset_wave2\images\3people-pave_002175.png,3people-pave_002175,3people-pave,002175,rgb,3people-pave_002175#3,903.698251,399.593628,959.645935,588.669128,,,>6,lidar_wave2,pavement,3people-pave,3people-pave_002175#3,workzone_wave2
C:\Users\jiahu\OneDrive\Documents\human_detect\work-zone-safety-rgbd-dataset\workzone_rgbd_dataset_wave2\images\3people-pave_002183.png,3people-pave_002183,3people-pave,002183,rgb,3people-pave_002183#1,27.748924,240.540344,263.774200,720.000000,1.243164,1.243164,<3,lidar_wave2,pavement,3people-pave,3people-pave_002183#1,workzone_wave2
C:\Users\jiahu\OneDrive\Documents\human_detect\work-zone-safety-rgbd-dataset\workzone_rgbd_dataset_wave2\images\3people-pave_002183.png,3people-pave_002183,3people-pave,002183,rgb,3people-pave_002183#2,372.160706,334.290649,521.496214,720.000000,2.892578,2.892578,<3,lidar_wave2,pavement,3people-pave,3people-pave_002183#2,workzone_wave2
C:\Users\jiahu\OneDrive\Documents\human_detect\work-zone-safety-rgbd-dataset\workzone_rgbd_dataset_wave2\images\3people-pave_002183.png,3people-pave_002183,3people-pave,002183,rgb,3people-pave_002183#3,845.569031,400.759460,931.631897,594.400635,6.437500,6.437500,>6,lidar_wave2,pavement,3people-pave,3people-pave_002183#3,workzone_wave2
C:\Users\jiahu\OneDrive\Documents\human_detect\work-zone-safety-rgbd-dataset\workzone_rgbd_dataset_wave2\images\3people-pave_002195.png,3people-pave_002195,3people-pave,002195,rgb,3people-pave_002195#1,283.330750,289.326324,550.775024,719.475464,1.637695,1.637695,<3,lidar_wave2,pavement,3people-pave,3people-pave_002195#1,workzone_wave2
C:\Users\jiahu\OneDrive\Documents\human_detect\work-zone-safety-rgbd-dataset\workzone_rgbd_dataset_wave2\images\3people-pave_002195.png,3people-pave_002195,3people-pave,002195,rgb,3people-pave_002195#2,500.872650,343.565735,631.625854,718.523804,3.304688,3.304688,3-6,lidar_wave2,pavement,3people-pave,3people-pave_002195#2,workzone_wave2
C:\Users\jiahu\OneDrive\Documents\human_detect\work-zone-safety-rgbd-dataset\workzone_rgbd_dataset_wave2\images\3people-pave_002195.png,3people-pave_002195,3people-pave,002195,rgb,3people-pave_002195#3,699.069946,400.648132,792.440369,588.334961,5.980469,5.980469,3-6,lidar_wave2,pavement,3people-pave,3people-pave_002195#3,workzone_wave2
C:\Users\jiahu\OneDrive\Documents\human_detect\work-zone-safety-rgbd-dataset\workzone_rgbd_dataset_wave2\images\3people-pave_002208.png,3people-pave_002208,3people-pave,002208,rgb,3people-pave_002208#1,434.797852,332.004181,612.038269,719.598145,2.714844,2.714844,<3,lidar_wave2,pavement,3people-pave,3people-pave_002208#1,workzone_wave2
C:\Users\jiahu\OneDrive\Documents\human_detect\work-zone-safety-rgbd-dataset\workzone_rgbd_dataset_wave2\images\3people-pave_002208.png,3people-pave_002208,3people-pave,002208,rgb,3people-pave_002208#2,559.970886,393.714935,640.057007,579.857300,6.675781,6.675781,>6,lidar_wave2,pavement,3people-pave,3people-pave_002208#2,workzone_wave2
C:\Users\jiahu\OneDrive\Documents\human_detect\work-zone-safety-rgbd-dataset\workzone_rgbd_dataset_wave2\images\3people-pave_002208.png,3people-pave_002208,3people-pave,002208,rgb,3people-pave_002208#3,610.434954,356.165627,764.812395,677.767556,3.927734,3.927734,3-6,lidar_wave2,pavement,3people-pave,3people-pave_002208#3,workzone_wave2
C:\Users\jiahu\OneDrive\Documents\human_detect\work-zone-safety-rgbd-dataset\workzone_rgbd_dataset_wave2\images\3people-pave_002211.png,3people-pave_002211,3people-pave,002211,rgb,3people-pave_002211#1,453.506927,340.293579,610.553284,719.448975,2.996094,2.996094,<3,lidar_wave2,pavement,3people-pave,3people-pave_002211#1,workzone_wave2
C:\Users\jiahu\OneDrive\Documents\human_detect\work-zone-safety-rgbd-dataset\workzone_rgbd_dataset_wave2\images\3people-pave_002211.png,3people-pave_002211,3people-pave,002211,rgb,3people-pave_002211#2,624.847229,362.591156,795.831116,675.873169,4.074219,4.074219,3-6,lidar_wave2,pavement,3people-pave,3people-pave_002211#2,workzone_wave2
C:\Users\jiahu\OneDrive\Documents\human_detect\work-zone-safety-rgbd-dataset\workzone_rgbd_dataset_wave2\images\3people-pave_002223.png,3people-pave_002223,3people-pave,002223,rgb,3people-pave_002223#1,378.007854,392.736874,455.195984,572.048767,6.765625,6.765625,>6,lidar_wave2,pavement,3people-pave,3people-pave_002223#1,workzone_wave2
C:\Users\jiahu\OneDrive\Documents\human_detect\work-zone-safety-rgbd-dataset\workzone_rgbd_dataset_wave2\images\3people-pave_002223.png,3people-pave_002223,3people-pave,002223,rgb,3people-pave_002223#2,549.568359,358.540558,668.314636,688.672302,3.837891,3.837891,3-6,lidar_wave2,pavement,3people-pave,3people-pave_002223#2,workzone_wave2
C:\Users\jiahu\OneDrive\Documents\human_detect\work-zone-safety-rgbd-dataset\workzone_rgbd_dataset_wave2\images\3people-pave_002223.png,3people-pave_002223,3people-pave,002223,rgb,3people-pave_002223#3,698.653442,369.686035,812.633484,640.905884,4.714844,4.714844,3-6,lidar_wave2,pavement,3people-pave,3people-pave_002223#3,workzone_wave2
C:\Users\jiahu\OneDrive\Documents\human_detect\work-zone-safety-rgbd-dataset\workzone_rgbd_dataset_wave2\images\3people-pave_002231.png,3people-pave_002231,3people-pave,002231,rgb,3people-pave_002231#1,284.096039,398.732758,370.102203,565.689880,6.037109,6.037109,>6,lidar_wave2,pavement,3people-pave,3people-pave_002231#1,workzone_wave2
C:\Users\jiahu\OneDrive\Documents\human_detect\work-zone-safety-rgbd-dataset\workzone_rgbd_dataset_wave2\images\3people-pave_002231.png,3people-pave_002231,3people-pave,002231,rgb,3people-pave_002231#2,576.714172,369.650574,678.104431,653.140015,4.484375,4.484375,3-6,lidar_wave2,pavement,3people-pave,3people-pave_002231#2,workzone_wave2
C:\Users\jiahu\OneDrive\Documents\human_detect\work-zone-safety-rgbd-dataset\workzone_rgbd_dataset_wave2\images\3people-pave_002231.png,3people-pave_002231,3people-pave,002231,rgb,3people-pave_002231#3,730.642578,374.440063,818.360413,614.340454,5.140625,5.140625,3-6,lidar_wave2,pavement,3people-pave,3people-pave_002231#3,workzone_wave2
C:\Users\jiahu\OneDrive\Documents\human_detect\work-zone-safety-rgbd-dataset\workzone_rgbd_dataset_wave2\images\3people-pave_002243.png,3people-pave_002243,3people-pave,002243,rgb,3people-pave_002243#1,555.396851,373.780090,639.689026,598.666016,5.414062,5.414062,3-6,lidar_wave2,pavement,3people-pave,3people-pave_002243#1,workzone_wave2
C:\Users\jiahu\OneDrive\Documents\human_detect\work-zone-safety-rgbd-dataset\workzone_rgbd_dataset_wave2\images\3people-pave_002243.png,3people-pave_002243,3people-pave,002243,rgb,3people-pave_002243#2,739.874634,380.394226,815.287170,587.992065,5.847656,5.847656,3-6,lidar_wave2,pavement,3people-pave,3people-pave_002243#2,workzone_wave2
C:\Users\jiahu\OneDrive\Documents\human_detect\work-zone-safety-rgbd-dataset\workzone_rgbd_dataset_wave2\images\3people-pave_002255.png,3people-pave_002255,3people-pave,002255,rgb,3people-pave_002255#1,531.195923,380.513611,606.920288,563.258057,6.761719,6.761719,>6,lidar_wave2,pavement,3people-pave,3people-pave_002255#1,workzone_wave2
C:\Users\jiahu\OneDrive\Documents\human_detect\work-zone-safety-rgbd-dataset\workzone_rgbd_dataset_wave2\images\3people-pave_002255.png,3people-pave_002255,3people-pave,002255,rgb,3people-pave_002255#2,741.528503,383.541382,808.203979,568.545288,6.419922,6.419922,>6,lidar_wave2,pavement,3people-pave,3people-pave_002255#2,workzone_wave2
C:\Users\jiahu\OneDrive\Documents\human_detect\work-zone-safety-rgbd-dataset\workzone_rgbd_dataset_wave2\images\3people-pave_002263.png,3people-pave_002263,3people-pave,002263,rgb,3people-pave_002263#1,524.450073,383.967346,590.624268,550.707642,7.394531,7.394531,>6,lidar_wave2,pavement,3people-pave,3people-pave_002263#1,workzone_wave2
C:\Users\jiahu\OneDrive\Documents\human_detect\work-zone-safety-rgbd-dataset\workzone_rgbd_dataset_wave2\images\3people-pave_002263.png,3people-pave_002263,3people-pave,002263,rgb,3people-pave_002263#2,737.717468,385.255737,816.168640,556.957581,7.371094,7.371094,>6,lidar_wave2,pavement,3people-pave,3people-pave_002263#2,workzone_wave2
C:\Users\jiahu\OneDrive\Documents\human_detect\work-zone-safety-rgbd-dataset\workzone_rgbd_dataset_wave2\images\3people-pave_002279.png,3people-pave_002279,3people-pave,002279,rgb,3people-pave_002279#1,513.890320,384.951691,583.351196,555.441711,7.167969,7.167969,>6,lidar_wave2,pavement,3people-pave,3people-pave_002279#1,workzone_wave2
C:\Users\jiahu\OneDrive\Documents\human_detect\work-zone-safety-rgbd-dataset\workzone_rgbd_dataset_wave2\images\3people-pave_002279.png,3people-pave_002279,3people-pave,002279,rgb,3people-pave_002279#2,743.998394,383.002308,821.276817,547.171397,7.542969,7.542969,>6,lidar_wave2,pavement,3people-pave,3people-pave_002279#2,workzone_wave2
C:\Users\jiahu\OneDrive\Documents\human_detect\work-zone-safety-rgbd-dataset\workzone_rgbd_dataset_wave2\images\3people-pave_002281.png,3people-pave_002281,3people-pave,002281,rgb,3people-pave_002281#1,515.380981,384.420593,590.645386,559.413818,6.488281,6.488281,>6,lidar_wave2,pavement,3people-pave,3people-pave_002281#1,workzone_wave2
C:\Users\jiahu\OneDrive\Documents\human_detect\work-zone-safety-rgbd-dataset\workzone_rgbd_dataset_wave2\images\3people-pave_002281.png,3people-pave_002281,3people-pave,002281,rgb,3people-pave_002281#2,750.509277,389.285095,802.659363,533.644409,8.421875,8.421875,>6,lidar_wave2,pavement,3people-pave,3people-pave_002281#2,workzone_wave2
C:\Users\jiahu\OneDrive\Documents\human_detect\work-zone-safety-rgbd-dataset\workzone_rgbd_dataset_wave2\images\3people-pave_002296.png,3people-pave_002296,3people-pave,002296,rgb,3people-pave_002296#1,324.020416,397.277069,404.436676,585.485107,5.958984,5.958984,3-6,lidar_wave2,pavement,3people-pave,3people-pave_002296#1,workzone_wave2
C:\Users\jiahu\OneDrive\Documents\human_detect\work-zone-safety-rgbd-dataset\workzone_rgbd_dataset_wave2\images\3people-pave_002296.png,3people-pave_002296,3people-pave,002296,rgb,3people-pave_002296#2,552.939514,382.576172,648.658081,595.699829,5.867188,5.867188,3-6,lidar_wave2,pavement,3people-pave,3people-pave_002296#2,workzone_wave2
C:\Users\jiahu\OneDrive\Documents\human_detect\work-zone-safety-rgbd-dataset\workzone_rgbd_dataset_wave2\images\3people-pave_002296.png,3people-pave_002296,3people-pave,002296,rgb,3people-pave_002296#3,692.041626,389.078064,747.315674,520.152283,9.800781,9.800781,>6,lidar_wave2,pavement,3people-pave,3people-pave_002296#3,workzone_wave2
C:\Users\jiahu\OneDrive\Documents\human_detect\work-zone-safety-rgbd-dataset\workzone_rgbd_dataset_wave2\images\3people-pave_002308.png,3people-pave_002308,3people-pave,002308,rgb,3people-pave_002308#1,454.433807,394.135345,540.533997,592.534302,5.824219,5.824219,3-6,lidar_wave2,pavement,3people-pave,3people-pave_002308#1,workzone_wave2
C:\Users\jiahu\OneDrive\Documents\human_detect\work-zone-safety-rgbd-dataset\workzone_rgbd_dataset_wave2\images\3people-pave_002308.png,3people-pave_002308,3people-pave,002308,rgb,3people-pave_002308#2,597.099060,364.402191,710.315979,650.589844,4.527344,4.527344,3-6,lidar_wave2,pavement,3people-pave,3people-pave_002308#2,workzone_wave2
C:\Users\jiahu\OneDrive\Documents\human_detect\work-zone-safety-rgbd-dataset\workzone_rgbd_dataset_wave2\images\3people-pave_002313.png,3people-pave_002313,3people-pave,002313,rgb,3people-pave_002313#1,513.122314,396.462433,609.191711,594.416626,5.843750,5.843750,3-6,lidar_wave2,pavement,3people-pave,3people-pave_002313#1,workzone_wave2
C:\Users\jiahu\OneDrive\Documents\human_detect\work-zone-safety-rgbd-dataset\workzone_rgbd_dataset_wave2\images\3people-pave_002313.png,3people-pave_002313,3people-pave,002313,rgb,3people-pave_002313#2,596.236938,362.218689,738.080933,699.722778,3.892578,3.892578,3-6,lidar_wave2,pavement,3people-pave,3people-pave_002313#2,workzone_wave2
C:\Users\jiahu\OneDrive\Documents\human_detect\work-zone-safety-rgbd-dataset\workzone_rgbd_dataset_wave2\images\3people-pave_002323.png,3people-pave_002323,3people-pave,002323,rgb,3people-pave_002323#1,502.837555,337.188782,672.696899,719.421082,3.039062,3.039062,3-6,lidar_wave2,pavement,3people-pave,3people-pave_002323#1,workzone_wave2
C:\Users\jiahu\OneDrive\Documents\human_detect\work-zone-safety-rgbd-dataset\workzone_rgbd_dataset_wave2\images\3people-pave_002323.png,3people-pave_002323,3people-pave,002323,rgb,3people-pave_002323#2,647.026978,397.909607,742.203979,591.790649,5.824219,5.824219,3-6,lidar_wave2,pavement,3people-pave,3people-pave_002323#2,workzone_wave2
C:\Users\jiahu\OneDrive\Documents\human_detect\work-zone-safety-rgbd-dataset\workzone_rgbd_dataset_wave2\images\3people-pave_002330.png,3people-pave_002330,3people-pave,002330,rgb,3people-pave_002330#1,464.289459,315.403748,655.155029,719.468872,2.394531,2.394531,<3,lidar_wave2,pavement,3people-pave,3people-pave_002330#1,workzone_wave2
C:\Users\jiahu\OneDrive\Documents\human_detect\work-zone-safety-rgbd-dataset\workzone_rgbd_dataset_wave2\images\3people-pave_002330.png,3people-pave_002330,3people-pave,002330,rgb,3people-pave_002330#2,723.635376,398.613770,802.584045,591.382446,5.898438,5.898438,3-6,lidar_wave2,pavement,3people-pave,3people-pave_002330#2,workzone_wave2
C:\Users\jiahu\OneDrive\Documents\human_detect\work-zone-safety-rgbd-dataset\workzone_rgbd_dataset_wave2\images\3people-pave_002348.png,3people-pave_002348,3people-pave,002348,rgb,3people-pave_002348#1,100.730331,211.625793,389.730652,719.122375,1.055664,1.055664,<3,lidar_wave2,pavement,3people-pave,3people-pave_002348#1,workzone_wave2
C:\Users\jiahu\OneDrive\Documents\human_detect\work-zone-safety-rgbd-dataset\workzone_rgbd_dataset_wave2\images\3people-pave_002348.png,3people-pave_002348,3people-pave,002348,rgb,3people-pave_002348#2,475.402222,384.568726,533.508545,540.880066,8.132812,8.132812,>6,lidar_wave2,pavement,3people-pave,3people-pave_002348#2,workzone_wave2
C:\Users\jiahu\OneDrive\Documents\human_detect\work-zone-safety-rgbd-dataset\workzone_rgbd_dataset_wave2\images\3people-pave_002348.png,3people-pave_002348,3people-pave,002348,rgb,3people-pave_002348#3,865.178833,397.992920,952.947876,605.827698,,,3-6,lidar_wave2,pavement,3people-pave,3people-pave_002348#3,workzone_wave2
C:\Users\jiahu\OneDrive\Documents\human_detect\work-zone-safety-rgbd-dataset\workzone_rgbd_dataset_wave2\images\3people-pave_002357.png,3people-pave_002357,3people-pave,002357,rgb,3people-pave_002357#1,0.156761,265.024933,209.682999,719.326416,1.458008,1.458008,<3,lidar_wave2,pavement,3people-pave,3people-pave_002357#1,workzone_wave2
C:\Users\jiahu\OneDrive\Documents\human_detect\work-zone-safety-rgbd-dataset\workzone_rgbd_dataset_wave2\images\3people-pave_002357.png,3people-pave_002357,3people-pave,002357,rgb,3people-pave_002357#2,434.789154,381.955566,497.876129,546.534302,8.046875,8.046875,>6,lidar_wave2,pavement,3people-pave,3people-pave_002357#2,workzone_wave2
C:\Users\jiahu\OneDrive\Documents\human_detect\work-zone-safety-rgbd-dataset\workzone_rgbd_dataset_wave2\images\3people-pave_002357.png,3people-pave_002357,3people-pave,002357,rgb,3people-pave_002357#3,848.072937,398.147003,925.769348,610.834045,5.667969,5.667969,3-6,lidar_wave2,pavement,3people-pave,3people-pave_002357#3,workzone_wave2
C:\Users\jiahu\OneDrive\Documents\human_detect\work-zone-safety-rgbd-dataset\workzone_rgbd_dataset_wave2\images\3people-pave_002363.png,3people-pave_002363,3people-pave,002363,rgb,3people-pave_002363#1,93.550147,299.915039,327.413344,720.000000,2.054688,2.054688,<3,lidar_wave2,pavement,3people-pave,3people-pave_002363#1,workzone_wave2
C:\Users\jiahu\OneDrive\Documents\human_detect\work-zone-safety-rgbd-dataset\workzone_rgbd_dataset_wave2\images\3people-pave_002363.png,3people-pave_002363,3people-pave,002363,rgb,3people-pave_002363#2,420.814758,380.989471,485.113983,554.851501,6.998047,6.998047,>6,lidar_wave2,pavement,3people-pave,3people-pave_002363#2,workzone_wave2
C:\Users\jiahu\OneDrive\Documents\human_detect\work-zone-safety-rgbd-dataset\workzone_rgbd_dataset_wave2\images\3people-pave_002363.png,3people-pave_002363,3people-pave,002363,rgb,3people-pave_002363#3,836.763245,398.410217,923.491516,618.613220,5.357422,5.357422,3-6,lidar_wave2,pavement,3people-pave,3people-pave_002363#3,workzone_wave2
C:\Users\jiahu\OneDrive\Documents\human_detect\work-zone-safety-rgbd-dataset\workzone_rgbd_dataset_wave2\images\3people-pave_002372.png,3people-pave_002372,3people-pave,002372,rgb,3people-pave_002372#1,262.485565,338.826233,406.030731,719.658875,3.042969,3.042969,3-6,lidar_wave2,pavement,3people-pave,3people-pave_002372#1,workzone_wave2
C:\Users\jiahu\OneDrive\Documents\human_detect\work-zone-safety-rgbd-dataset\workzone_rgbd_dataset_wave2\images\3people-pave_002372.png,3people-pave_002372,3people-pave,002372,rgb,3people-pave_002372#2,399.611023,377.670166,467.751526,573.488281,6.523438,6.523438,>6,lidar_wave2,pavement,3people-pave,3people-pave_002372#2,workzone_wave2
C:\Users\jiahu\OneDrive\Documents\human_detect\work-zone-safety-rgbd-dataset\workzone_rgbd_dataset_wave2\images\3people-pave_002372.png,3people-pave_002372,3people-pave,002372,rgb,3people-pave_002372#3,794.020569,394.708099,879.089539,623.227173,4.945312,4.945312,3-6,lidar_wave2,pavement,3people-pave,3people-pave_002372#3,workzone_wave2
C:\Users\jiahu\OneDrive\Documents\human_detect\work-zone-safety-rgbd-dataset\workzone_rgbd_dataset_wave2\images\3people-pave_002387.png,3people-pave_002387,3people-pave,002387,rgb,3people-pave_002387#1,321.210968,359.203583,432.928833,633.351562,4.542969,4.542969,3-6,lidar_wave2,pavement,3people-pave,3people-pave_002387#1,workzone_wave2
C:\Users\jiahu\OneDrive\Documents\human_detect\work-zone-safety-rgbd-dataset\workzone_rgbd_dataset_wave2\images\3people-pave_002387.png,3people-pave_002387,3people-pave,002387,rgb,3people-pave_002387#2,401.116516,372.727386,483.830933,619.187683,5.082031,5.082031,3-6,lidar_wave2,pavement,3people-pave,3people-pave_002387#2,workzone_wave2
C:\Users\jiahu\OneDrive\Documents\human_detect\work-zone-safety-rgbd-dataset\workzone_rgbd_dataset_wave2\images\3people-pave_002387.png,3people-pave_002387,3people-pave,002387,rgb,3people-pave_002387#3,692.051025,399.309204,771.017273,608.907654,5.507812,5.507812,3-6,lidar_wave2,pavement,3people-pave,3people-pave_002387#3,workzone_wave2
C:\Users\jiahu\OneDrive\Documents\human_detect\work-zone-safety-rgbd-dataset\workzone_rgbd_dataset_wave2\images\3people-pave_002394.png,3people-pave_002394,3people-pave,002394,rgb,3people-pave_002394#1,335.133911,366.033417,428.244354,602.054260,5.375000,5.375000,3-6,lidar_wave2,pavement,3people-pave,3people-pave_002394#1,workzone_wave2
C:\Users\jiahu\OneDrive\Documents\human_detect\work-zone-safety-rgbd-dataset\workzone_rgbd_dataset_wave2\images\3people-pave_002394.png,3people-pave_002394,3people-pave,002394,rgb,3people-pave_002394#2,431.815826,363.028107,528.883789,651.460388,4.597656,4.597656,3-6,lidar_wave2,pavement,3people-pave,3people-pave_002394#2,workzone_wave2
C:\Users\jiahu\OneDrive\Documents\human_detect\work-zone-safety-rgbd-dataset\workzone_rgbd_dataset_wave2\images\3people-pave_002394.png,3people-pave_002394,3people-pave,002394,rgb,3people-pave_002394#3,656.552979,399.495209,729.274414,579.159180,6.238281,6.238281,>6,lidar_wave2,pavement,3people-pave,3people-pave_002394#3,workzone_wave2
C:\Users\jiahu\OneDrive\Documents\human_detect\work-zone-safety-rgbd-dataset\workzone_rgbd_dataset_wave2\images\3people-pave_002404.png,3people-pave_002404,3people-pave,002404,rgb,3people-pave_002404#1,371.995392,379.012695,449.675354,575.874329,6.312500,6.312500,>6,lidar_wave2,pavement,3people-pave,3people-pave_002404#1,workzone_wave2
C:\Users\jiahu\OneDrive\Documents\human_detect\work-zone-safety-rgbd-dataset\workzone_rgbd_dataset_wave2\images\3people-pave_002404.png,3people-pave_002404,3people-pave,002404,rgb,3people-pave_002404#2,496.028168,355.577301,618.429016,706.924072,3.835938,3.835938,3-6,lidar_wave2,pavement,3people-pave,3people-pave_002404#2,workzone_wave2
C:\Users\jiahu\OneDrive\Documents\human_detect\work-zone-safety-rgbd-dataset\workzone_rgbd_dataset_wave2\images\3people-pave_002404.png,3people-pave_002404,3people-pave,002404,rgb,3people-pave_002404#3,641.383301,399.775635,704.698608,557.608521,7.027344,7.027344,>6,lidar_wave2,pavement,3people-pave,3people-pave_002404#3,workzone_wave2
C:\Users\jiahu\OneDrive\Documents\human_detect\work-zone-safety-rgbd-dataset\workzone_rgbd_dataset_wave2\images\3people-pave_002410.png,3people-pave_002410,3people-pave,002410,rgb,3people-pave_002410#1,385.286438,380.592072,460.083099,559.783020,6.980469,6.980469,>6,lidar_wave2,pavement,3people-pave,3people-pave_002410#1,workzone_wave2
C:\Users\jiahu\OneDrive\Documents\human_detect\work-zone-safety-rgbd-dataset\workzone_rgbd_dataset_wave2\images\3people-pave_002410.png,3people-pave_002410,3people-pave,002410,rgb,3people-pave_002410#2,553.346558,346.480072,700.431335,719.985718,3.365234,3.365234,3-6,lidar_wave2,pavement,3people-pave,3people-pave_002410#2,workzone_wave2
C:\Users\jiahu\OneDrive\Documents\human_detect\work-zone-safety-rgbd-dataset\workzone_rgbd_dataset_wave2\images\3people-pave_002410.png,3people-pave_002410,3people-pave,002410,rgb,3people-pave_002410#3,654.292603,400.402086,705.611758,550.112350,7.304688,7.304688,>6,lidar_wave2,pavement,3people-pave,3people-pave_002410#3,workzone_wave2
C:\Users\jiahu\OneDrive\Documents\human_detect\work-zone-safety-rgbd-dataset\workzone_rgbd_dataset_wave2\images\3people-pave_002420.png,3people-pave_002420,3people-pave,002420,rgb,3people-pave_002420#1,423.933197,382.386200,494.240570,551.410828,7.382812,7.382812,>6,lidar_wave2,pavement,3people-pave,3people-pave_002420#1,workzone_wave2
C:\Users\jiahu\OneDrive\Documents\human_detect\work-zone-safety-rgbd-dataset\workzone_rgbd_dataset_wave2\images\3people-pave_002420.png,3people-pave_002420,3people-pave,002420,rgb,3people-pave_002420#2,671.298950,402.820496,724.026917,534.697876,8.593750,8.593750,>6,lidar_wave2,pavement,3people-pave,3people-pave_002420#2,workzone_wave2
C:\Users\jiahu\OneDrive\Documents\human_detect\work-zone-safety-rgbd-dataset\workzone_rgbd_dataset_wave2\images\3people-pave_002420.png,3people-pave_002420,3people-pave,002420,rgb,3people-pave_002420#3,702.062439,332.943817,865.695557,719.650452,2.730469,2.730469,<3,lidar_wave2,pavement,3people-pave,3people-pave_002420#3,workzone_wave2
C:\Users\jiahu\OneDrive\Documents\human_detect\work-zone-safety-rgbd-dataset\workzone_rgbd_dataset_wave2\images\3people-pave_002430.png,3people-pave_002430,3people-pave,002430,rgb,3people-pave_002430#1,397.128204,380.751953,465.616333,551.301331,7.554688,7.554688,>6,lidar_wave2,pavement,3people-pave,3people-pave_002430#1,workzone_wave2
C:\Users\jiahu\OneDrive\Documents\human_detect\work-zone-safety-rgbd-dataset\workzone_rgbd_dataset_wave2\images\3people-pave_002430.png,3people-pave_002430,3people-pave,002430,rgb,3people-pave_002430#2,692.549194,401.803986,740.351990,526.025269,8.585938,8.585938,>6,lidar_wave2,pavement,3people-pave,3people-pave_002430#2,workzone_wave2
C:\Users\jiahu\OneDrive\Documents\human_detect\work-zone-safety-rgbd-dataset\workzone_rgbd_dataset_wave2\images\3people-pave_002430.png,3people-pave_002430,3people-pave,002430,rgb,3people-pave_002430#3,880.892944,339.487793,959.863403,719.313354,2.826172,2.826172,<3,lidar_wave2,pavement,3people-pave,3people-pave_002430#3,workzone_wave2
C:\Users\jiahu\OneDrive\Documents\human_detect\work-zone-safety-rgbd-dataset\workzone_rgbd_dataset_wave2\images\3people-pave_002441.png,3people-pave_002441,3people-pave,002441,rgb,3people-pave_002441#1,363.573608,376.420898,451.785767,566.998901,6.500000,6.500000,>6,lidar_wave2,pavement,3people-pave,3people-pave_002441#1,workzone_wave2
C:\Users\jiahu\OneDrive\Documents\human_detect\work-zone-safety-rgbd-dataset\workzone_rgbd_dataset_wave2\images\3people-pave_002441.png,3people-pave_002441,3people-pave,002441,rgb,3people-pave_002441#2,673.841553,401.000323,731.210761,524.417003,8.832031,8.832031,>6,lidar_wave2,pavement,3people-pave,3people-pave_002441#2,workzone_wave2
C:\Users\jiahu\OneDrive\Documents\human_detect\work-zone-safety-rgbd-dataset\workzone_rgbd_dataset_wave2\images\3people-pave_002458.png,3people-pave_002458,3people-pave,002458,rgb,3people-pave_002458#1,351.255432,367.346436,446.034210,621.969421,4.964844,4.964844,3-6,lidar_wave2,pavement,3people-pave,3people-pave_002458#1,workzone_wave2
C:\Users\jiahu\OneDrive\Documents\human_detect\work-zone-safety-rgbd-dataset\workzone_rgbd_dataset_wave2\images\3people-pave_002458.png,3people-pave_002458,3people-pave,002458,rgb,3people-pave_002458#2,573.082764,401.926666,631.513848,511.062616,10.347656,10.347656,>6,lidar_wave2,pavement,3people-pave,3people-pave_002458#2,workzone_wave2
C:\Users\jiahu\OneDrive\Documents\human_detect\work-zone-safety-rgbd-dataset\workzone_rgbd_dataset_wave2\images\3people-pave_002458.png,3people-pave_002458,3people-pave,002458,rgb,3people-pave_002458#3,897.512390,368.857544,959.926270,672.193542,4.796875,4.796875,3-6,lidar_wave2,pavement,3people-pave,3people-pave_002458#3,workzone_wave2
C:\Users\jiahu\OneDrive\Documents\human_detect\work-zone-safety-rgbd-dataset\workzone_rgbd_dataset_wave2\images\3people-pave_002466.png,3people-pave_002466,3people-pave,002466,rgb,3people-pave_002466#1,354.987122,359.707214,460.357452,659.469543,4.300781,4.300781,3-6,lidar_wave2,pavement,3people-pave,3people-pave_002466#1,workzone_wave2
C:\Users\jiahu\OneDrive\Documents\human_detect\work-zone-safety-rgbd-dataset\workzone_rgbd_dataset_wave2\images\3people-pave_002466.png,3people-pave_002466,3people-pave,002466,rgb,3people-pave_002466#2,536.678833,400.218018,577.226746,500.518982,11.664062,11.664062,>6,lidar_wave2,pavement,3people-pave,3people-pave_002466#2,workzone_wave2
C:\Users\jiahu\OneDrive\Documents\human_detect\work-zone-safety-rgbd-dataset\workzone_rgbd_dataset_wave2\images\3people-pave_002466.png,3people-pave_002466,3people-pave,002466,rgb,3people-pave_002466#3,827.205505,369.267639,935.382751,656.011719,4.281250,4.281250,3-6,lidar_wave2,pavement,3people-pave,3people-pave_002466#3,workzone_wave2
C:\Users\jiahu\OneDrive\Documents\human_detect\work-zone-safety-rgbd-dataset\workzone_rgbd_dataset_wave2\images\3people-pave_002471.png,3people-pave_002471,3people-pave,002471,rgb,3people-pave_002471#1,370.987976,355.413788,485.273163,678.376404,3.966797,3.966797,3-6,lidar_wave2,pavement,3people-pave,3people-pave_002471#1,workzone_wave2
C:\Users\jiahu\OneDrive\Documents\human_detect\work-zone-safety-rgbd-dataset\workzone_rgbd_dataset_wave2\images\3people-pave_002471.png,3people-pave_002471,3people-pave,002471,rgb,3people-pave_002471#2,510.427002,398.146118,552.641602,501.715973,10.824219,10.824219,>6,lidar_wave2,pavement,3people-pave,3people-pave_002471#2,workzone_wave2
C:\Users\jiahu\OneDrive\Documents\human_detect\work-zone-safety-rgbd-dataset\workzone_rgbd_dataset_wave2\images\3people-pave_002471.png,3people-pave_002471,3people-pave,002471,rgb,3people-pave_002471#3,751.328003,373.481018,855.971375,640.986755,4.675781,4.675781,3-6,lidar_wave2,pavement,3people-pave,3people-pave_002471#3,workzone_wave2
C:\Users\jiahu\OneDrive\Documents\human_detect\work-zone-safety-rgbd-dataset\workzone_rgbd_dataset_wave2\images\3people-pave_002488.png,3people-pave_002488,3people-pave,002488,rgb,3people-pave_002488#1,355.290070,347.433105,493.664337,693.209473,3.718750,3.718750,3-6,lidar_wave2,pavement,3people-pave,3people-pave_002488#1,workzone_wave2
C:\Users\jiahu\OneDrive\Documents\human_detect\work-zone-safety-rgbd-dataset\workzone_rgbd_dataset_wave2\images\3people-pave_002488.png,3people-pave_002488,3people-pave,002488,rgb,3people-pave_002488#2,603.009888,377.380707,695.182251,597.029663,5.773438,5.773438,3-6,lidar_wave2,pavement,3people-pave,3people-pave_002488#2,workzone_wave2
C:\Users\jiahu\OneDrive\Documents\human_detect\work-zone-safety-rgbd-dataset\workzone_rgbd_dataset_wave2\images\3people-pave_002494.png,3people-pave_002494,3people-pave,002494,rgb,3people-pave_002494#1,362.118927,358.459900,482.108948,685.901184,3.917969,3.917969,3-6,lidar_wave2,pavement,3people-pave,3people-pave_002494#1,workzone_wave2
C:\Users\jiahu\OneDrive\Documents\human_detect\work-zone-safety-rgbd-dataset\workzone_rgbd_dataset_wave2\images\3people-pave_002494.png,3people-pave_002494,3people-pave,002494,rgb,3people-pave_002494#2,558.594238,379.198944,637.929382,587.357666,5.654297,5.654297,3-6,lidar_wave2,pavement,3people-pave,3people-pave_002494#2,workzone_wave2
C:\Users\jiahu\OneDrive\Documents\human_detect\work-zone-safety-rgbd-dataset\workzone_rgbd_dataset_wave2\images\3people-pave_002506.png,3people-pave_002506,3people-pave,002506,rgb,3people-pave_002506#1,350.421600,410.627655,389.024811,532.916626,8.148438,8.148438,>6,lidar_wave2,pavement,3people-pave,3people-pave_002506#1,workzone_wave2
C:\Users\jiahu\OneDrive\Documents\human_detect\work-zone-safety-rgbd-dataset\workzone_rgbd_dataset_wave2\images\3people-pave_002506.png,3people-pave_002506,3people-pave,002506,rgb,3people-pave_002506#2,365.608978,363.141479,467.329834,625.243958,4.714844,4.714844,3-6,lidar_wave2,pavement,3people-pave,3people-pave_002506#2,workzone_wave2
C:\Users\jiahu\OneDrive\Documents\human_detect\work-zone-safety-rgbd-dataset\workzone_rgbd_dataset_wave2\images\3people-pave_002506.png,3people-pave_002506,3people-pave,002506,rgb,3people-pave_002506#3,491.157532,380.186249,558.599670,562.793884,6.898438,6.898438,>6,lidar_wave2,pavement,3people-pave,3people-pave_002506#3,workzone_wave2
C:\Users\jiahu\OneDrive\Documents\human_detect\work-zone-safety-rgbd-dataset\workzone_rgbd_dataset_wave2\images\3people-pave_002512.png,3people-pave_002512,3people-pave,002512,rgb,3people-pave_002512#1,293.740814,397.027954,327.253693,441.718506,,,>6,lidar_wave2,pavement,3people-pave,3people-pave_002512#1,workzone_wave2
C:\Users\jiahu\OneDrive\Documents\human_detect\work-zone-safety-rgbd-dataset\workzone_rgbd_dataset_wave2\images\3people-pave_002512.png,3people-pave_002512,3people-pave,002512,rgb,3people-pave_002512#2,385.626526,366.944946,483.994995,619.846985,5.058594,5.058594,3-6,lidar_wave2,pavement,3people-pave,3people-pave_002512#2,workzone_wave2
C:\Users\jiahu\OneDrive\Documents\human_detect\work-zone-safety-rgbd-dataset\workzone_rgbd_dataset_wave2\images\3people-pave_002512.png,3people-pave_002512,3people-pave,002512,rgb,3people-pave_002512#3,479.770569,382.021332,533.423218,551.171448,7.250000,7.250000,>6,lidar_wave2,pavement,3people-pave,3people-pave_002512#3,workzone_wave2
C:\Users\jiahu\OneDrive\Documents\human_detect\work-zone-safety-rgbd-dataset\workzone_rgbd_dataset_wave2\images\3people-pave_002526.png,3people-pave_002526,3people-pave,002526,rgb,3people-pave_002526#1,487.522247,384.812714,543.017822,532.428101,8.332031,8.332031,>6,lidar_wave2,pavement,3people-pave,3people-pave_002526#1,workzone_wave2
C:\Users\jiahu\OneDrive\Documents\human_detect\work-zone-safety-rgbd-dataset\workzone_rgbd_dataset_wave2\images\3people-pave_002526.png,3people-pave_002526,3people-pave,002526,rgb,3people-pave_002526#2,527.752625,376.985687,650.001892,605.229919,5.406250,5.406250,3-6,lidar_wave2,pavement,3people-pave,3people-pave_002526#2,workzone_wave2
C:\Users\jiahu\OneDrive\Documents\human_detect\work-zone-safety-rgbd-dataset\workzone_rgbd_dataset_wave2\images\3people-pave_002530.png,3people-pave_002530,3people-pave,002530,rgb,3people-pave_002530#1,502.214630,386.287354,562.506470,529.823364,8.718750,8.718750,>6,lidar_wave2,pavement,3people-pave,3people-pave_002530#1,workzone_wave2
C:\Users\jiahu\OneDrive\Documents\human_detect\work-zone-safety-rgbd-dataset\workzone_rgbd_dataset_wave2\images\3people-pave_002530.png,3people-pave_002530,3people-pave,002530,rgb,3people-pave_002530#2,592.620483,371.779053,692.796204,603.005371,5.453125,5.453125,3-6,lidar_wave2,pavement,3people-pave,3people-pave_002530#2,workzone_wave2
C:\Users\jiahu\OneDrive\Documents\human_detect\work-zone-safety-rgbd-dataset\workzone_rgbd_dataset_wave2\images\3people-pave_002547.png,3people-pave_002547,3people-pave,002547,rgb,3people-pave_002547#1,601.937195,386.951660,651.937805,537.193787,8.375000,8.375000,>6,lidar_wave2,pavement,3people-pave,3people-pave_002547#1,workzone_wave2
C:\Users\jiahu\OneDrive\Documents\human_detect\work-zone-safety-rgbd-dataset\workzone_rgbd_dataset_wave2\images\3people-pave_002547.png,3people-pave_002547,3people-pave,002547,rgb,3people-pave_002547#2,728.538757,372.366333,786.554626,643.815247,4.738281,4.738281,3-6,lidar_wave2,pavement,3people-pave,3people-pave_002547#2,workzone_wave2
C:\Users\jiahu\OneDrive\Documents\human_detect\work-zone-safety-rgbd-dataset\workzone_rgbd_dataset_wave2\images\3people-pave_002559.png,3people-pave_002559,3people-pave,002559,rgb,3people-pave_002559#1,593.197327,361.042786,717.022217,663.879333,4.132812,4.132812,3-6,lidar_wave2,pavement,3people-pave,3people-pave_002559#1,workzone_wave2
C:\Users\jiahu\OneDrive\Documents\human_detect\work-zone-safety-rgbd-dataset\workzone_rgbd_dataset_wave2\images\3people-pave_002567.png,3people-pave_002567,3people-pave,002567,rgb,3people-pave_002567#1,271.928667,387.240081,332.938283,442.920644,,,3-6,lidar_wave2,pavement,3people-pave,3people-pave_002567#1,workzone_wave2
C:\Users\jiahu\OneDrive\Documents\human_detect\work-zone-safety-rgbd-dataset\workzone_rgbd_dataset_wave2\images\3people-pave_002567.png,3people-pave_002567,3people-pave,002567,rgb,3people-pave_002567#2,451.554749,356.992310,599.603027,681.269531,3.763672,3.763672,3-6,lidar_wave2,pavement,3people-pave,3people-pave_002567#2,workzone_wave2
C:\Users\jiahu\OneDrive\Documents\human_detect\work-zone-safety-rgbd-dataset\workzone_rgbd_dataset_wave2\images\3people-pave_002567.png,3people-pave_002567,3people-pave,002567,rgb,3people-pave_002567#3,650.187988,383.745636,729.247559,567.081848,6.941406,6.941406,>6,lidar_wave2,pavement,3people-pave,3people-pave_002567#3,workzone_wave2
C:\Users\jiahu\OneDrive\Documents\human_detect\work-zone-safety-rgbd-dataset\workzone_rgbd_dataset_wave2\images\3people-pave_002579.png,3people-pave_002579,3people-pave,002579,rgb,3people-pave_002579#1,270.036621,333.038879,445.975525,719.752869,3.015625,3.015625,3-6,lidar_wave2,pavement,3people-pave,3people-pave_002579#1,workzone_wave2
C:\Users\jiahu\OneDrive\Documents\human_detect\work-zone-safety-rgbd-dataset\workzone_rgbd_dataset_wave2\images\3people-pave_002579.png,3people-pave_002579,3people-pave,002579,rgb,3people-pave_002579#2,650.087463,379.040314,735.994690,594.840149,5.859375,5.859375,3-6,lidar_wave2,pavement,3people-pave,3people-pave_002579#2,workzone_wave2
C:\Users\jiahu\OneDrive\Documents\human_detect\work-zone-safety-rgbd-dataset\workzone_rgbd_dataset_wave2\images\3people-pave_002586.png,3people-pave_002586,3people-pave,002586,rgb,3people-pave_002586#1,218.529755,319.860901,340.612854,719.812378,2.464844,2.464844,<3,lidar_wave2,pavement,3people-pave,3people-pave_002586#1,workzone_wave2
C:\Users\jiahu\OneDrive\Documents\human_detect\work-zone-safety-rgbd-dataset\workzone_rgbd_dataset_wave2\images\3people-pave_002586.png,3people-pave_002586,3people-pave,002586,rgb,3people-pave_002586#2,338.255310,403.274689,388.225739,551.280945,7.375000,7.375000,>6,lidar_wave2,pavement,3people-pave,3people-pave_002586#2,workzone_wave2
C:\Users\jiahu\OneDrive\Documents\human_detect\work-zone-safety-rgbd-dataset\workzone_rgbd_dataset_wave2\images\3people-pave_002586.png,3people-pave_002586,3people-pave,002586,rgb,3people-pave_002586#3,636.175293,374.327789,730.143372,623.673340,5.212891,5.212891,3-6,lidar_wave2,pavement,3people-pave,3people-pave_002586#3,workzone_wave2
C:\Users\jiahu\OneDrive\Documents\human_detect\work-zone-safety-rgbd-dataset\workzone_rgbd_dataset_wave2\images\3people-pave_002593.png,3people-pave_002593,3people-pave,002593,rgb,3people-pave_002593#1,152.007797,332.978424,290.435333,719.531433,2.564453,2.564453,<3,lidar_wave2,pavement,3people-pave,3people-pave_002593#1,workzone_wave2
C:\Users\jiahu\OneDrive\Documents\human_detect\work-zone-safety-rgbd-dataset\workzone_rgbd_dataset_wave2\images\3people-pave_002593.png,3people-pave_002593,3people-pave,002593,rgb,3people-pave_002593#2,338.752350,407.398956,378.615509,550.925232,7.046875,7.046875,>6,lidar_wave2,pavement,3people-pave,3people-pave_002593#2,workzone_wave2
C:\Users\jiahu\OneDrive\Documents\human_detect\work-zone-safety-rgbd-dataset\workzone_rgbd_dataset_wave2\images\3people-pave_002593.png,3people-pave_002593,3people-pave,002593,rgb,3people-pave_002593#3,632.450317,369.867004,732.174500,655.148254,4.546875,4.546875,3-6,lidar_wave2,pavement,3people-pave,3people-pave_002593#3,workzone_wave2
C:\Users\jiahu\OneDrive\Documents\human_detect\work-zone-safety-rgbd-dataset\workzone_rgbd_dataset_wave2\images\3people-pave_002602.png,3people-pave_002602,3people-pave,002602,rgb,3people-pave_002602#1,159.546661,324.993988,318.785431,719.371094,2.509766,2.509766,<3,lidar_wave2,pavement,3people-pave,3people-pave_002602#1,workzone_wave2
C:\Users\jiahu\OneDrive\Documents\human_detect\work-zone-safety-rgbd-dataset\workzone_rgbd_dataset_wave2\images\3people-pave_002602.png,3people-pave_002602,3people-pave,002602,rgb,3people-pave_002602#2,339.097778,405.244629,380.324066,551.365234,7.308594,7.308594,>6,lidar_wave2,pavement,3people-pave,3people-pave_002602#2,workzone_wave2
C:\Users\jiahu\OneDrive\Documents\human_detect\work-zone-safety-rgbd-dataset\workzone_rgbd_dataset_wave2\images\3people-pave_002602.png,3people-pave_002602,3people-pave,002602,rgb,3people-pave_002602#3,646.948608,357.933929,772.836731,701.891785,3.732422,3.732422,3-6,lidar_wave2,pavement,3people-pave,3people-pave_002602#3,workzone_wave2
C:\Users\jiahu\OneDrive\Documents\human_detect\work-zone-safety-rgbd-dataset\workzone_rgbd_dataset_wave2\images\3people-pave_002612.png,3people-pave_002612,3people-pave,002612,rgb,3people-pave_002612#1,274.039764,328.676544,416.352295,719.446411,2.525391,2.525391,<3,lidar_wave2,pavement,3people-pave,3people-pave_002612#1,workzone_wave2
C:\Users\jiahu\OneDrive\Documents\human_detect\work-zone-safety-rgbd-dataset\workzone_rgbd_dataset_wave2\images\3people-pave_002612.png,3people-pave_002612,3people-pave,002612,rgb,3people-pave_002612#2,712.839172,342.710754,839.275330,719.930786,2.894531,2.894531,<3,lidar_wave2,pavement,3people-pave,3people-pave_002612#2,workzone_wave2
C:\Users\jiahu\OneDrive\Documents\human_detect\work-zone-safety-rgbd-dataset\workzone_rgbd_dataset_wave2\images\3people-pave_002625.png,3people-pave_002625,3people-pave,002625,rgb,3people-pave_002625#1,337.109467,395.849110,387.499593,550.042664,7.380859,7.380859,>6,lidar_wave2,pavement,3people-pave,3people-pave_002625#1,workzone_wave2
C:\Users\jiahu\OneDrive\Documents\human_detect\work-zone-safety-rgbd-dataset\workzone_rgbd_dataset_wave2\images\3people-pave_002625.png,3people-pave_002625,3people-pave,002625,rgb,3people-pave_002625#2,493.358002,335.181458,623.851746,718.418640,2.673828,2.673828,<3,lidar_wave2,pavement,3people-pave,3people-pave_002625#2,workzone_wave2
C:\Users\jiahu\OneDrive\Documents\human_detect\work-zone-safety-rgbd-dataset\workzone_rgbd_dataset_wave2\images\3people-pave_002625.png,3people-pave_002625,3people-pave,002625,rgb,3people-pave_002625#3,837.177429,314.610626,959.349792,719.356995,1.998047,1.998047,<3,lidar_wave2,pavement,3people-pave,3people-pave_002625#3,workzone_wave2
C:\Users\jiahu\OneDrive\Documents\human_detect\work-zone-safety-rgbd-dataset\workzone_rgbd_dataset_wave2\images\3people-pave_002629.png,3people-pave_002629,3people-pave,002629,rgb,3people-pave_002629#1,339.141907,406.781525,384.845306,551.020447,7.273438,7.273438,>6,lidar_wave2,pavement,3people-pave,3people-pave_002629#1,workzone_wave2
C:\Users\jiahu\OneDrive\Documents\human_detect\work-zone-safety-rgbd-dataset\workzone_rgbd_dataset_wave2\images\3people-pave_002629.png,3people-pave_002629,3people-pave,002629,rgb,3people-pave_002629#2,519.250671,345.754791,667.822327,719.098755,2.726562,2.726562,<3,lidar_wave2,pavement,3people-pave,3people-pave_002629#2,workzone_wave2
C:\Users\jiahu\OneDrive\Documents\human_detect\work-zone-safety-rgbd-dataset\workzone_rgbd_dataset_wave2\images\3people-pave_002629.png,3people-pave_002629,3people-pave,002629,rgb,3people-pave_002629#3,821.854309,307.652618,959.312866,718.836914,1.959473,1.959473,<3,lidar_wave2,pavement,3people-pave,3people-pave_002629#3,workzone_wave2
C:\Users\jiahu\OneDrive\Documents\human_detect\work-zone-safety-rgbd-dataset\workzone_rgbd_dataset_wave2\images\3people-pave_002648.png,3people-pave_002648,3people-pave,002648,rgb,3people-pave_002648#1,343.090515,429.839813,399.410461,546.701538,7.349609,7.349609,>6,lidar_wave2,pavement,3people-pave,3people-pave_002648#1,workzone_wave2
C:\Users\jiahu\OneDrive\Documents\human_detect\work-zone-safety-rgbd-dataset\workzone_rgbd_dataset_wave2\images\3people-pave_002648.png,3people-pave_002648,3people-pave,002648,rgb,3people-pave_002648#2,651.104736,313.871063,826.602722,719.446899,2.021484,2.021484,<3,lidar_wave2,pavement,3people-pave,3people-pave_002648#2,workzone_wave2
C:\Users\jiahu\OneDrive\Documents\human_detect\work-zone-safety-rgbd-dataset\workzone_rgbd_dataset_wave2\images\3people-pave_002650.png,3people-pave_002650,3people-pave,002650,rgb,3people-pave_002650#1,350.040100,412.205414,403.565308,546.103943,7.568359,7.568359,>6,lidar_wave2,pavement,3people-pave,3people-pave_002650#1,workzone_wave2
C:\Users\jiahu\OneDrive\Documents\human_detect\work-zone-safety-rgbd-dataset\workzone_rgbd_dataset_wave2\images\3people-pave_002650.png,3people-pave_002650,3people-pave,002650,rgb,3people-pave_002650#2,581.511169,315.014465,795.305054,718.701477,2.119141,2.119141,<3,lidar_wave2,pavement,3people-pave,3people-pave_002650#2,workzone_wave2
C:\Users\jiahu\OneDrive\Documents\human_detect\work-zone-safety-rgbd-dataset\workzone_rgbd_dataset_wave2\images\3people-pave_002660.png,3people-pave_002660,3people-pave,002660,rgb,3people-pave_002660#1,397.680267,403.753082,464.055084,539.260925,8.011719,8.011719,>6,lidar_wave2,pavement,3people-pave,3people-pave_002660#1,workzone_wave2
C:\Users\jiahu\OneDrive\Documents\human_detect\work-zone-safety-rgbd-dataset\workzone_rgbd_dataset_wave2\images\3people-pave_002660.png,3people-pave_002660,3people-pave,002660,rgb,3people-pave_002660#2,534.616943,337.946808,694.554443,719.516785,2.718750,2.718750,<3,lidar_wave2,pavement,3people-pave,3people-pave_002660#2,workzone_wave2
C:\Users\jiahu\OneDrive\Documents\human_detect\work-zone-safety-rgbd-dataset\workzone_rgbd_dataset_wave2\images\3people-pave_002672.png,3people-pave_002672,3people-pave,002672,rgb,3people-pave_002672#1,451.557129,399.589447,506.773499,531.206726,8.507812,8.507812,>6,lidar_wave2,pavement,3people-pave,3people-pave_002672#1,workzone_wave2
C:\Users\jiahu\OneDrive\Documents\human_detect\work-zone-safety-rgbd-dataset\workzone_rgbd_dataset_wave2\images\3people-pave_002672.png,3people-pave_002672,3people-pave,002672,rgb,3people-pave_002672#2,527.546692,354.585876,651.555237,712.579651,3.558594,3.558594,3-6,lidar_wave2,pavement,3people-pave,3people-pave_002672#2,workzone_wave2
C:\Users\jiahu\OneDrive\Documents\human_detect\work-zone-safety-rgbd-dataset\workzone_rgbd_dataset_wave2\images\3people-pave_002672.png,3people-pave_002672,3people-pave,002672,rgb,3people-pave_002672#3,757.532959,323.252838,959.817261,719.031250,1.425781,1.425781,<3,lidar_wave2,pavement,3people-pave,3people-pave_002672#3,workzone_wave2
C:\Users\jiahu\OneDrive\Documents\human_detect\work-zone-safety-rgbd-dataset\workzone_rgbd_dataset_wave2\images\3people-pave_002682.png,3people-pave_002682,3people-pave,002682,rgb,3people-pave_002682#1,495.990540,399.523682,540.283447,521.707214,9.054688,9.054688,>6,lidar_wave2,pavement,3people-pave,3people-pave_002682#1,workzone_wave2
C:\Users\jiahu\OneDrive\Documents\human_detect\work-zone-safety-rgbd-dataset\workzone_rgbd_dataset_wave2\images\3people-pave_002682.png,3people-pave_002682,3people-pave,002682,rgb,3people-pave_002682#2,573.062073,364.241272,674.874573,652.965271,4.261719,4.261719,3-6,lidar_wave2,pavement,3people-pave,3people-pave_002682#2,workzone_wave2
C:\Users\jiahu\OneDrive\Documents\human_detect\work-zone-safety-rgbd-dataset\workzone_rgbd_dataset_wave2\images\3people-pave_002691.png,3people-pave_002691,3people-pave,002691,rgb,3people-pave_002691#1,531.678833,399.189423,572.298523,515.260498,9.718750,9.718750,>6,lidar_wave2,pavement,3people-pave,3people-pave_002691#1,workzone_wave2
C:\Users\jiahu\OneDrive\Documents\human_detect\work-zone-safety-rgbd-dataset\workzone_rgbd_dataset_wave2\images\3people-pave_002691.png,3people-pave_002691,3people-pave,002691,rgb,3people-pave_002691#2,582.931580,371.529633,672.111084,621.710571,4.996094,4.996094,3-6,lidar_wave2,pavement,3people-pave,3people-pave_002691#2,workzone_wave2
C:\Users\jiahu\OneDrive\Documents\human_detect\work-zone-safety-rgbd-dataset\workzone_rgbd_dataset_wave2\images\3people-pave_002707.png,3people-pave_002707,3people-pave,002707,rgb,3people-pave_002707#1,590.611253,395.594727,640.853638,514.055593,9.875000,9.875000,>6,lidar_wave2,pavement,3people-pave,3people-pave_002707#1,workzone_wave2
C:\Users\jiahu\OneDrive\Documents\human_detect\work-zone-safety-rgbd-dataset\workzone_rgbd_dataset_wave2\images\3people-pave_002707.png,3people-pave_002707,3people-pave,002707,rgb,3people-pave_002707#2,628.643250,377.575378,711.348145,584.486023,5.707031,5.707031,3-6,lidar_wave2,pavement,3people-pave,3people-pave_002707#2,workzone_wave2
C:\Users\jiahu\OneDrive\Documents\human_detect\work-zone-safety-rgbd-dataset\workzone_rgbd_dataset_wave2\images\3people-pave_002711.png,3people-pave_002711,3people-pave,002711,rgb,3people-pave_002711#1,629.486084,380.092041,716.727051,584.138733,6.109375,6.109375,>6,lidar_wave2,pavement,3people-pave,3people-pave_002711#1,workzone_wave2
C:\Users\jiahu\OneDrive\Documents\human_detect\work-zone-safety-rgbd-dataset\workzone_rgbd_dataset_wave2\images\3people-pave_002728.png,3people-pave_002728,3people-pave,002728,rgb,3people-pave_002728#1,668.941284,383.817902,738.024231,558.891418,7.285156,7.285156,>6,lidar_wave2,pavement,3people-pave,3people-pave_002728#1,workzone_wave2
C:\Users\jiahu\OneDrive\Documents\human_detect\work-zone-safety-rgbd-dataset\workzone_rgbd_dataset_wave2\images\3people-pave_002728.png,3people-pave_002728,3people-pave,002728,rgb,3people-pave_002728#2,861.329773,0.304962,959.842712,719.552979,0.488403,0.488403,<3,lidar_wave2,pavement,3people-pave,3people-pave_002728#2,workzone_wave2
C:\Users\jiahu\OneDrive\Documents\human_detect\work-zone-safety-rgbd-dataset\workzone_rgbd_dataset_wave2\images\3people-pave_002729.png,3people-pave_002729,3people-pave,002729,rgb,3people-pave_002729#1,672.455688,383.568054,732.923340,540.184021,7.312500,7.312500,>6,lidar_wave2,pavement,3people-pave,3people-pave_002729#1,workzone_wave2
C:\Users\jiahu\OneDrive\Documents\human_detect\work-zone-safety-rgbd-dataset\workzone_rgbd_dataset_wave2\images\3people-pave_002729.png,3people-pave_002729,3people-pave,002729,rgb,3people-pave_002729#2,667.886536,2.471466,958.703979,715.600952,0.300781,0.300781,<3,lidar_wave2,pavement,3people-pave,3people-pave_002729#2,workzone_wave2
C:\Users\jiahu\OneDrive\Documents\human_detect\work-zone-safety-rgbd-dataset\workzone_rgbd_dataset_wave2\images\3people-pave_002740.png,3people-pave_002740,3people-pave,002740,rgb,3people-pave_002740#1,1.159195,200.921051,398.216400,718.707825,1.033203,1.033203,<3,lidar_wave2,pavement,3people-pave,3people-pave_002740#1,workzone_wave2
C:\Users\jiahu\OneDrive\Documents\human_detect\work-zone-safety-rgbd-dataset\workzone_rgbd_dataset_wave2\images\3people-pave_002740.png,3people-pave_002740,3people-pave,002740,rgb,3people-pave_002740#2,672.394043,385.075928,729.361450,549.109131,8.582031,8.582031,>6,lidar_wave2,pavement,3people-pave,3people-pave_002740#2,workzone_wave2
C:\Users\jiahu\OneDrive\Documents\human_detect\work-zone-safety-rgbd-dataset\workzone_rgbd_dataset_wave2\images\3people-pave_002740.png,3people-pave_002740,3people-pave,002740,rgb,3people-pave_002740#3,736.495422,406.583588,790.613019,515.499878,11.210938,11.210938,>6,lidar_wave2,pavement,3people-pave,3people-pave_002740#3,workzone_wave2
C:\Users\jiahu\OneDrive\Documents\human_detect\work-zone-safety-rgbd-dataset\workzone_rgbd_dataset_wave2\images\3people-pave_002757.png,3people-pave_002757,3people-pave,002757,rgb,3people-pave_002757#1,159.627136,338.410583,350.109375,718.466919,2.720703,2.720703,<3,lidar_wave2,pavement,3people-pave,3people-pave_002757#1,workzone_wave2
C:\Users\jiahu\OneDrive\Documents\human_detect\work-zone-safety-rgbd-dataset\workzone_rgbd_dataset_wave2\images\3people-pave_002757.png,3people-pave_002757,3people-pave,002757,rgb,3people-pave_002757#2,587.556396,387.511505,641.806885,529.497681,8.390625,8.390625,>6,lidar_wave2,pavement,3people-pave,3people-pave_002757#2,workzone_wave2
C:\Users\jiahu\OneDrive\Documents\human_detect\work-zone-safety-rgbd-dataset\workzone_rgbd_dataset_wave2\images\3people-pave_002757.png,3people-pave_002757,3people-pave,002757,rgb,3people-pave_002757#3,770.273804,412.786957,805.672852,501.259216,10.890625,10.890625,>6,lidar_wave2,pavement,3people-pave,3people-pave_002757#3,workzone_wave2
C:\Users\jiahu\OneDrive\Documents\human_detect\work-zone-safety-rgbd-dataset\workzone_rgbd_dataset_wave2\images\3people-pave_002768.png,3people-pave_002768,3people-pave,002768,rgb,3people-pave_002768#1,304.355194,352.411285,423.247375,692.028259,3.767578,3.767578,3-6,lidar_wave2,pavement,3people-pave,3people-pave_002768#1,workzone_wave2
C:\Users\jiahu\OneDrive\Documents\human_detect\work-zone-safety-rgbd-dataset\workzone_rgbd_dataset_wave2\images\3people-pave_002768.png,3people-pave_002768,3people-pave,002768,rgb,3people-pave_002768#2,534.150604,386.440826,590.741716,540.382602,8.000000,8.000000,>6,lidar_wave2,pavement,3people-pave,3people-pave_002768#2,workzone_wave2
C:\Users\jiahu\OneDrive\Documents\human_detect\work-zone-safety-rgbd-dataset\workzone_rgbd_dataset_wave2\images\3people-pave_002768.png,3people-pave_002768,3people-pave,002768,rgb,3people-pave_002768#3,764.686255,413.752674,811.346436,508.304577,10.144531,10.144531,>6,lidar_wave2,pavement,3people-pave,3people-pave_002768#3,workzone_wave2
C:\Users\jiahu\OneDrive\Documents\human_detect\work-zone-safety-rgbd-dataset\workzone_rgbd_dataset_wave2\images\3people-pave_002771.png,3people-pave_002771,3people-pave,002771,rgb,3people-pave_002771#1,334.890564,355.602448,424.091492,653.154053,4.035156,4.035156,3-6,lidar_wave2,pavement,3people-pave,3people-pave_002771#1,workzone_wave2
C:\Users\jiahu\OneDrive\Documents\human_detect\work-zone-safety-rgbd-dataset\workzone_rgbd_dataset_wave2\images\3people-pave_002771.png,3people-pave_002771,3people-pave,002771,rgb,3people-pave_002771#2,513.223022,388.127380,569.693552,536.618281,7.701172,7.701172,>6,lidar_wave2,pavement,3people-pave,3people-pave_002771#2,workzone_wave2
C:\Users\jiahu\OneDrive\Documents\human_detect\work-zone-safety-rgbd-dataset\workzone_rgbd_dataset_wave2\images\3people-pave_002771.png,3people-pave_002771,3people-pave,002771,rgb,3people-pave_002771#3,766.802105,412.466034,807.161682,503.345415,11.843750,11.843750,>6,lidar_wave2,pavement,3people-pave,3people-pave_002771#3,workzone_wave2
C:\Users\jiahu\OneDrive\Documents\human_detect\work-zone-safety-rgbd-dataset\workzone_rgbd_dataset_wave2\images\3people-pave_002781.png,3people-pave_002781,3people-pave,002781,rgb,3people-pave_002781#1,449.307129,351.949493,528.403564,659.325256,4.261719,4.261719,3-6,lidar_wave2,pavement,3people-pave,3people-pave_002781#1,workzone_wave2
C:\Users\jiahu\OneDrive\Documents\human_detect\work-zone-safety-rgbd-dataset\workzone_rgbd_dataset_wave2\images\3people-pave_002781.png,3people-pave_002781,3people-pave,002781,rgb,3people-pave_002781#2,754.198608,413.726807,790.965960,499.419958,11.148438,11.148438,>6,lidar_wave2,pavement,3people-pave,3people-pave_002781#2,workzone_wave2
C:\Users\jiahu\OneDrive\Documents\human_detect\work-zone-safety-rgbd-dataset\workzone_rgbd_dataset_wave2\images\3people-pave_002789.png,3people-pave_002789,3people-pave,002789,rgb,3people-pave_002789#1,426.032135,383.010437,488.506256,530.811401,8.414062,8.414062,>6,lidar_wave2,pavement,3people-pave,3people-pave_002789#1,workzone_wave2
C:\Users\jiahu\OneDrive\Documents\human_detect\work-zone-safety-rgbd-dataset\workzone_rgbd_dataset_wave2\images\3people-pave_002789.png,3people-pave_002789,3people-pave,002789,rgb,3people-pave_002789#2,580.873535,357.358795,677.064880,676.188599,4.011719,4.011719,3-6,lidar_wave2,pavement,3people-pave,3people-pave_002789#2,workzone_wave2
C:\Users\jiahu\OneDrive\Documents\human_detect\work-zone-safety-rgbd-dataset\workzone_rgbd_dataset_wave2\images\3people-pave_002789.png,3people-pave_002789,3people-pave,002789,rgb,3people-pave_002789#3,721.103027,414.299286,753.538025,489.261932,12.789062,12.789062,>6,lidar_wave2,pavement,3people-pave,3people-pave_002789#3,workzone_wave2
C:\Users\jiahu\OneDrive\Documents\human_detect\work-zone-safety-rgbd-dataset\workzone_rgbd_dataset_wave2\images\3people-pave_002801.png,3people-pave_002801,3people-pave,002801,rgb,3people-pave_002801#1,410.091431,377.414841,466.671728,550.495588,6.921875,6.921875,>6,lidar_wave2,pavement,3people-pave,3people-pave_002801#1,workzone_wave2
C:\Users\jiahu\OneDrive\Documents\human_detect\work-zone-safety-rgbd-dataset\workzone_rgbd_dataset_wave2\images\3people-pave_002801.png,3people-pave_002801,3people-pave,002801,rgb,3people-pave_002801#2,668.284058,412.911926,703.783081,485.040192,18.093750,18.093750,>6,lidar_wave2,pavement,3people-pave,3people-pave_002801#2,workzone_wave2
C:\Users\jiahu\OneDrive\Documents\human_detect\work-zone-safety-rgbd-dataset\workzone_rgbd_dataset_wave2\images\3people-pave_002801.png,3people-pave_002801,3people-pave,002801,rgb,3people-pave_002801#3,807.465820,343.934875,959.565308,719.932678,3.011719,3.011719,3-6,lidar_wave2,pavement,3people-pave,3people-pave_002801#3,workzone_wave2
C:\Users\jiahu\OneDrive\Documents\human_detect\work-zone-safety-rgbd-dataset\workzone_rgbd_dataset_wave2\images\3people-pave_002818.png,3people-pave_002818,3people-pave,002818,rgb,3people-pave_002818#1,401.118073,378.427277,482.066803,579.207825,6.054688,6.054688,>6,lidar_wave2,pavement,3people-pave,3people-pave_002818#1,workzone_wave2
C:\Users\jiahu\OneDrive\Documents\human_detect\work-zone-safety-rgbd-dataset\workzone_rgbd_dataset_wave2\images\3people-pave_002818.png,3people-pave_002818,3people-pave,002818,rgb,3people-pave_002818#2,602.487854,403.515686,641.654480,484.756836,11.937500,11.937500,>6,lidar_wave2,pavement,3people-pave,3people-pave_002818#2,workzone_wave2
C:\Users\jiahu\OneDrive\Documents\human_detect\work-zone-safety-rgbd-dataset\workzone_rgbd_dataset_wave2\images\3people-pave_002828.png,3people-pave_002828,3people-pave,002828,rgb,3people-pave_002828#1,366.030334,367.019257,463.582520,614.141113,5.191406,5.191406,3-6,lidar_wave2,pavement,3people-pave,3people-pave_002828#1,workzone_wave2
C:\Users\jiahu\OneDrive\Documents\human_detect\work-zone-safety-rgbd-dataset\workzone_rgbd_dataset_wave2\images\3people-pave_002828.png,3people-pave_002828,3people-pave,002828,rgb,3people-pave_002828#2,596.032620,401.978455,628.803984,491.300997,12.070312,12.070312,>6,lidar_wave2,pavement,3people-pave,3people-pave_002828#2,workzone_wave2
C:\Users\jiahu\OneDrive\Documents\human_detect\work-zone-safety-rgbd-dataset\workzone_rgbd_dataset_wave2\images\3people-pave_002830.png,3people-pave_002830,3people-pave,002830,rgb,3people-pave_002830#1,365.442078,366.626862,464.982971,631.204529,4.890625,4.890625,3-6,lidar_wave2,pavement,3people-pave,3people-pave_002830#1,workzone_wave2
C:\Users\jiahu\OneDrive\Documents\human_detect\work-zone-safety-rgbd-dataset\workzone_rgbd_dataset_wave2\images\3people-pave_002830.png,3people-pave_002830,3people-pave,002830,rgb,3people-pave_002830#2,594.305237,403.939636,621.451416,485.661072,12.097656,12.097656,>6,lidar_wave2,pavement,3people-pave,3people-pave_002830#2,workzone_wave2
C:\Users\jiahu\OneDrive\Documents\human_detect\work-zone-safety-rgbd-dataset\workzone_rgbd_dataset_wave2\images\3people-pave_002842.png,3people-pave_002842,3people-pave,002842,rgb,3people-pave_002842#1,286.295868,353.435944,426.517273,685.112427,3.930664,3.930664,3-6,lidar_wave2,pavement,3people-pave,3people-pave_002842#1,workzone_wave2
C:\Users\jiahu\OneDrive\Documents\human_detect\work-zone-safety-rgbd-dataset\workzone_rgbd_dataset_wave2\images\3people-pave_002842.png,3people-pave_002842,3people-pave,002842,rgb,3people-pave_002842#2,568.497786,399.417146,611.649542,495.158164,,,>6,lidar_wave2,pavement,3people-pave,3people-pave_002842#2,workzone_wave2
C:\Users\jiahu\OneDrive\Documents\human_detect\work-zone-safety-rgbd-dataset\workzone_rgbd_dataset_wave2\images\3people-pave_002857.png,3people-pave_002857,3people-pave,002857,rgb,3people-pave_002857#1,166.762257,328.627014,352.156468,720.000000,2.791016,2.791016,<3,lidar_wave2,pavement,3people-pave,3people-pave_002857#1,workzone_wave2
C:\Users\jiahu\OneDrive\Documents\human_detect\work-zone-safety-rgbd-dataset\workzone_rgbd_dataset_wave2\images\3people-pave_002857.png,3people-pave_002857,3people-pave,002857,rgb,3people-pave_002857#2,560.072239,402.568557,600.519096,496.609980,,,>6,lidar_wave2,pavement,3people-pave,3people-pave_002857#2,workzone_wave2
C:\Users\jiahu\OneDrive\Documents\human_detect\work-zone-safety-rgbd-dataset\workzone_rgbd_dataset_wave2\images\3people-pave_002865.png,3people-pave_002865,3people-pave,002865,rgb,3people-pave_002865#1,107.971825,301.404572,336.520447,719.418823,2.185547,2.185547,<3,lidar_wave2,pavement,3people-pave,3people-pave_002865#1,workzone_wave2
C:\Users\jiahu\OneDrive\Documents\human_detect\work-zone-safety-rgbd-dataset\workzone_rgbd_dataset_wave2\images\3people-pave_002865.png,3people-pave_002865,3people-pave,002865,rgb,3people-pave_002865#2,542.998658,403.635143,589.326923,494.431683,,,>6,lidar_wave2,pavement,3people-pave,3people-pave_002865#2,workzone_wave2
C:\Users\jiahu\OneDrive\Documents\human_detect\work-zone-safety-rgbd-dataset\workzone_rgbd_dataset_wave2\images\3people-pave_002871.png,3people-pave_002871,3people-pave,002871,rgb,3people-pave_002871#1,199.226578,290.504791,372.872162,719.263428,1.894043,1.894043,<3,lidar_wave2,pavement,3people-pave,3people-pave_002871#1,workzone_wave2
C:\Users\jiahu\OneDrive\Documents\human_detect\work-zone-safety-rgbd-dataset\workzone_rgbd_dataset_wave2\images\3people-pave_002871.png,3people-pave_002871,3people-pave,002871,rgb,3people-pave_002871#2,547.657532,401.130707,575.425842,490.762939,,,>6,lidar_wave2,pavement,3people-pave,3people-pave_002871#2,workzone_wave2
C:\Users\jiahu\OneDrive\Documents\human_detect\work-zone-safety-rgbd-dataset\workzone_rgbd_dataset_wave2\images\3people-pave_002883.png,3people-pave_002883,3people-pave,002883,rgb,3people-pave_002883#1,433.314148,273.936981,739.836792,719.884460,1.606445,1.606445,<3,lidar_wave2,pavement,3people-pave,3people-pave_002883#1,workzone_wave2
C:\Users\jiahu\OneDrive\Documents\human_detect\work-zone-safety-rgbd-dataset\workzone_rgbd_dataset_wave2\images\3people-pave_002896.png,3people-pave_002896,3people-pave,002896,rgb,3people-pave_002896#1,494.235242,394.036396,543.085868,505.799150,,,>6,lidar_wave2,pavement,3people-pave,3people-pave_002896#1,workzone_wave2
C:\Users\jiahu\OneDrive\Documents\human_detect\work-zone-safety-rgbd-dataset\workzone_rgbd_dataset_wave2\images\3people-pave_002896.png,3people-pave_002896,3people-pave,002896,rgb,3people-pave_002896#2,626.855530,305.783752,930.419495,719.235046,1.988281,1.988281,<3,lidar_wave2,pavement,3people-pave,3people-pave_002896#2,workzone_wave2
C:\Users\jiahu\OneDrive\Documents\human_detect\work-zone-safety-rgbd-dataset\workzone_rgbd_dataset_wave2\images\3people-pave_002901.png,3people-pave_002901,3people-pave,002901,rgb,3people-pave_002901#1,492.043099,393.412608,536.585510,508.282013,,,>6,lidar_wave2,pavement,3people-pave,3people-pave_002901#1,workzone_wave2
C:\Users\jiahu\OneDrive\Documents\human_detect\work-zone-safety-rgbd-dataset\workzone_rgbd_dataset_wave2\images\3people-pave_002901.png,3people-pave_002901,3people-pave,002901,rgb,3people-pave_002901#2,690.520813,320.485474,917.842773,719.745544,2.289062,2.289062,<3,lidar_wave2,pavement,3people-pave,3people-pave_002901#2,workzone_wave2
C:\Users\jiahu\OneDrive\Documents\human_detect\work-zone-safety-rgbd-dataset\workzone_rgbd_dataset_wave2\images\3people-pave_002909.png,3people-pave_002909,3people-pave,002909,rgb,3people-pave_002909#1,468.513367,401.463348,512.656540,519.290587,,,>6,lidar_wave2,pavement,3people-pave,3people-pave_002909#1,workzone_wave2
C:\Users\jiahu\OneDrive\Documents\human_detect\work-zone-safety-rgbd-dataset\workzone_rgbd_dataset_wave2\images\3people-pave_002909.png,3people-pave_002909,3people-pave,002909,rgb,3people-pave_002909#2,739.616272,336.706970,894.960388,719.237427,2.744141,2.744141,<3,lidar_wave2,pavement,3people-pave,3people-pave_002909#2,workzone_wave2
C:\Users\jiahu\OneDrive\Documents\human_detect\work-zone-safety-rgbd-dataset\workzone_rgbd_dataset_wave2\images\3people-pave_002928.png,3people-pave_002928,3people-pave,002928,rgb,3people-pave_002928#1,414.429019,397.909058,468.641208,543.861071,7.300781,7.300781,>6,lidar_wave2,pavement,3people-pave,3people-pave_002928#1,workzone_wave2
C:\Users\jiahu\OneDrive\Documents\human_detect\work-zone-safety-rgbd-dataset\workzone_rgbd_dataset_wave2\images\3people-pave_002928.png,3people-pave_002928,3people-pave,002928,rgb,3people-pave_002928#2,675.415527,362.847931,798.689819,670.566284,4.085938,4.085938,3-6,lidar_wave2,pavement,3people-pave,3people-pave_002928#2,workzone_wave2
C:\Users\jiahu\OneDrive\Documents\human_detect\work-zone-safety-rgbd-dataset\workzone_rgbd_dataset_wave2\images\3people-pave_002929.png,3people-pave_002929,3people-pave,002929,rgb,3people-pave_002929#1,407.973816,398.110779,466.587219,543.291861,6.970703,6.970703,>6,lidar_wave2,pavement,3people-pave,3people-pave_002929#1,workzone_wave2
C:\Users\jiahu\OneDrive\Documents\human_detect\work-zone-safety-rgbd-dataset\workzone_rgbd_dataset_wave2\images\3people-pave_002929.png,3people-pave_002929,3people-pave,002929,rgb,3people-pave_002929#2,678.250549,364.590637,782.163086,670.854126,4.144531,4.144531,3-6,lidar_wave2,pavement,3people-pave,3people-pave_002929#2,workzone_wave2
C:\Users\jiahu\OneDrive\Documents\human_detect\work-zone-safety-rgbd-dataset\workzone_rgbd_dataset_wave2\images\3people-pave_002945.png,3people-pave_002945,3people-pave,002945,rgb,3people-pave_002945#1,385.925842,396.481201,456.147888,559.487732,7.140625,7.140625,>6,lidar_wave2,pavement,3people-pave,3people-pave_002945#1,workzone_wave2
C:\Users\jiahu\OneDrive\Documents\human_detect\work-zone-safety-rgbd-dataset\workzone_rgbd_dataset_wave2\images\3people-pave_002945.png,3people-pave_002945,3people-pave,002945,rgb,3people-pave_002945#2,631.096313,370.476837,698.273132,622.458435,5.058594,5.058594,3-6,lidar_wave2,pavement,3people-pave,3people-pave_002945#2,workzone_wave2
C:\Users\jiahu\OneDrive\Documents\human_detect\work-zone-safety-rgbd-dataset\workzone_rgbd_dataset_wave2\images\3people-pave_002955.png,3people-pave_002955,3people-pave,002955,rgb,3people-pave_002955#1,386.715454,391.331268,457.901276,577.223572,6.074219,6.074219,>6,lidar_wave2,pavement,3people-pave,3people-pave_002955#1,workzone_wave2
C:\Users\jiahu\OneDrive\Documents\human_detect\work-zone-safety-rgbd-dataset\workzone_rgbd_dataset_wave2\images\3people-pave_002955.png,3people-pave_002955,3people-pave,002955,rgb,3people-pave_002955#2,622.347351,371.621674,685.091370,627.003296,4.718750,4.718750,3-6,lidar_wave2,pavement,3people-pave,3people-pave_002955#2,workzone_wave2
C:\Users\jiahu\OneDrive\Documents\human_detect\work-zone-safety-rgbd-dataset\workzone_rgbd_dataset_wave2\images\3people-pave_002968.png,3people-pave_002968,3people-pave,002968,rgb,3people-pave_002968#1,429.295166,391.701050,513.267334,607.871399,5.355469,5.355469,3-6,lidar_wave2,pavement,3people-pave,3people-pave_002968#1,workzone_wave2
C:\Users\jiahu\OneDrive\Documents\human_detect\work-zone-safety-rgbd-dataset\workzone_rgbd_dataset_wave2\images\3people-pave_002968.png,3people-pave_002968,3people-pave,002968,rgb,3people-pave_002968#2,564.986389,366.909546,664.028259,635.613892,4.562500,4.562500,3-6,lidar_wave2,pavement,3people-pave,3people-pave_002968#2,workzone_wave2
C:\Users\jiahu\OneDrive\Documents\human_detect\work-zone-safety-rgbd-dataset\workzone_rgbd_dataset_wave2\images\3people-pave_002977.png,3people-pave_002977,3people-pave,002977,rgb,3people-pave_002977#1,454.149994,387.944733,550.557861,624.975464,4.968750,4.968750,3-6,lidar_wave2,pavement,3people-pave,3people-pave_002977#1,workzone_wave2
C:\Users\jiahu\OneDrive\Documents\human_detect\work-zone-safety-rgbd-dataset\workzone_rgbd_dataset_wave2\images\3people-pave_002977.png,3people-pave_002977,3people-pave,002977,rgb,3people-pave_002977#2,575.292908,363.327240,700.611511,660.770996,4.300781,4.300781,3-6,lidar_wave2,pavement,3people-pave,3people-pave_002977#2,workzone_wave2
C:\Users\jiahu\OneDrive\Documents\human_detect\work-zone-safety-rgbd-dataset\workzone_rgbd_dataset_wave2\images\3people-pave_002985.png,3people-pave_002985,3people-pave,002985,rgb,3people-pave_002985#1,489.331238,389.905243,583.852478,644.186707,4.554688,4.554688,3-6,lidar_wave2,pavement,3people-pave,3people-pave_002985#1,workzone_wave2
C:\Users\jiahu\OneDrive\Documents\human_detect\work-zone-safety-rgbd-dataset\workzone_rgbd_dataset_wave2\images\3people-pave_002985.png,3people-pave_002985,3people-pave,002985,rgb,3people-pave_002985#2,590.855774,355.686768,722.942932,687.896851,3.869141,3.869141,3-6,lidar_wave2,pavement,3people-pave,3people-pave_002985#2,workzone_wave2
C:\Users\jiahu\OneDrive\Documents\human_detect\work-zone-safety-rgbd-dataset\workzone_rgbd_dataset_wave2\images\3people-pave_002991.png,3people-pave_002991,3people-pave,002991,rgb,3people-pave_002991#1,524.478149,386.708038,631.065491,655.290588,4.281250,4.281250,3-6,lidar_wave2,pavement,3people-pave,3people-pave_002991#1,workzone_wave2
C:\Users\jiahu\OneDrive\Documents\human_detect\work-zone-safety-rgbd-dataset\workzone_rgbd_dataset_wave2\images\3people-pave_002991.png,3people-pave_002991,3people-pave,002991,rgb,3people-pave_002991#2,630.634277,352.459808,771.198486,719.411194,3.568359,3.568359,3-6,lidar_wave2,pavement,3people-pave,3people-pave_002991#2,workzone_wave2
C:\Users\jiahu\OneDrive\Documents\human_detect\work-zone-safety-rgbd-dataset\workzone_rgbd_dataset_wave2\images\3people-pave_003005.png,3people-pave_003005,3people-pave,003005,rgb,3people-pave_003005#1,614.308655,386.473755,716.355286,678.376465,3.902344,3.902344,3-6,lidar_wave2,pavement,3people-pave,3people-pave_003005#1,workzone_wave2
C:\Users\jiahu\OneDrive\Documents\human_detect\work-zone-safety-rgbd-dataset\workzone_rgbd_dataset_wave2\images\3people-pave_003005.png,3people-pave_003005,3people-pave,003005,rgb,3people-pave_003005#2,721.847717,342.492554,857.417175,719.594849,2.994141,2.994141,<3,lidar_wave2,pavement,3people-pave,3people-pave_003005#2,workzone_wave2
C:\Users\jiahu\OneDrive\Documents\human_detect\work-zone-safety-rgbd-dataset\workzone_rgbd_dataset_wave2\images\3people-pave_003010.png,3people-pave_003010,3people-pave,003010,rgb,3people-pave_003010#1,637.451721,389.042725,729.897949,694.712585,3.824219,3.824219,3-6,lidar_wave2,pavement,3people-pave,3people-pave_003010#1,workzone_wave2
C:\Users\jiahu\OneDrive\Documents\human_detect\work-zone-safety-rgbd-dataset\workzone_rgbd_dataset_wave2\images\3people-pave_003010.png,3people-pave_003010,3people-pave,003010,rgb,3people-pave_003010#2,763.041382,345.202148,864.872375,719.530884,2.947266,2.947266,<3,lidar_wave2,pavement,3people-pave,3people-pave_003010#2,workzone_wave2
