scheme,matched,total_gt,mae_m,rmse_m,within_0_5m,within_1_0m,band_accuracy
scheme1_base_yolo_distance_head,135,135,0.554190311111111,1.6294340676680992,0.8222222222222222,0.8888888888888888,0.9481481481481482
scheme1_finetuned_yolo_distance_head,135,135,0.4284884000000001,1.0880469109350495,0.8444444444444444,0.9333333333333333,0.9111111111111111
scheme2_moge_calibrated,134,135,0.37930439223288065,0.9829521645801401,0.8955223880597015,0.9552238805970149,0.9477611940298507
