{
  "preds": "runs\\workzone\\scheme2_eval_moge_preds.csv",
  "labels": "runs\\workzone\\workzone_depth.eval.csv",
  "raw": {
    "matched": 134,
    "total_gt": 135,
    "match_rate": 0.9925925925925926,
    "mae_m": 1.8056662929243619,
    "rmse_m": 3.14724738655345,
    "bias_m": 1.7175481384047453,
    "absrel": 0.31817882652636176,
    "within_0_5m": 0.16417910447761194,
    "within_1_0m": 0.34328358208955223,
    "within_0_5m_all_gt": 0.16296296296296298,
    "within_1_0m_all_gt": 0.34074074074074073,
    "band_accuracy": 0.7089552238805971
  },
  "calibrated": {
    "matched": 134,
    "total_gt": 135,
    "match_rate": 0.9925925925925926,
    "mae_m": 0.37930439223288065,
    "rmse_m": 0.9829521645801401,
    "bias_m": -0.02662630924259383,
    "absrel": 0.07368406068219006,
    "within_0_5m": 0.8955223880597015,
    "within_1_0m": 0.9552238805970149,
    "within_0_5m_all_gt": 0.8888888888888888,
    "within_1_0m_all_gt": 0.9481481481481482,
    "band_accuracy": 0.9477611940298507
  },
  "calibrator": "runs\\workzone\\scheme2_workzone_calibrator.joblib",
  "calibrator_type": "gbr"
}