{
  "selected": "gbr",
  "all": {
    "raw": {
      "z": {
        "mae": 1.8140396026125638,
        "rmse": 4.412436446052199,
        "absrel": 0.28744228988315
      },
      "distance": {
        "mae": 2.017694785564749,
        "rmse": 4.564998827579589,
        "absrel": 0.3355121218572284
      },
      "n_train": 369,
      "n_val": 153
    },
    "scale_bias": {
      "z": {
        "mae": 0.7151638185403432,
        "rmse": 1.8830692464625967,
        "absrel": 0.17113951741309572
      },
      "distance": {
        "mae": 0.7224758157862149,
        "rmse": 1.866148690925421,
        "absrel": 0.1711872240277275
      },
      "n_train": 369,
      "n_val": 153
    },
    "linear": {
      "z": {
        "mae": 0.7211591291571567,
        "rmse": 1.566525215194615,
        "absrel": 0.12545888077619488
      },
      "distance": {
        "mae": 0.7211591291571567,
        "rmse": 1.566525215194615,
        "absrel": 0.12545888077619488
      },
      "n_train": 369,
      "n_val": 153
    },
    "ridge": {
      "z": {
        "mae": 0.6741203119671612,
        "rmse": 1.4318586834179943,
        "absrel": 0.11854235491048147
      },
      "distance": {
        "mae": 0.6741203119671612,
        "rmse": 1.4318586834179943,
        "absrel": 0.11854235491048147
      },
      "n_train": 369,
      "n_val": 153
    },
    "gbr": {
      "z": {
        "mae": 0.4908354722625812,
        "rmse": 1.0640991596016962,
        "absrel": 0.11043817050907478
      },
      "distance": {
        "mae": 0.4908354722625812,
        "rmse": 1.0640991596016962,
        "absrel": 0.11043817050907478
      },
      "n_train": 369,
      "n_val": 153
    },
    "mlp": {
      "z": {
        "mae": 0.691534472134586,
        "rmse": 1.5449963514456162,
        "absrel": 0.15031257382992927
      },
      "distance": {
        "mae": 0.691534472134586,
        "rmse": 1.5449963514456162,
        "absrel": 0.15031257382992927
      },
      "n_train": 369,
      "n_val": 153
    }
  }
}