{
  "eval_labels": "runs\\rawalk_ego_depth_all_step10_m20.eval.csv",
  "eval_preds": "runs\\rawalk_ego_scheme2_eval_preds.csv",
  "calibrator": "runs\\rawalk_ego_scheme2_calibrator.joblib",
  "detector": "runs/yolo/rawalk_yolo11s_960_e20/weights/best.pt",
  "total_gt_persons": 728,
  "matched_persons": 519,
  "match_rate": 0.7129120879120879,
  "raw_distance": {
    "mae_m": 2.5962847357977332,
    "rmse_m": 2.7727238292702743,
    "bias_m": 2.5884104920593125,
    "median_abs_error_m": 2.5217097775557247,
    "within_0_25m_matched": 0.0019267822736030828,
    "within_0_50m_matched": 0.0038535645472061657,
    "within_1_00m_matched": 0.023121387283236993,
    "within_10_percent_matched": 0.0,
    "within_20_percent_matched": 0.0038535645472061657,
    "within_0_25m_all_gt": 0.0013736263736263737,
    "within_0_50m_all_gt": 0.0027472527472527475,
    "within_1_00m_all_gt": 0.016483516483516484
  },
  "calibrated_distance": {
    "mae_m": 0.22003013907875765,
    "rmse_m": 0.3246532671444314,
    "bias_m": -0.02166984895989432,
    "median_abs_error_m": 0.15504466662629168,
    "within_0_25m_matched": 0.7148362235067437,
    "within_0_50m_matched": 0.9075144508670521,
    "within_1_00m_matched": 0.9826589595375722,
    "within_10_percent_matched": 0.7880539499036608,
    "within_20_percent_matched": 0.930635838150289,
    "within_0_25m_all_gt": 0.5096153846153846,
    "within_0_50m_all_gt": 0.646978021978022,
    "within_1_00m_all_gt": 0.7005494505494505
  },
  "raw_z": {
    "mae_m": 2.725120383855122,
    "rmse_m": 2.898868244441606,
    "bias_m": 2.7217370420553446,
    "median_abs_error_m": 2.629787256882831,
    "within_0_25m_matched": 0.0038535645472061657,
    "within_0_50m_matched": 0.0038535645472061657,
    "within_1_00m_matched": 0.015414258188824663,
    "within_10_percent_matched": 0.0038535645472061657,
    "within_20_percent_matched": 0.0038535645472061657,
    "within_0_25m_all_gt": 0.0027472527472527475,
    "within_0_50m_all_gt": 0.0027472527472527475,
    "within_1_00m_all_gt": 0.01098901098901099
  },
  "calibrated_z": {
    "mae_m": 0.20046985976598203,
    "rmse_m": 0.2912544301279155,
    "bias_m": -0.012714103861749334,
    "median_abs_error_m": 0.1386694335578913,
    "within_0_25m_matched": 0.7398843930635838,
    "within_0_50m_matched": 0.9267822736030829,
    "within_1_00m_matched": 0.9922928709055877,
    "within_10_percent_matched": 0.7630057803468208,
    "within_20_percent_matched": 0.9171483622350675,
    "within_0_25m_all_gt": 0.5274725274725275,
    "within_0_50m_all_gt": 0.6607142857142857,
    "within_1_00m_all_gt": 0.7074175824175825
  }
}