{
  "selected": "mlp",
  "all": {
    "raw": {
      "z": {
        "mae": 2.6787353438642145,
        "rmse": 2.845312726870549,
        "absrel": 1.0012417782793497
      },
      "distance": {
        "mae": 2.55457240973578,
        "rmse": 2.724245326655479,
        "absrel": 0.8291531469536343
      },
      "n_train": 1418,
      "n_val": 597
    },
    "scale_bias": {
      "z": {
        "mae": 0.35964863444357237,
        "rmse": 0.5215199606441377,
        "absrel": 0.13861220646757644
      },
      "distance": {
        "mae": 0.3624484051886593,
        "rmse": 0.5287198782017937,
        "absrel": 0.12134809786283643
      },
      "n_train": 1418,
      "n_val": 597
    },
    "linear": {
      "z": {
        "mae": 0.24419139730611117,
        "rmse": 0.3499081043080965,
        "absrel": 0.09597325521152118
      },
      "distance": {
        "mae": 0.2638727067323776,
        "rmse": 0.37204172372547706,
        "absrel": 0.08799188388421263
      },
      "n_train": 1418,
      "n_val": 597
    },
    "ridge": {
      "z": {
        "mae": 0.24469915927175842,
        "rmse": 0.35160660076204686,
        "absrel": 0.09615436914370915
      },
      "distance": {
        "mae": 0.2630324977392529,
        "rmse": 0.37318223639823983,
        "absrel": 0.0875015716667755
      },
      "n_train": 1418,
      "n_val": 597
    },
    "gbr": {
      "z": {
        "mae": 0.21022859249063644,
        "rmse": 0.2897390419259845,
        "absrel": 0.08576699692974786
      },
      "distance": {
        "mae": 0.25578699980663416,
        "rmse": 0.3569434271098777,
        "absrel": 0.08864920042598536
      },
      "n_train": 1418,
      "n_val": 597
    },
    "mlp": {
      "z": {
        "mae": 0.20724446221966888,
        "rmse": 0.28671882970402324,
        "absrel": 0.08094788903414228
      },
      "distance": {
        "mae": 0.22995625658963248,
        "rmse": 0.315604449688912,
        "absrel": 0.07571826199466128
      },
      "n_train": 1418,
      "n_val": 597
    }
  }
}